"","V1","bird","sex","tissue","NYNO","treatment","group"
"L.Blu13_male_gonad_control.NYNO","L.Blu13_male_gonad_control.NYNO","L.Blu13","male","gonad","NYNO","control","male.gonad.control"
"L.Blu13_male_hypothalamus_control.NYNO","L.Blu13_male_hypothalamus_control.NYNO","L.Blu13","male","hypothalamus","NYNO","control","male.hypothalamus.control"
"L.Blu13_male_pituitary_control.NYNO","L.Blu13_male_pituitary_control.NYNO","L.Blu13","male","pituitary","NYNO","control","male.pituitary.control"
"L.G107_male_gonad_control","L.G107_male_gonad_control","L.G107","male","gonad",NA,"control","male.gonad.control"
"L.G107_male_hypothalamus_control","L.G107_male_hypothalamus_control","L.G107","male","hypothalamus",NA,"control","male.hypothalamus.control"
"L.G107_male_pituitary_control","L.G107_male_pituitary_control","L.G107","male","pituitary",NA,"control","male.pituitary.control"
"L.G118_female_gonad_control","L.G118_female_gonad_control","L.G118","female","gonad",NA,"control","female.gonad.control"
"L.G118_female_hypothalamus_control.NYNO","L.G118_female_hypothalamus_control.NYNO","L.G118","female","hypothalamus","NYNO","control","female.hypothalamus.control"
"L.G118_female_pituitary_control.NYNO","L.G118_female_pituitary_control.NYNO","L.G118","female","pituitary","NYNO","control","female.pituitary.control"
"L.R3_male_gonad_control.NYNO","L.R3_male_gonad_control.NYNO","L.R3","male","gonad","NYNO","control","male.gonad.control"
"L.R3_male_hypothalamus_control","L.R3_male_hypothalamus_control","L.R3","male","hypothalamus",NA,"control","male.hypothalamus.control"
"L.R3_male_pituitary_control.NYNO","L.R3_male_pituitary_control.NYNO","L.R3","male","pituitary","NYNO","control","male.pituitary.control"
"L.R8_male_gonad_control","L.R8_male_gonad_control","L.R8","male","gonad",NA,"control","male.gonad.control"
"L.R8_male_hypothalamus_control","L.R8_male_hypothalamus_control","L.R8","male","hypothalamus",NA,"control","male.hypothalamus.control"
"L.R8_male_pituitary_control","L.R8_male_pituitary_control","L.R8","male","pituitary",NA,"control","male.pituitary.control"
"L.W33_male_gonad_control","L.W33_male_gonad_control","L.W33","male","gonad",NA,"control","male.gonad.control"
"L.W33_male_hypothalamus_control.NYNO","L.W33_male_hypothalamus_control.NYNO","L.W33","male","hypothalamus","NYNO","control","male.hypothalamus.control"
"L.W33_male_pituitary_control","L.W33_male_pituitary_control","L.W33","male","pituitary",NA,"control","male.pituitary.control"
"L.W3_male_gonad_control.NYNO","L.W3_male_gonad_control.NYNO","L.W3","male","gonad","NYNO","control","male.gonad.control"
"L.W3_male_hypothalamus_control","L.W3_male_hypothalamus_control","L.W3","male","hypothalamus",NA,"control","male.hypothalamus.control"
"L.W3_male_pituitary_control","L.W3_male_pituitary_control","L.W3","male","pituitary",NA,"control","male.pituitary.control"
"L.W4_male_gonad_control.NYNO","L.W4_male_gonad_control.NYNO","L.W4","male","gonad","NYNO","control","male.gonad.control"
"L.W4_male_hypothalamus_control","L.W4_male_hypothalamus_control","L.W4","male","hypothalamus",NA,"control","male.hypothalamus.control"
"L.W4_male_pituitary_control","L.W4_male_pituitary_control","L.W4","male","pituitary",NA,"control","male.pituitary.control"
"R.G106_female_gonad_control","R.G106_female_gonad_control","R.G106","female","gonad",NA,"control","female.gonad.control"
"R.G106_female_hypothalamus_control","R.G106_female_hypothalamus_control","R.G106","female","hypothalamus",NA,"control","female.hypothalamus.control"
"R.G106_female_pituitary_control","R.G106_female_pituitary_control","R.G106","female","pituitary",NA,"control","female.pituitary.control"
"R.R20_female_gonad_control","R.R20_female_gonad_control","R.R20","female","gonad",NA,"control","female.gonad.control"
"R.R20_female_hypothalamus_control.NYNO","R.R20_female_hypothalamus_control.NYNO","R.R20","female","hypothalamus","NYNO","control","female.hypothalamus.control"
"R.R20_female_pituitary_control","R.R20_female_pituitary_control","R.R20","female","pituitary",NA,"control","female.pituitary.control"
"R.R9_female_gonad_control","R.R9_female_gonad_control","R.R9","female","gonad",NA,"control","female.gonad.control"
"R.R9_female_hypothalamus_control","R.R9_female_hypothalamus_control","R.R9","female","hypothalamus",NA,"control","female.hypothalamus.control"
"R.R9_female_pituitary_control.NYNO","R.R9_female_pituitary_control.NYNO","R.R9","female","pituitary","NYNO","control","female.pituitary.control"
"R.W44_female_gonad_control","R.W44_female_gonad_control","R.W44","female","gonad",NA,"control","female.gonad.control"
"R.W44_female_hypothalamus_control","R.W44_female_hypothalamus_control","R.W44","female","hypothalamus",NA,"control","female.hypothalamus.control"
"R.W44_female_pituitary_control.NYNO","R.W44_female_pituitary_control.NYNO","R.W44","female","pituitary","NYNO","control","female.pituitary.control"
"R.Y108.W29_male_gonad_control","R.Y108.W29_male_gonad_control","R.Y108.W29","male","gonad",NA,"control","male.gonad.control"
"R.Y108.W29_male_hypothalamus_control.NYNO","R.Y108.W29_male_hypothalamus_control.NYNO","R.Y108.W29","male","hypothalamus","NYNO","control","male.hypothalamus.control"
"R.Y108.W29_male_pituitary_control","R.Y108.W29_male_pituitary_control","R.Y108.W29","male","pituitary",NA,"control","male.pituitary.control"
"blk.s061.pu.y_female_gonad_inc.d9","blk.s061.pu.y_female_gonad_inc.d9","blk.s061.pu.y","female","gonad",NA,"inc.d9","female.gonad.inc.d9"
"blk.s061.pu.y_female_hypothalamus_inc.d9","blk.s061.pu.y_female_hypothalamus_inc.d9","blk.s061.pu.y","female","hypothalamus",NA,"inc.d9","female.hypothalamus.inc.d9"
"blk.s061.pu.y_female_pituitary_inc.d9","blk.s061.pu.y_female_pituitary_inc.d9","blk.s061.pu.y","female","pituitary",NA,"inc.d9","female.pituitary.inc.d9"
"blk11.x_female_gonad_bldg","blk11.x_female_gonad_bldg","blk11.x","female","gonad",NA,"bldg","female.gonad.bldg"
"blk11.x_female_hypothalamus_bldg","blk11.x_female_hypothalamus_bldg","blk11.x","female","hypothalamus",NA,"bldg","female.hypothalamus.bldg"
"blk11.x_female_pituitary_bldg","blk11.x_female_pituitary_bldg","blk11.x","female","pituitary",NA,"bldg","female.pituitary.bldg"
"blk12.x_male_gonad_n5","blk12.x_male_gonad_n5","blk12.x","male","gonad",NA,"n5","male.gonad.n5"
"blk12.x_male_hypothalamus_n5.NYNO","blk12.x_male_hypothalamus_n5.NYNO","blk12.x","male","hypothalamus","NYNO","n5","male.hypothalamus.n5"
"blk12.x_male_pituitary_n5","blk12.x_male_pituitary_n5","blk12.x","male","pituitary",NA,"n5","male.pituitary.n5"
"blk17.x_male_gonad_inc.d17","blk17.x_male_gonad_inc.d17","blk17.x","male","gonad",NA,"inc.d17","male.gonad.inc.d17"
"blk17.x_male_hypothalamus_inc.d17","blk17.x_male_hypothalamus_inc.d17","blk17.x","male","hypothalamus",NA,"inc.d17","male.hypothalamus.inc.d17"
"blk17.x_male_pituitary_inc.d17","blk17.x_male_pituitary_inc.d17","blk17.x","male","pituitary",NA,"inc.d17","male.pituitary.inc.d17"
"blk21.x_female_gonad_hatch","blk21.x_female_gonad_hatch","blk21.x","female","gonad",NA,"hatch","female.gonad.hatch"
"blk21.x_female_hypothalamus_hatch","blk21.x_female_hypothalamus_hatch","blk21.x","female","hypothalamus",NA,"hatch","female.hypothalamus.hatch"
"blk21.x_female_pituitary_hatch","blk21.x_female_pituitary_hatch","blk21.x","female","pituitary",NA,"hatch","female.pituitary.hatch"
"blk4.x_female_gonad_n9","blk4.x_female_gonad_n9","blk4.x","female","gonad",NA,"n9","female.gonad.n9"
"blk4.x_female_hypothalamus_n9","blk4.x_female_hypothalamus_n9","blk4.x","female","hypothalamus",NA,"n9","female.hypothalamus.n9"
"blk4.x_female_pituitary_n9","blk4.x_female_pituitary_n9","blk4.x","female","pituitary",NA,"n9","female.pituitary.n9"
"blu.o.x.ATLAS_female_gonad_control","blu.o.x.ATLAS_female_gonad_control","blu.o.x.ATLAS","female","gonad",NA,"control","female.gonad.control"
"blu.o.x.ATLAS_female_hypothalamus_control","blu.o.x.ATLAS_female_hypothalamus_control","blu.o.x.ATLAS","female","hypothalamus",NA,"control","female.hypothalamus.control"
"blu.o.x.ATLAS_female_pituitary_control","blu.o.x.ATLAS_female_pituitary_control","blu.o.x.ATLAS","female","pituitary",NA,"control","female.pituitary.control"
"blu103.x_female_gonad_hatch.NYNO","blu103.x_female_gonad_hatch.NYNO","blu103.x","female","gonad","NYNO","hatch","female.gonad.hatch"
"blu103.x_female_hypothalamus_hatch","blu103.x_female_hypothalamus_hatch","blu103.x","female","hypothalamus",NA,"hatch","female.hypothalamus.hatch"
"blu103.x_female_pituitary_hatch.NYNO","blu103.x_female_pituitary_hatch.NYNO","blu103.x","female","pituitary","NYNO","hatch","female.pituitary.hatch"
"blu104.w120.x_male_gonad_hatch","blu104.w120.x_male_gonad_hatch","blu104.w120.x","male","gonad",NA,"hatch","male.gonad.hatch"
"blu104.w120.x_male_hypothalamus_hatch","blu104.w120.x_male_hypothalamus_hatch","blu104.w120.x","male","hypothalamus",NA,"hatch","male.hypothalamus.hatch"
"blu104.w120.x_male_pituitary_hatch.NYNO","blu104.w120.x_male_pituitary_hatch.NYNO","blu104.w120.x","male","pituitary","NYNO","hatch","male.pituitary.hatch"
"blu108.w40.o158_male_gonad_inc.d9","blu108.w40.o158_male_gonad_inc.d9","blu108.w40.o158","male","gonad",NA,"inc.d9","male.gonad.inc.d9"
"blu108.w40.o158_male_hypothalamus_inc.d9","blu108.w40.o158_male_hypothalamus_inc.d9","blu108.w40.o158","male","hypothalamus",NA,"inc.d9","male.hypothalamus.inc.d9"
"blu108.w40.o158_male_pituitary_inc.d9","blu108.w40.o158_male_pituitary_inc.d9","blu108.w40.o158","male","pituitary",NA,"inc.d9","male.pituitary.inc.d9"
"blu111.w113.x_male_gonad_inc.d3","blu111.w113.x_male_gonad_inc.d3","blu111.w113.x","male","gonad",NA,"inc.d3","male.gonad.inc.d3"
"blu111.w113.x_male_hypothalamus_inc.d3","blu111.w113.x_male_hypothalamus_inc.d3","blu111.w113.x","male","hypothalamus",NA,"inc.d3","male.hypothalamus.inc.d3"
"blu111.w113.x_male_pituitary_inc.d3","blu111.w113.x_male_pituitary_inc.d3","blu111.w113.x","male","pituitary",NA,"inc.d3","male.pituitary.inc.d3"
"blu113.w124.x_male_gonad_inc.d17","blu113.w124.x_male_gonad_inc.d17","blu113.w124.x","male","gonad",NA,"inc.d17","male.gonad.inc.d17"
"blu113.w124.x_male_hypothalamus_inc.d17","blu113.w124.x_male_hypothalamus_inc.d17","blu113.w124.x","male","hypothalamus",NA,"inc.d17","male.hypothalamus.inc.d17"
"blu113.w124.x_male_pituitary_inc.d17.NYNO","blu113.w124.x_male_pituitary_inc.d17.NYNO","blu113.w124.x","male","pituitary","NYNO","inc.d17","male.pituitary.inc.d17"
"blu114.r38.w198_male_gonad_bldg","blu114.r38.w198_male_gonad_bldg","blu114.r38.w198","male","gonad",NA,"bldg","male.gonad.bldg"
"blu114.r38.w198_male_hypothalamus_bldg","blu114.r38.w198_male_hypothalamus_bldg","blu114.r38.w198","male","hypothalamus",NA,"bldg","male.hypothalamus.bldg"
"blu114.r38.w198_male_pituitary_bldg","blu114.r38.w198_male_pituitary_bldg","blu114.r38.w198","male","pituitary",NA,"bldg","male.pituitary.bldg"
"blu121.w91.x_male_gonad_inc.d17","blu121.w91.x_male_gonad_inc.d17","blu121.w91.x","male","gonad",NA,"inc.d17","male.gonad.inc.d17"
"blu121.w91.x_male_hypothalamus_inc.d17","blu121.w91.x_male_hypothalamus_inc.d17","blu121.w91.x","male","hypothalamus",NA,"inc.d17","male.hypothalamus.inc.d17"
"blu121.w91.x_male_pituitary_inc.d17","blu121.w91.x_male_pituitary_inc.d17","blu121.w91.x","male","pituitary",NA,"inc.d17","male.pituitary.inc.d17"
"blu124.w180.x_female_gonad_hatch","blu124.w180.x_female_gonad_hatch","blu124.w180.x","female","gonad",NA,"hatch","female.gonad.hatch"
"blu124.w180.x_female_hypothalamus_hatch","blu124.w180.x_female_hypothalamus_hatch","blu124.w180.x","female","hypothalamus",NA,"hatch","female.hypothalamus.hatch"
"blu124.w180.x_female_pituitary_hatch","blu124.w180.x_female_pituitary_hatch","blu124.w180.x","female","pituitary",NA,"hatch","female.pituitary.hatch"
"blu33.y88.x_male_gonad_bldg","blu33.y88.x_male_gonad_bldg","blu33.y88.x","male","gonad",NA,"bldg","male.gonad.bldg"
"blu33.y88.x_male_hypothalamus_bldg","blu33.y88.x_male_hypothalamus_bldg","blu33.y88.x","male","hypothalamus",NA,"bldg","male.hypothalamus.bldg"
"blu33.y88.x_male_pituitary_bldg","blu33.y88.x_male_pituitary_bldg","blu33.y88.x","male","pituitary",NA,"bldg","male.pituitary.bldg"
"blu36.w16_female_gonad_n9","blu36.w16_female_gonad_n9","blu36.w16","female","gonad",NA,"n9","female.gonad.n9"
"blu36.w16_female_hypothalamus_n9","blu36.w16_female_hypothalamus_n9","blu36.w16","female","hypothalamus",NA,"n9","female.hypothalamus.n9"
"blu36.w16_female_pituitary_n9","blu36.w16_female_pituitary_n9","blu36.w16","female","pituitary",NA,"n9","female.pituitary.n9"
"blu37.r65.x_male_gonad_n5","blu37.r65.x_male_gonad_n5","blu37.r65.x","male","gonad",NA,"n5","male.gonad.n5"
"blu37.r65.x_male_hypothalamus_n5","blu37.r65.x_male_hypothalamus_n5","blu37.r65.x","male","hypothalamus",NA,"n5","male.hypothalamus.n5"
"blu37.r65.x_male_pituitary_n5","blu37.r65.x_male_pituitary_n5","blu37.r65.x","male","pituitary",NA,"n5","male.pituitary.n5"
"blu38.g135.x_female_gonad_bldg","blu38.g135.x_female_gonad_bldg","blu38.g135.x","female","gonad",NA,"bldg","female.gonad.bldg"
"blu38.g135.x_female_hypothalamus_bldg","blu38.g135.x_female_hypothalamus_bldg","blu38.g135.x","female","hypothalamus",NA,"bldg","female.hypothalamus.bldg"
"blu38.g135.x_female_pituitary_bldg","blu38.g135.x_female_pituitary_bldg","blu38.g135.x","female","pituitary",NA,"bldg","female.pituitary.bldg"
"blu39.o26.x_female_gonad_inc.d3","blu39.o26.x_female_gonad_inc.d3","blu39.o26.x","female","gonad",NA,"inc.d3","female.gonad.inc.d3"
"blu39.o26.x_female_hypothalamus_inc.d3.NYNO","blu39.o26.x_female_hypothalamus_inc.d3.NYNO","blu39.o26.x","female","hypothalamus","NYNO","inc.d3","female.hypothalamus.inc.d3"
"blu39.o26.x_female_pituitary_inc.d3.NYNO","blu39.o26.x_female_pituitary_inc.d3.NYNO","blu39.o26.x","female","pituitary","NYNO","inc.d3","female.pituitary.inc.d3"
"blu41.y100.x_male_gonad_n5","blu41.y100.x_male_gonad_n5","blu41.y100.x","male","gonad",NA,"n5","male.gonad.n5"
"blu41.y100.x_male_hypothalamus_n5.NYNO","blu41.y100.x_male_hypothalamus_n5.NYNO","blu41.y100.x","male","hypothalamus","NYNO","n5","male.hypothalamus.n5"
"blu41.y100.x_male_pituitary_n5","blu41.y100.x_male_pituitary_n5","blu41.y100.x","male","pituitary",NA,"n5","male.pituitary.n5"
"blu47.y96.x_female_gonad_inc.d9","blu47.y96.x_female_gonad_inc.d9","blu47.y96.x","female","gonad",NA,"inc.d9","female.gonad.inc.d9"
"blu47.y96.x_female_hypothalamus_inc.d9","blu47.y96.x_female_hypothalamus_inc.d9","blu47.y96.x","female","hypothalamus",NA,"inc.d9","female.hypothalamus.inc.d9"
"blu47.y96.x_female_pituitary_inc.d9","blu47.y96.x_female_pituitary_inc.d9","blu47.y96.x","female","pituitary",NA,"inc.d9","female.pituitary.inc.d9"
"blu55.g51_female_gonad_n5","blu55.g51_female_gonad_n5","blu55.g51","female","gonad",NA,"n5","female.gonad.n5"
"blu55.g51_female_hypothalamus_n5","blu55.g51_female_hypothalamus_n5","blu55.g51","female","hypothalamus",NA,"n5","female.hypothalamus.n5"
"blu55.g51_female_pituitary_n5","blu55.g51_female_pituitary_n5","blu55.g51","female","pituitary",NA,"n5","female.pituitary.n5"
"blu81.r88_male_gonad_n9","blu81.r88_male_gonad_n9","blu81.r88","male","gonad",NA,"n9","male.gonad.n9"
"blu81.r88_male_hypothalamus_n9","blu81.r88_male_hypothalamus_n9","blu81.r88","male","hypothalamus",NA,"n9","male.hypothalamus.n9"
"blu81.r88_male_pituitary_n9","blu81.r88_male_pituitary_n9","blu81.r88","male","pituitary",NA,"n9","male.pituitary.n9"
"d.s008.y.blk_male_gonad_n5","d.s008.y.blk_male_gonad_n5","d.s008.y.blk","male","gonad",NA,"n5","male.gonad.n5"
"d.s008.y.blk_male_hypothalamus_n5","d.s008.y.blk_male_hypothalamus_n5","d.s008.y.blk","male","hypothalamus",NA,"n5","male.hypothalamus.n5"
"d.s008.y.blk_male_pituitary_n5","d.s008.y.blk_male_pituitary_n5","d.s008.y.blk","male","pituitary",NA,"n5","male.pituitary.n5"
"d.s047.blk.o_male_gonad_n5","d.s047.blk.o_male_gonad_n5","d.s047.blk.o","male","gonad",NA,"n5","male.gonad.n5"
"d.s047.blk.o_male_hypothalamus_n5","d.s047.blk.o_male_hypothalamus_n5","d.s047.blk.o","male","hypothalamus",NA,"n5","male.hypothalamus.n5"
"d.s047.blk.o_male_pituitary_n5","d.s047.blk.o_male_pituitary_n5","d.s047.blk.o","male","pituitary",NA,"n5","male.pituitary.n5"
"g.blk.s004.pk_female_gonad_lay","g.blk.s004.pk_female_gonad_lay","g.blk.s004.pk","female","gonad",NA,"lay","female.gonad.lay"
"g.blk.s004.pk_female_hypothalamus_lay","g.blk.s004.pk_female_hypothalamus_lay","g.blk.s004.pk","female","hypothalamus",NA,"lay","female.hypothalamus.lay"
"g.blk.s004.pk_female_pituitary_lay","g.blk.s004.pk_female_pituitary_lay","g.blk.s004.pk","female","pituitary",NA,"lay","female.pituitary.lay"
"g.s.blk.d_male_gonad_n9","g.s.blk.d_male_gonad_n9","g.s.blk.d","male","gonad",NA,"n9","male.gonad.n9"
"g.s.blk.d_male_hypothalamus_n9","g.s.blk.d_male_hypothalamus_n9","g.s.blk.d","male","hypothalamus",NA,"n9","male.hypothalamus.n9"
"g.s.blk.d_male_pituitary_n9","g.s.blk.d_male_pituitary_n9","g.s.blk.d","male","pituitary",NA,"n9","male.pituitary.n9"
"g.s.blk.y_male_gonad_lay","g.s.blk.y_male_gonad_lay","g.s.blk.y","male","gonad",NA,"lay","male.gonad.lay"
"g.s.blk.y_male_hypothalamus_lay","g.s.blk.y_male_hypothalamus_lay","g.s.blk.y","male","hypothalamus",NA,"lay","male.hypothalamus.lay"
"g.s.blk.y_male_pituitary_lay","g.s.blk.y_male_pituitary_lay","g.s.blk.y","male","pituitary",NA,"lay","male.pituitary.lay"
"g.s043.pu.blk_male_gonad_lay","g.s043.pu.blk_male_gonad_lay","g.s043.pu.blk","male","gonad",NA,"lay","male.gonad.lay"
"g.s043.pu.blk_male_hypothalamus_lay","g.s043.pu.blk_male_hypothalamus_lay","g.s043.pu.blk","male","hypothalamus",NA,"lay","male.hypothalamus.lay"
"g.s043.pu.blk_male_pituitary_lay","g.s043.pu.blk_male_pituitary_lay","g.s043.pu.blk","male","pituitary",NA,"lay","male.pituitary.lay"
"g.s078.blk.o_female_gonad_lay","g.s078.blk.o_female_gonad_lay","g.s078.blk.o","female","gonad",NA,"lay","female.gonad.lay"
"g.s078.blk.o_female_hypothalamus_lay","g.s078.blk.o_female_hypothalamus_lay","g.s078.blk.o","female","hypothalamus",NA,"lay","female.hypothalamus.lay"
"g.s078.blk.o_female_pituitary_lay","g.s078.blk.o_female_pituitary_lay","g.s078.blk.o","female","pituitary",NA,"lay","female.pituitary.lay"
"g.x.ATLAS_female_gonad_control","g.x.ATLAS_female_gonad_control","g.x.ATLAS","female","gonad",NA,"control","female.gonad.control"
"g104.w82.x_male_gonad_bldg","g104.w82.x_male_gonad_bldg","g104.w82.x","male","gonad",NA,"bldg","male.gonad.bldg"
"g104.w82.x_male_hypothalamus_bldg","g104.w82.x_male_hypothalamus_bldg","g104.w82.x","male","hypothalamus",NA,"bldg","male.hypothalamus.bldg"
"g104.w82.x_male_pituitary_bldg","g104.w82.x_male_pituitary_bldg","g104.w82.x","male","pituitary",NA,"bldg","male.pituitary.bldg"
"g114.w83.x_male_gonad_hatch.NYNO","g114.w83.x_male_gonad_hatch.NYNO","g114.w83.x","male","gonad","NYNO","hatch","male.gonad.hatch"
"g114.w83.x_male_hypothalamus_hatch","g114.w83.x_male_hypothalamus_hatch","g114.w83.x","male","hypothalamus",NA,"hatch","male.hypothalamus.hatch"
"g114.w83.x_male_pituitary_hatch.NYNO","g114.w83.x_male_pituitary_hatch.NYNO","g114.w83.x","male","pituitary","NYNO","hatch","male.pituitary.hatch"
"g130.y81.x_male_gonad_inc.d17","g130.y81.x_male_gonad_inc.d17","g130.y81.x","male","gonad",NA,"inc.d17","male.gonad.inc.d17"
"g130.y81.x_male_hypothalamus_inc.d17","g130.y81.x_male_hypothalamus_inc.d17","g130.y81.x","male","hypothalamus",NA,"inc.d17","male.hypothalamus.inc.d17"
"g130.y81.x_male_pituitary_inc.d17","g130.y81.x_male_pituitary_inc.d17","g130.y81.x","male","pituitary",NA,"inc.d17","male.pituitary.inc.d17"
"g141.blu27.x_female_gonad_bldg","g141.blu27.x_female_gonad_bldg","g141.blu27.x","female","gonad",NA,"bldg","female.gonad.bldg"
"g141.blu27.x_female_hypothalamus_bldg","g141.blu27.x_female_hypothalamus_bldg","g141.blu27.x","female","hypothalamus",NA,"bldg","female.hypothalamus.bldg"
"g141.blu27.x_female_pituitary_bldg","g141.blu27.x_female_pituitary_bldg","g141.blu27.x","female","pituitary",NA,"bldg","female.pituitary.bldg"
"g142.r40.x_female_gonad_inc.d17","g142.r40.x_female_gonad_inc.d17","g142.r40.x","female","gonad",NA,"inc.d17","female.gonad.inc.d17"
"g142.r40.x_female_hypothalamus_inc.d17","g142.r40.x_female_hypothalamus_inc.d17","g142.r40.x","female","hypothalamus",NA,"inc.d17","female.hypothalamus.inc.d17"
"g142.r40.x_female_pituitary_inc.d17","g142.r40.x_female_pituitary_inc.d17","g142.r40.x","female","pituitary",NA,"inc.d17","female.pituitary.inc.d17"
"g143.blu32.x_male_gonad_inc.d17","g143.blu32.x_male_gonad_inc.d17","g143.blu32.x","male","gonad",NA,"inc.d17","male.gonad.inc.d17"
"g143.blu32.x_male_hypothalamus_inc.d17","g143.blu32.x_male_hypothalamus_inc.d17","g143.blu32.x","male","hypothalamus",NA,"inc.d17","male.hypothalamus.inc.d17"
"g143.blu32.x_male_pituitary_inc.d17","g143.blu32.x_male_pituitary_inc.d17","g143.blu32.x","male","pituitary",NA,"inc.d17","male.pituitary.inc.d17"
"g146.blu51_male_gonad_inc.d3","g146.blu51_male_gonad_inc.d3","g146.blu51","male","gonad",NA,"inc.d3","male.gonad.inc.d3"
"g146.blu51_male_hypothalamus_inc.d3.NYNO","g146.blu51_male_hypothalamus_inc.d3.NYNO","g146.blu51","male","hypothalamus","NYNO","inc.d3","male.hypothalamus.inc.d3"
"g146.blu51_male_pituitary_inc.d3","g146.blu51_male_pituitary_inc.d3","g146.blu51","male","pituitary",NA,"inc.d3","male.pituitary.inc.d3"
"g20.w106.x_male_gonad_inc.d3","g20.w106.x_male_gonad_inc.d3","g20.w106.x","male","gonad",NA,"inc.d3","male.gonad.inc.d3"
"g20.w106.x_male_hypothalamus_inc.d3","g20.w106.x_male_hypothalamus_inc.d3","g20.w106.x","male","hypothalamus",NA,"inc.d3","male.hypothalamus.inc.d3"
"g20.w106.x_male_pituitary_inc.d3","g20.w106.x_male_pituitary_inc.d3","g20.w106.x","male","pituitary",NA,"inc.d3","male.pituitary.inc.d3"
"g52.blu58_male_gonad_bldg","g52.blu58_male_gonad_bldg","g52.blu58","male","gonad",NA,"bldg","male.gonad.bldg"
"g52.blu58_male_hypothalamus_bldg","g52.blu58_male_hypothalamus_bldg","g52.blu58","male","hypothalamus",NA,"bldg","male.hypothalamus.bldg"
"g52.blu58_male_pituitary_bldg","g52.blu58_male_pituitary_bldg","g52.blu58","male","pituitary",NA,"bldg","male.pituitary.bldg"
"g53.y84_male_gonad_hatch","g53.y84_male_gonad_hatch","g53.y84","male","gonad",NA,"hatch","male.gonad.hatch"
"g53.y84_male_hypothalamus_hatch","g53.y84_male_hypothalamus_hatch","g53.y84","male","hypothalamus",NA,"hatch","male.hypothalamus.hatch"
"g53.y84_male_pituitary_hatch","g53.y84_male_pituitary_hatch","g53.y84","male","pituitary",NA,"hatch","male.pituitary.hatch"
"g6.w197.x_female_gonad_inc.d3","g6.w197.x_female_gonad_inc.d3","g6.w197.x","female","gonad",NA,"inc.d3","female.gonad.inc.d3"
"g6.w197.x_female_hypothalamus_inc.d3","g6.w197.x_female_hypothalamus_inc.d3","g6.w197.x","female","hypothalamus",NA,"inc.d3","female.hypothalamus.inc.d3"
"g6.w197.x_female_pituitary_inc.d3","g6.w197.x_female_pituitary_inc.d3","g6.w197.x","female","pituitary",NA,"inc.d3","female.pituitary.inc.d3"
"g75.x_female_gonad_inc.d9","g75.x_female_gonad_inc.d9","g75.x","female","gonad",NA,"inc.d9","female.gonad.inc.d9"
"g75.x_female_hypothalamus_inc.d9","g75.x_female_hypothalamus_inc.d9","g75.x","female","hypothalamus",NA,"inc.d9","female.hypothalamus.inc.d9"
"g75.x_female_pituitary_inc.d9","g75.x_female_pituitary_inc.d9","g75.x","female","pituitary",NA,"inc.d9","female.pituitary.inc.d9"
"l.s120.y.blk_female_gonad_bldg","l.s120.y.blk_female_gonad_bldg","l.s120.y.blk","female","gonad",NA,"bldg","female.gonad.bldg"
"l.s120.y.blk_female_hypothalamus_bldg","l.s120.y.blk_female_hypothalamus_bldg","l.s120.y.blk","female","hypothalamus",NA,"bldg","female.hypothalamus.bldg"
"l.s120.y.blk_female_pituitary_bldg","l.s120.y.blk_female_pituitary_bldg","l.s120.y.blk","female","pituitary",NA,"bldg","female.pituitary.bldg"
"o.s.w.r_male_gonad_lay","o.s.w.r_male_gonad_lay","o.s.w.r","male","gonad",NA,"lay","male.gonad.lay"
"o.s.w.r_male_hypothalamus_lay","o.s.w.r_male_hypothalamus_lay","o.s.w.r","male","hypothalamus",NA,"lay","male.hypothalamus.lay"
"o.s.w.r_male_pituitary_lay","o.s.w.r_male_pituitary_lay","o.s.w.r","male","pituitary",NA,"lay","male.pituitary.lay"
"o152.o120.w42_male_gonad_n5","o152.o120.w42_male_gonad_n5","o152.o120.w42","male","gonad",NA,"n5","male.gonad.n5"
"o152.o120.w42_male_hypothalamus_n5","o152.o120.w42_male_hypothalamus_n5","o152.o120.w42","male","hypothalamus",NA,"n5","male.hypothalamus.n5"
"o152.o120.w42_male_pituitary_n5","o152.o120.w42_male_pituitary_n5","o152.o120.w42","male","pituitary",NA,"n5","male.pituitary.n5"
"o156.w80.x_female_gonad_inc.d3","o156.w80.x_female_gonad_inc.d3","o156.w80.x","female","gonad",NA,"inc.d3","female.gonad.inc.d3"
"o156.w80.x_female_hypothalamus_inc.d3","o156.w80.x_female_hypothalamus_inc.d3","o156.w80.x","female","hypothalamus",NA,"inc.d3","female.hypothalamus.inc.d3"
"o156.w80.x_female_pituitary_inc.d3","o156.w80.x_female_pituitary_inc.d3","o156.w80.x","female","pituitary",NA,"inc.d3","female.pituitary.inc.d3"
"o165.w122.x_female_gonad_inc.d3.NYNO","o165.w122.x_female_gonad_inc.d3.NYNO","o165.w122.x","female","gonad","NYNO","inc.d3","female.gonad.inc.d3"
"o165.w122.x_female_hypothalamus_inc.d3","o165.w122.x_female_hypothalamus_inc.d3","o165.w122.x","female","hypothalamus",NA,"inc.d3","female.hypothalamus.inc.d3"
"o165.w122.x_female_pituitary_inc.d3.NYNO","o165.w122.x_female_pituitary_inc.d3.NYNO","o165.w122.x","female","pituitary","NYNO","inc.d3","female.pituitary.inc.d3"
"o172.w115.x_female_gonad_hatch","o172.w115.x_female_gonad_hatch","o172.w115.x","female","gonad",NA,"hatch","female.gonad.hatch"
"o172.w115.x_female_hypothalamus_hatch","o172.w115.x_female_hypothalamus_hatch","o172.w115.x","female","hypothalamus",NA,"hatch","female.hypothalamus.hatch"
"o172.w115.x_female_pituitary_hatch.NYNO","o172.w115.x_female_pituitary_hatch.NYNO","o172.w115.x","female","pituitary","NYNO","hatch","female.pituitary.hatch"
"o173.w179.x_female_gonad_inc.d3","o173.w179.x_female_gonad_inc.d3","o173.w179.x","female","gonad",NA,"inc.d3","female.gonad.inc.d3"
"o173.w179.x_female_hypothalamus_inc.d3","o173.w179.x_female_hypothalamus_inc.d3","o173.w179.x","female","hypothalamus",NA,"inc.d3","female.hypothalamus.inc.d3"
"o173.w179.x_female_pituitary_inc.d3","o173.w179.x_female_pituitary_inc.d3","o173.w179.x","female","pituitary",NA,"inc.d3","female.pituitary.inc.d3"
"o35.r51.x_female_gonad_inc.d17","o35.r51.x_female_gonad_inc.d17","o35.r51.x","female","gonad",NA,"inc.d17","female.gonad.inc.d17"
"o35.r51.x_female_hypothalamus_inc.d17","o35.r51.x_female_hypothalamus_inc.d17","o35.r51.x","female","hypothalamus",NA,"inc.d17","female.hypothalamus.inc.d17"
"o35.r51.x_female_pituitary_inc.d17","o35.r51.x_female_pituitary_inc.d17","o35.r51.x","female","pituitary",NA,"inc.d17","female.pituitary.inc.d17"
"o38.blu29.x_female_gonad_bldg","o38.blu29.x_female_gonad_bldg","o38.blu29.x","female","gonad",NA,"bldg","female.gonad.bldg"
"o38.blu29.x_female_hypothalamus_bldg","o38.blu29.x_female_hypothalamus_bldg","o38.blu29.x","female","hypothalamus",NA,"bldg","female.hypothalamus.bldg"
"o38.blu29.x_female_pituitary_bldg","o38.blu29.x_female_pituitary_bldg","o38.blu29.x","female","pituitary",NA,"bldg","female.pituitary.bldg"
"o39.y77.x_male_gonad_hatch","o39.y77.x_male_gonad_hatch","o39.y77.x","male","gonad",NA,"hatch","male.gonad.hatch"
"o39.y77.x_male_hypothalamus_hatch","o39.y77.x_male_hypothalamus_hatch","o39.y77.x","male","hypothalamus",NA,"hatch","male.hypothalamus.hatch"
"o39.y77.x_male_pituitary_hatch","o39.y77.x_male_pituitary_hatch","o39.y77.x","male","pituitary",NA,"hatch","male.pituitary.hatch"
"o44.blu26.x_male_gonad_hatch","o44.blu26.x_male_gonad_hatch","o44.blu26.x","male","gonad",NA,"hatch","male.gonad.hatch"
"o44.blu26.x_male_hypothalamus_hatch","o44.blu26.x_male_hypothalamus_hatch","o44.blu26.x","male","hypothalamus",NA,"hatch","male.hypothalamus.hatch"
"o44.blu26.x_male_pituitary_hatch","o44.blu26.x_male_pituitary_hatch","o44.blu26.x","male","pituitary",NA,"hatch","male.pituitary.hatch"
"o48.r197.x_male_gonad_inc.d3","o48.r197.x_male_gonad_inc.d3","o48.r197.x","male","gonad",NA,"inc.d3","male.gonad.inc.d3"
"o48.r197.x_male_hypothalamus_inc.d3","o48.r197.x_male_hypothalamus_inc.d3","o48.r197.x","male","hypothalamus",NA,"inc.d3","male.hypothalamus.inc.d3"
"o48.r197.x_male_pituitary_inc.d3","o48.r197.x_male_pituitary_inc.d3","o48.r197.x","male","pituitary",NA,"inc.d3","male.pituitary.inc.d3"
"o49.x_male_gonad_inc.d9","o49.x_male_gonad_inc.d9","o49.x","male","gonad",NA,"inc.d9","male.gonad.inc.d9"
"o49.x_male_hypothalamus_inc.d9","o49.x_male_hypothalamus_inc.d9","o49.x","male","hypothalamus",NA,"inc.d9","male.hypothalamus.inc.d9"
"o49.x_male_pituitary_inc.d9","o49.x_male_pituitary_inc.d9","o49.x","male","pituitary",NA,"inc.d9","male.pituitary.inc.d9"
"o52.blu53_female_gonad_inc.d17","o52.blu53_female_gonad_inc.d17","o52.blu53","female","gonad",NA,"inc.d17","female.gonad.inc.d17"
"o52.blu53_female_hypothalamus_inc.d17","o52.blu53_female_hypothalamus_inc.d17","o52.blu53","female","hypothalamus",NA,"inc.d17","female.hypothalamus.inc.d17"
"o52.blu53_female_pituitary_inc.d17","o52.blu53_female_pituitary_inc.d17","o52.blu53","female","pituitary",NA,"inc.d17","female.pituitary.inc.d17"
"o57.g59_male_gonad_inc.d9","o57.g59_male_gonad_inc.d9","o57.g59","male","gonad",NA,"inc.d9","male.gonad.inc.d9"
"o57.g59_male_hypothalamus_inc.d9","o57.g59_male_hypothalamus_inc.d9","o57.g59","male","hypothalamus",NA,"inc.d9","male.hypothalamus.inc.d9"
"o57.g59_male_pituitary_inc.d9","o57.g59_male_pituitary_inc.d9","o57.g59","male","pituitary",NA,"inc.d9","male.pituitary.inc.d9"
"o73.x_female_gonad_inc.d9","o73.x_female_gonad_inc.d9","o73.x","female","gonad",NA,"inc.d9","female.gonad.inc.d9"
"o73.x_female_hypothalamus_inc.d9","o73.x_female_hypothalamus_inc.d9","o73.x","female","hypothalamus",NA,"inc.d9","female.hypothalamus.inc.d9"
"o73.x_female_pituitary_inc.d9","o73.x_female_pituitary_inc.d9","o73.x","female","pituitary",NA,"inc.d9","female.pituitary.inc.d9"
"pk.s238.blk.w_male_gonad_lay","pk.s238.blk.w_male_gonad_lay","pk.s238.blk.w","male","gonad",NA,"lay","male.gonad.lay"
"pk.s238.blk.w_male_hypothalamus_lay","pk.s238.blk.w_male_hypothalamus_lay","pk.s238.blk.w","male","hypothalamus",NA,"lay","male.hypothalamus.lay"
"pk.s238.blk.w_male_pituitary_lay","pk.s238.blk.w_male_pituitary_lay","pk.s238.blk.w","male","pituitary",NA,"lay","male.pituitary.lay"
"pk.w.s141.o_male_gonad_lay","pk.w.s141.o_male_gonad_lay","pk.w.s141.o","male","gonad",NA,"lay","male.gonad.lay"
"pk.w.s141.o_male_hypothalamus_lay","pk.w.s141.o_male_hypothalamus_lay","pk.w.s141.o","male","hypothalamus",NA,"lay","male.hypothalamus.lay"
"pk.w.s141.o_male_pituitary_lay","pk.w.s141.o_male_pituitary_lay","pk.w.s141.o","male","pituitary",NA,"lay","male.pituitary.lay"
"r.r.x.ATLAS.R2XR_female_gonad_control","r.r.x.ATLAS.R2XR_female_gonad_control","r.r.x.ATLAS.R2XR","female","gonad",NA,"control","female.gonad.control"
"r.r.x.ATLAS.R2XR_female_hypothalamus_control","r.r.x.ATLAS.R2XR_female_hypothalamus_control","r.r.x.ATLAS.R2XR","female","hypothalamus",NA,"control","female.hypothalamus.control"
"r.r.x.ATLAS.R2XR_female_pituitary_control","r.r.x.ATLAS.R2XR_female_pituitary_control","r.r.x.ATLAS.R2XR","female","pituitary",NA,"control","female.pituitary.control"
"r.r.x.ATLAS_female_gonad_control","r.r.x.ATLAS_female_gonad_control","r.r.x.ATLAS","female","gonad",NA,"control","female.gonad.control"
"r.r.x.ATLAS_female_hypothalamus_control","r.r.x.ATLAS_female_hypothalamus_control","r.r.x.ATLAS","female","hypothalamus",NA,"control","female.hypothalamus.control"
"r.r.x.ATLAS_female_pituitary_control","r.r.x.ATLAS_female_pituitary_control","r.r.x.ATLAS","female","pituitary",NA,"control","female.pituitary.control"
"r.s005.pk.blk_male_gonad_lay","r.s005.pk.blk_male_gonad_lay","r.s005.pk.blk","male","gonad",NA,"lay","male.gonad.lay"
"r.s005.pk.blk_male_hypothalamus_lay","r.s005.pk.blk_male_hypothalamus_lay","r.s005.pk.blk","male","hypothalamus",NA,"lay","male.hypothalamus.lay"
"r.s005.pk.blk_male_pituitary_lay","r.s005.pk.blk_male_pituitary_lay","r.s005.pk.blk","male","pituitary",NA,"lay","male.pituitary.lay"
"r.s056.g.o_female_gonad_bldg","r.s056.g.o_female_gonad_bldg","r.s056.g.o","female","gonad",NA,"bldg","female.gonad.bldg"
"r.s056.g.o_female_hypothalamus_bldg","r.s056.g.o_female_hypothalamus_bldg","r.s056.g.o","female","hypothalamus",NA,"bldg","female.hypothalamus.bldg"
"r.s056.g.o_female_pituitary_bldg","r.s056.g.o_female_pituitary_bldg","r.s056.g.o","female","pituitary",NA,"bldg","female.pituitary.bldg"
"r.s059.d.o_male_gonad_bldg","r.s059.d.o_male_gonad_bldg","r.s059.d.o","male","gonad",NA,"bldg","male.gonad.bldg"
"r.s059.d.o_male_hypothalamus_bldg","r.s059.d.o_male_hypothalamus_bldg","r.s059.d.o","male","hypothalamus",NA,"bldg","male.hypothalamus.bldg"
"r.s059.d.o_male_pituitary_bldg","r.s059.d.o_male_pituitary_bldg","r.s059.d.o","male","pituitary",NA,"bldg","male.pituitary.bldg"
"r.s116.blk.pu_male_gonad_lay","r.s116.blk.pu_male_gonad_lay","r.s116.blk.pu","male","gonad",NA,"lay","male.gonad.lay"
"r.s116.blk.pu_male_hypothalamus_lay","r.s116.blk.pu_male_hypothalamus_lay","r.s116.blk.pu","male","hypothalamus",NA,"lay","male.hypothalamus.lay"
"r.s116.blk.pu_male_pituitary_lay","r.s116.blk.pu_male_pituitary_lay","r.s116.blk.pu","male","pituitary",NA,"lay","male.pituitary.lay"
"r.s171.l.w_female_gonad_n9","r.s171.l.w_female_gonad_n9","r.s171.l.w","female","gonad",NA,"n9","female.gonad.n9"
"r.s171.l.w_female_hypothalamus_n9","r.s171.l.w_female_hypothalamus_n9","r.s171.l.w","female","hypothalamus",NA,"n9","female.hypothalamus.n9"
"r.s171.l.w_female_pituitary_n9","r.s171.l.w_female_pituitary_n9","r.s171.l.w","female","pituitary",NA,"n9","female.pituitary.n9"
"r.y.s007.blk_male_gonad_n9","r.y.s007.blk_male_gonad_n9","r.y.s007.blk","male","gonad",NA,"n9","male.gonad.n9"
"r.y.s007.blk_male_hypothalamus_n9","r.y.s007.blk_male_hypothalamus_n9","r.y.s007.blk","male","hypothalamus",NA,"n9","male.hypothalamus.n9"
"r.y.s007.blk_male_pituitary_n9","r.y.s007.blk_male_pituitary_n9","r.y.s007.blk","male","pituitary",NA,"n9","male.pituitary.n9"
"r176.blu54_male_gonad_inc.d17","r176.blu54_male_gonad_inc.d17","r176.blu54","male","gonad",NA,"inc.d17","male.gonad.inc.d17"
"r176.blu54_male_hypothalamus_inc.d17","r176.blu54_male_hypothalamus_inc.d17","r176.blu54","male","hypothalamus",NA,"inc.d17","male.hypothalamus.inc.d17"
"r176.blu54_male_pituitary_inc.d17","r176.blu54_male_pituitary_inc.d17","r176.blu54","male","pituitary",NA,"inc.d17","male.pituitary.inc.d17"
"r183.o22_female_gonad_hatch","r183.o22_female_gonad_hatch","r183.o22","female","gonad",NA,"hatch","female.gonad.hatch"
"r183.o22_female_hypothalamus_hatch","r183.o22_female_hypothalamus_hatch","r183.o22","female","hypothalamus",NA,"hatch","female.hypothalamus.hatch"
"r183.o22_female_pituitary_hatch","r183.o22_female_pituitary_hatch","r183.o22","female","pituitary",NA,"hatch","female.pituitary.hatch"
"r190.o43.x_male_gonad_lay","r190.o43.x_male_gonad_lay","r190.o43.x","male","gonad",NA,"lay","male.gonad.lay"
"r190.o43.x_male_hypothalamus_lay","r190.o43.x_male_hypothalamus_lay","r190.o43.x","male","hypothalamus",NA,"lay","male.hypothalamus.lay"
"r190.o43.x_male_pituitary_lay","r190.o43.x_male_pituitary_lay","r190.o43.x","male","pituitary",NA,"lay","male.pituitary.lay"
"r195.x_male_gonad_n9","r195.x_male_gonad_n9","r195.x","male","gonad",NA,"n9","male.gonad.n9"
"r195.x_male_hypothalamus_n9","r195.x_male_hypothalamus_n9","r195.x","male","hypothalamus",NA,"n9","male.hypothalamus.n9"
"r195.x_male_pituitary_n9","r195.x_male_pituitary_n9","r195.x","male","pituitary",NA,"n9","male.pituitary.n9"
"r27.w111.blu125_female_gonad_inc.d3","r27.w111.blu125_female_gonad_inc.d3","r27.w111.blu125","female","gonad",NA,"inc.d3","female.gonad.inc.d3"
"r27.w111.blu125_female_hypothalamus_inc.d3","r27.w111.blu125_female_hypothalamus_inc.d3","r27.w111.blu125","female","hypothalamus",NA,"inc.d3","female.hypothalamus.inc.d3"
"r27.w111.blu125_female_pituitary_inc.d3","r27.w111.blu125_female_pituitary_inc.d3","r27.w111.blu125","female","pituitary",NA,"inc.d3","female.pituitary.inc.d3"
"r30.w112.r46_female_gonad_inc.d9","r30.w112.r46_female_gonad_inc.d9","r30.w112.r46","female","gonad",NA,"inc.d9","female.gonad.inc.d9"
"r30.w112.r46_female_hypothalamus_inc.d9","r30.w112.r46_female_hypothalamus_inc.d9","r30.w112.r46","female","hypothalamus",NA,"inc.d9","female.hypothalamus.inc.d9"
"r30.w112.r46_female_pituitary_inc.d9","r30.w112.r46_female_pituitary_inc.d9","r30.w112.r46","female","pituitary",NA,"inc.d9","female.pituitary.inc.d9"
"r36.w184.x_female_gonad_inc.d9","r36.w184.x_female_gonad_inc.d9","r36.w184.x","female","gonad",NA,"inc.d9","female.gonad.inc.d9"
"r36.w184.x_female_hypothalamus_inc.d9","r36.w184.x_female_hypothalamus_inc.d9","r36.w184.x","female","hypothalamus",NA,"inc.d9","female.hypothalamus.inc.d9"
"r36.w184.x_female_pituitary_inc.d9","r36.w184.x_female_pituitary_inc.d9","r36.w184.x","female","pituitary",NA,"inc.d9","female.pituitary.inc.d9"
"r37.w100.x_male_gonad_n9","r37.w100.x_male_gonad_n9","r37.w100.x","male","gonad",NA,"n9","male.gonad.n9"
"r37.w100.x_male_hypothalamus_n9","r37.w100.x_male_hypothalamus_n9","r37.w100.x","male","hypothalamus",NA,"n9","male.hypothalamus.n9"
"r37.w100.x_male_pituitary_n9","r37.w100.x_male_pituitary_n9","r37.w100.x","male","pituitary",NA,"n9","male.pituitary.n9"
"r41.w99.x_male_gonad_hatch","r41.w99.x_male_gonad_hatch","r41.w99.x","male","gonad",NA,"hatch","male.gonad.hatch"
"r41.w99.x_male_hypothalamus_hatch","r41.w99.x_male_hypothalamus_hatch","r41.w99.x","male","hypothalamus",NA,"hatch","male.hypothalamus.hatch"
"r41.w99.x_male_pituitary_hatch","r41.w99.x_male_pituitary_hatch","r41.w99.x","male","pituitary",NA,"hatch","male.pituitary.hatch"
"r45.X_male_gonad_inc.d9","r45.X_male_gonad_inc.d9","r45.X","male","gonad",NA,"inc.d9","male.gonad.inc.d9"
"r45.X_male_pituitary_inc.d9","r45.X_male_pituitary_inc.d9","r45.X","male","pituitary",NA,"inc.d9","male.pituitary.inc.d9"
"r45.x_male_hypothalamus_inc.d9","r45.x_male_hypothalamus_inc.d9","r45.x","male","hypothalamus",NA,"inc.d9","male.hypothalamus.inc.d9"
"r49.w189.x_female_gonad_inc.d17","r49.w189.x_female_gonad_inc.d17","r49.w189.x","female","gonad",NA,"inc.d17","female.gonad.inc.d17"
"r49.w189.x_female_hypothalamus_inc.d17","r49.w189.x_female_hypothalamus_inc.d17","r49.w189.x","female","hypothalamus",NA,"inc.d17","female.hypothalamus.inc.d17"
"r49.w189.x_female_pituitary_inc.d17","r49.w189.x_female_pituitary_inc.d17","r49.w189.x","female","pituitary",NA,"inc.d17","female.pituitary.inc.d17"
"r6.x_female_gonad_control.NYNO","r6.x_female_gonad_control.NYNO","r6.x","female","gonad","NYNO","control","female.gonad.control"
"r6.x_female_hypothalamus_control.NYNO","r6.x_female_hypothalamus_control.NYNO","r6.x","female","hypothalamus","NYNO","control","female.hypothalamus.control"
"r6.x_female_pituitary_control","r6.x_female_pituitary_control","r6.x","female","pituitary",NA,"control","female.pituitary.control"
"r72.y83.x_male_gonad_hatch","r72.y83.x_male_gonad_hatch","r72.y83.x","male","gonad",NA,"hatch","male.gonad.hatch"
"r72.y83.x_male_hypothalamus_hatch","r72.y83.x_male_hypothalamus_hatch","r72.y83.x","male","hypothalamus",NA,"hatch","male.hypothalamus.hatch"
"r72.y83.x_male_pituitary_hatch","r72.y83.x_male_pituitary_hatch","r72.y83.x","male","pituitary",NA,"hatch","male.pituitary.hatch"
"r73.g127.x_female_gonad_inc.d3","r73.g127.x_female_gonad_inc.d3","r73.g127.x","female","gonad",NA,"inc.d3","female.gonad.inc.d3"
"r73.g127.x_female_hypothalamus_inc.d3","r73.g127.x_female_hypothalamus_inc.d3","r73.g127.x","female","hypothalamus",NA,"inc.d3","female.hypothalamus.inc.d3"
"r73.g127.x_female_pituitary_inc.d3","r73.g127.x_female_pituitary_inc.d3","r73.g127.x","female","pituitary",NA,"inc.d3","female.pituitary.inc.d3"
"r83.g45_female_gonad_bldg","r83.g45_female_gonad_bldg","r83.g45","female","gonad",NA,"bldg","female.gonad.bldg"
"r83.g45_female_hypothalamus_bldg","r83.g45_female_hypothalamus_bldg","r83.g45","female","hypothalamus",NA,"bldg","female.hypothalamus.bldg"
"r83.g45_female_pituitary_bldg","r83.g45_female_pituitary_bldg","r83.g45","female","pituitary",NA,"bldg","female.pituitary.bldg"
"r95.blu99_female_gonad_n9","r95.blu99_female_gonad_n9","r95.blu99","female","gonad",NA,"n9","female.gonad.n9"
"r95.blu99_female_hypothalamus_n9","r95.blu99_female_hypothalamus_n9","r95.blu99","female","hypothalamus",NA,"n9","female.hypothalamus.n9"
"r95.blu99_female_pituitary_n9","r95.blu99_female_pituitary_n9","r95.blu99","female","pituitary",NA,"n9","female.pituitary.n9"
"s.o.pk_female_gonad_lay","s.o.pk_female_gonad_lay","s.o.pk","female","gonad",NA,"lay","female.gonad.lay"
"s.o.pk_female_hypothalamus_lay","s.o.pk_female_hypothalamus_lay","s.o.pk","female","hypothalamus",NA,"lay","female.hypothalamus.lay"
"s.o.pk_female_pituitary_lay","s.o.pk_female_pituitary_lay","s.o.pk","female","pituitary",NA,"lay","female.pituitary.lay"
"s.pu148.blk.r_male_gonad_bldg","s.pu148.blk.r_male_gonad_bldg","s.pu148.blk.r","male","gonad",NA,"bldg","male.gonad.bldg"
"s.pu148.blk.r_male_hypothalamus_bldg","s.pu148.blk.r_male_hypothalamus_bldg","s.pu148.blk.r","male","hypothalamus",NA,"bldg","male.hypothalamus.bldg"
"s.pu148.blk.r_male_pituitary_bldg","s.pu148.blk.r_male_pituitary_bldg","s.pu148.blk.r","male","pituitary",NA,"bldg","male.pituitary.bldg"
"s.x.ATLAS_female_gonad_control","s.x.ATLAS_female_gonad_control","s.x.ATLAS","female","gonad",NA,"control","female.gonad.control"
"s.x.ATLAS_female_hypothalamus_control","s.x.ATLAS_female_hypothalamus_control","s.x.ATLAS","female","hypothalamus",NA,"control","female.hypothalamus.control"
"s.x.ATLAS_female_pituitary_control","s.x.ATLAS_female_pituitary_control","s.x.ATLAS","female","pituitary",NA,"control","female.pituitary.control"
"s063.d.blk.l_female_gonad_bldg","s063.d.blk.l_female_gonad_bldg","s063.d.blk.l","female","gonad",NA,"bldg","female.gonad.bldg"
"s063.d.blk.l_female_hypothalamus_bldg","s063.d.blk.l_female_hypothalamus_bldg","s063.d.blk.l","female","hypothalamus",NA,"bldg","female.hypothalamus.bldg"
"s063.d.blk.l_female_pituitary_bldg","s063.d.blk.l_female_pituitary_bldg","s063.d.blk.l","female","pituitary",NA,"bldg","female.pituitary.bldg"
"s065.l.d.o_male_gonad_bldg","s065.l.d.o_male_gonad_bldg","s065.l.d.o","male","gonad",NA,"bldg","male.gonad.bldg"
"s065.l.d.o_male_hypothalamus_bldg","s065.l.d.o_male_hypothalamus_bldg","s065.l.d.o","male","hypothalamus",NA,"bldg","male.hypothalamus.bldg"
"s065.l.d.o_male_pituitary_bldg","s065.l.d.o_male_pituitary_bldg","s065.l.d.o","male","pituitary",NA,"bldg","male.pituitary.bldg"
"s066.l.d.r_male_gonad_bldg","s066.l.d.r_male_gonad_bldg","s066.l.d.r","male","gonad",NA,"bldg","male.gonad.bldg"
"s066.l.d.r_male_hypothalamus_bldg","s066.l.d.r_male_hypothalamus_bldg","s066.l.d.r","male","hypothalamus",NA,"bldg","male.hypothalamus.bldg"
"s066.l.d.r_male_pituitary_bldg","s066.l.d.r_male_pituitary_bldg","s066.l.d.r","male","pituitary",NA,"bldg","male.pituitary.bldg"
"s092.blk.r.o_female_gonad_bldg","s092.blk.r.o_female_gonad_bldg","s092.blk.r.o","female","gonad",NA,"bldg","female.gonad.bldg"
"s092.blk.r.o_female_hypothalamus_bldg","s092.blk.r.o_female_hypothalamus_bldg","s092.blk.r.o","female","hypothalamus",NA,"bldg","female.hypothalamus.bldg"
"s092.blk.r.o_female_pituitary_bldg","s092.blk.r.o_female_pituitary_bldg","s092.blk.r.o","female","pituitary",NA,"bldg","female.pituitary.bldg"
"s095.g.blk.o_female_gonad_lay","s095.g.blk.o_female_gonad_lay","s095.g.blk.o","female","gonad",NA,"lay","female.gonad.lay"
"s095.g.blk.o_female_hypothalamus_lay","s095.g.blk.o_female_hypothalamus_lay","s095.g.blk.o","female","hypothalamus",NA,"lay","female.hypothalamus.lay"
"s095.g.blk.o_female_pituitary_lay","s095.g.blk.o_female_pituitary_lay","s095.g.blk.o","female","pituitary",NA,"lay","female.pituitary.lay"
"s136.d.w.o_female_gonad_lay","s136.d.w.o_female_gonad_lay","s136.d.w.o","female","gonad",NA,"lay","female.gonad.lay"
"s136.d.w.o_female_hypothalamus_lay","s136.d.w.o_female_hypothalamus_lay","s136.d.w.o","female","hypothalamus",NA,"lay","female.hypothalamus.lay"
"s136.d.w.o_female_pituitary_lay","s136.d.w.o_female_pituitary_lay","s136.d.w.o","female","pituitary",NA,"lay","female.pituitary.lay"
"s142.o.pk.pu_female_gonad_lay","s142.o.pk.pu_female_gonad_lay","s142.o.pk.pu","female","gonad",NA,"lay","female.gonad.lay"
"s142.o.pk.pu_female_hypothalamus_lay","s142.o.pk.pu_female_hypothalamus_lay","s142.o.pk.pu","female","hypothalamus",NA,"lay","female.hypothalamus.lay"
"s142.o.pk.pu_female_pituitary_lay","s142.o.pk.pu_female_pituitary_lay","s142.o.pk.pu","female","pituitary",NA,"lay","female.pituitary.lay"
"s150.w.g.blk_male_gonad_lay","s150.w.g.blk_male_gonad_lay","s150.w.g.blk","male","gonad",NA,"lay","male.gonad.lay"
"s150.w.g.blk_male_hypothalamus_lay","s150.w.g.blk_male_hypothalamus_lay","s150.w.g.blk","male","hypothalamus",NA,"lay","male.hypothalamus.lay"
"s150.w.g.blk_male_pituitary_lay","s150.w.g.blk_male_pituitary_lay","s150.w.g.blk","male","pituitary",NA,"lay","male.pituitary.lay"
"s176.blk.pu.r_female_gonad_lay","s176.blk.pu.r_female_gonad_lay","s176.blk.pu.r","female","gonad",NA,"lay","female.gonad.lay"
"s176.blk.pu.r_female_hypothalamus_lay","s176.blk.pu.r_female_hypothalamus_lay","s176.blk.pu.r","female","hypothalamus",NA,"lay","female.hypothalamus.lay"
"s176.blk.pu.r_female_pituitary_lay","s176.blk.pu.r_female_pituitary_lay","s176.blk.pu.r","female","pituitary",NA,"lay","female.pituitary.lay"
"s187.l.o.r_male_gonad_n9","s187.l.o.r_male_gonad_n9","s187.l.o.r","male","gonad",NA,"n9","male.gonad.n9"
"s187.l.o.r_male_hypothalamus_n9","s187.l.o.r_male_hypothalamus_n9","s187.l.o.r","male","hypothalamus",NA,"n9","male.hypothalamus.n9"
"s187.l.o.r_male_pituitary_n9","s187.l.o.r_male_pituitary_n9","s187.l.o.r","male","pituitary",NA,"n9","male.pituitary.n9"
"s243.blk.pk.r_male_gonad_lay","s243.blk.pk.r_male_gonad_lay","s243.blk.pk.r","male","gonad",NA,"lay","male.gonad.lay"
"s243.blk.pk.r_male_hypothalamus_lay","s243.blk.pk.r_male_hypothalamus_lay","s243.blk.pk.r","male","hypothalamus",NA,"lay","male.hypothalamus.lay"
"s243.blk.pk.r_male_pituitary_lay","s243.blk.pk.r_male_pituitary_lay","s243.blk.pk.r","male","pituitary",NA,"lay","male.pituitary.lay"
"w191.r1_female_gonad_control","w191.r1_female_gonad_control","w191.r1","female","gonad",NA,"control","female.gonad.control"
"w191.r1_female_hypothalamus_control","w191.r1_female_hypothalamus_control","w191.r1","female","hypothalamus",NA,"control","female.hypothalamus.control"
"w191.r1_female_pituitary_control","w191.r1_female_pituitary_control","w191.r1","female","pituitary",NA,"control","female.pituitary.control"
"w34.x_male_gonad_inc.d9","w34.x_male_gonad_inc.d9","w34.x","male","gonad",NA,"inc.d9","male.gonad.inc.d9"
"w34.x_male_hypothalamus_inc.d9","w34.x_male_hypothalamus_inc.d9","w34.x","male","hypothalamus",NA,"inc.d9","male.hypothalamus.inc.d9"
"w34.x_male_pituitary_inc.d9","w34.x_male_pituitary_inc.d9","w34.x","male","pituitary",NA,"inc.d9","male.pituitary.inc.d9"
"x.blk.blk.ATLAS_male_gonad_control","x.blk.blk.ATLAS_male_gonad_control","x.blk.blk.ATLAS","male","gonad",NA,"control","male.gonad.control"
"x.blk.blk.ATLAS_male_hypothalamus_control","x.blk.blk.ATLAS_male_hypothalamus_control","x.blk.blk.ATLAS","male","hypothalamus",NA,"control","male.hypothalamus.control"
"x.blk.blk.ATLAS_male_pituitary_control","x.blk.blk.ATLAS_male_pituitary_control","x.blk.blk.ATLAS","male","pituitary",NA,"control","male.pituitary.control"
"x.blk16_male_gonad_n9.NYNO","x.blk16_male_gonad_n9.NYNO","x.blk16","male","gonad","NYNO","n9","male.gonad.n9"
"x.blk16_male_hypothalamus_n9.NYNO","x.blk16_male_hypothalamus_n9.NYNO","x.blk16","male","hypothalamus","NYNO","n9","male.hypothalamus.n9"
"x.blk16_male_pituitary_n9","x.blk16_male_pituitary_n9","x.blk16","male","pituitary",NA,"n9","male.pituitary.n9"
"x.blu.o.ATLAS_male_pituitary_control","x.blu.o.ATLAS_male_pituitary_control","x.blu.o.ATLAS","male","pituitary",NA,"control","male.pituitary.control"
"x.blu101.w43_female_gonad_inc.d9","x.blu101.w43_female_gonad_inc.d9","x.blu101.w43","female","gonad",NA,"inc.d9","female.gonad.inc.d9"
"x.blu101.w43_female_hypothalamus_inc.d9","x.blu101.w43_female_hypothalamus_inc.d9","x.blu101.w43","female","hypothalamus",NA,"inc.d9","female.hypothalamus.inc.d9"
"x.blu101.w43_female_pituitary_inc.d9","x.blu101.w43_female_pituitary_inc.d9","x.blu101.w43","female","pituitary",NA,"inc.d9","female.pituitary.inc.d9"
"x.blu102.w105_female_gonad_inc.d3","x.blu102.w105_female_gonad_inc.d3","x.blu102.w105","female","gonad",NA,"inc.d3","female.gonad.inc.d3"
"x.blu102.w105_female_hypothalamus_inc.d3","x.blu102.w105_female_hypothalamus_inc.d3","x.blu102.w105","female","hypothalamus",NA,"inc.d3","female.hypothalamus.inc.d3"
"x.blu102.w105_female_pituitary_inc.d3","x.blu102.w105_female_pituitary_inc.d3","x.blu102.w105","female","pituitary",NA,"inc.d3","female.pituitary.inc.d3"
"x.blu106.o153_male_gonad_inc.d9.NYNO","x.blu106.o153_male_gonad_inc.d9.NYNO","x.blu106.o153","male","gonad","NYNO","inc.d9","male.gonad.inc.d9"
"x.blu106.o153_male_hypothalamus_inc.d9","x.blu106.o153_male_hypothalamus_inc.d9","x.blu106.o153","male","hypothalamus",NA,"inc.d9","male.hypothalamus.inc.d9"
"x.blu106.o153_male_pituitary_inc.d9.NYNO","x.blu106.o153_male_pituitary_inc.d9.NYNO","x.blu106.o153","male","pituitary","NYNO","inc.d9","male.pituitary.inc.d9"
"x.blu109.w121_female_gonad_n5","x.blu109.w121_female_gonad_n5","x.blu109.w121","female","gonad",NA,"n5","female.gonad.n5"
"x.blu109.w121_female_hypothalamus_n5","x.blu109.w121_female_hypothalamus_n5","x.blu109.w121","female","hypothalamus",NA,"n5","female.hypothalamus.n5"
"x.blu109.w121_female_pituitary_n5","x.blu109.w121_female_pituitary_n5","x.blu109.w121","female","pituitary",NA,"n5","female.pituitary.n5"
"x.blu116.w107_female_gonad_inc.d17","x.blu116.w107_female_gonad_inc.d17","x.blu116.w107","female","gonad",NA,"inc.d17","female.gonad.inc.d17"
"x.blu116.w107_female_hypothalamus_inc.d17","x.blu116.w107_female_hypothalamus_inc.d17","x.blu116.w107","female","hypothalamus",NA,"inc.d17","female.hypothalamus.inc.d17"
"x.blu116.w107_female_pituitary_inc.d17.NYNO","x.blu116.w107_female_pituitary_inc.d17.NYNO","x.blu116.w107","female","pituitary","NYNO","inc.d17","female.pituitary.inc.d17"
"x.blu117.w89_male_gonad_inc.d17","x.blu117.w89_male_gonad_inc.d17","x.blu117.w89","male","gonad",NA,"inc.d17","male.gonad.inc.d17"
"x.blu117.w89_male_hypothalamus_inc.d17","x.blu117.w89_male_hypothalamus_inc.d17","x.blu117.w89","male","hypothalamus",NA,"inc.d17","male.hypothalamus.inc.d17"
"x.blu117.w89_male_pituitary_inc.d17","x.blu117.w89_male_pituitary_inc.d17","x.blu117.w89","male","pituitary",NA,"inc.d17","male.pituitary.inc.d17"
"x.blu122.r66_female_gonad_inc.d9","x.blu122.r66_female_gonad_inc.d9","x.blu122.r66","female","gonad",NA,"inc.d9","female.gonad.inc.d9"
"x.blu122.r66_female_hypothalamus_inc.d9","x.blu122.r66_female_hypothalamus_inc.d9","x.blu122.r66","female","hypothalamus",NA,"inc.d9","female.hypothalamus.inc.d9"
"x.blu122.r66_female_pituitary_inc.d9","x.blu122.r66_female_pituitary_inc.d9","x.blu122.r66","female","pituitary",NA,"inc.d9","female.pituitary.inc.d9"
"x.blu23.w14_male_gonad_n9","x.blu23.w14_male_gonad_n9","x.blu23.w14","male","gonad",NA,"n9","male.gonad.n9"
"x.blu23.w14_male_hypothalamus_n9","x.blu23.w14_male_hypothalamus_n9","x.blu23.w14","male","hypothalamus",NA,"n9","male.hypothalamus.n9"
"x.blu23.w14_male_pituitary_n9","x.blu23.w14_male_pituitary_n9","x.blu23.w14","male","pituitary",NA,"n9","male.pituitary.n9"
"x.blu30_male_gonad_n5","x.blu30_male_gonad_n5","x.blu30","male","gonad",NA,"n5","male.gonad.n5"
"x.blu30_male_hypothalamus_n5","x.blu30_male_hypothalamus_n5","x.blu30","male","hypothalamus",NA,"n5","male.hypothalamus.n5"
"x.blu30_male_pituitary_n5","x.blu30_male_pituitary_n5","x.blu30","male","pituitary",NA,"n5","male.pituitary.n5"
"x.blu42.o28_male_gonad_inc.d3","x.blu42.o28_male_gonad_inc.d3","x.blu42.o28","male","gonad",NA,"inc.d3","male.gonad.inc.d3"
"x.blu42.o28_male_hypothalamus_inc.d3.NYNO","x.blu42.o28_male_hypothalamus_inc.d3.NYNO","x.blu42.o28","male","hypothalamus","NYNO","inc.d3","male.hypothalamus.inc.d3"
"x.blu42.o28_male_pituitary_inc.d3","x.blu42.o28_male_pituitary_inc.d3","x.blu42.o28","male","pituitary",NA,"inc.d3","male.pituitary.inc.d3"
"x.blu43.g132_female_gonad_n9","x.blu43.g132_female_gonad_n9","x.blu43.g132","female","gonad",NA,"n9","female.gonad.n9"
"x.blu43.g132_female_hypothalamus_n9","x.blu43.g132_female_hypothalamus_n9","x.blu43.g132","female","hypothalamus",NA,"n9","female.hypothalamus.n9"
"x.blu43.g132_female_pituitary_n9","x.blu43.g132_female_pituitary_n9","x.blu43.g132","female","pituitary",NA,"n9","female.pituitary.n9"
"x.blu6.y80_female_gonad_lay","x.blu6.y80_female_gonad_lay","x.blu6.y80","female","gonad",NA,"lay","female.gonad.lay"
"x.blu6.y80_female_hypothalamus_lay","x.blu6.y80_female_hypothalamus_lay","x.blu6.y80","female","hypothalamus",NA,"lay","female.hypothalamus.lay"
"x.blu6.y80_female_pituitary_lay","x.blu6.y80_female_pituitary_lay","x.blu6.y80","female","pituitary",NA,"lay","female.pituitary.lay"
"x.g.ATLAS_male_gonad_control","x.g.ATLAS_male_gonad_control","x.g.ATLAS","male","gonad",NA,"control","male.gonad.control"
"x.g.ATLAS_male_hypothalamus_control","x.g.ATLAS_male_hypothalamus_control","x.g.ATLAS","male","hypothalamus",NA,"control","male.hypothalamus.control"
"x.g.ATLAS_male_pituitary_control","x.g.ATLAS_male_pituitary_control","x.g.ATLAS","male","pituitary",NA,"control","male.pituitary.control"
"x.g.g.ATLAS_female_gonad_control","x.g.g.ATLAS_female_gonad_control","x.g.g.ATLAS","female","gonad",NA,"control","female.gonad.control"
"x.g.g.ATLAS_male_gonad_control","x.g.g.ATLAS_male_gonad_control","x.g.g.ATLAS","male","gonad",NA,"control","male.gonad.control"
"x.g.g.ATLAS_male_hypothalamus_control","x.g.g.ATLAS_male_hypothalamus_control","x.g.g.ATLAS","male","hypothalamus",NA,"control","male.hypothalamus.control"
"x.g.g.ATLAS_male_pituitary_control","x.g.g.ATLAS_male_pituitary_control","x.g.g.ATLAS","male","pituitary",NA,"control","male.pituitary.control"
"x.g.g.g.ATLAS_male_gonad_control","x.g.g.g.ATLAS_male_gonad_control","x.g.g.g.ATLAS","male","gonad",NA,"control","male.gonad.control"
"x.g.g.g.ATLAS_male_pituitary_control","x.g.g.g.ATLAS_male_pituitary_control","x.g.g.g.ATLAS","male","pituitary",NA,"control","male.pituitary.control"
"x.g13.w109_male_gonad_inc.d9","x.g13.w109_male_gonad_inc.d9","x.g13.w109","male","gonad",NA,"inc.d9","male.gonad.inc.d9"
"x.g13.w109_male_hypothalamus_inc.d9","x.g13.w109_male_hypothalamus_inc.d9","x.g13.w109","male","hypothalamus",NA,"inc.d9","male.hypothalamus.inc.d9"
"x.g13.w109_male_pituitary_inc.d9","x.g13.w109_male_pituitary_inc.d9","x.g13.w109","male","pituitary",NA,"inc.d9","male.pituitary.inc.d9"
"x.g14.w199_male_gonad_inc.d17","x.g14.w199_male_gonad_inc.d17","x.g14.w199","male","gonad",NA,"inc.d17","male.gonad.inc.d17"
"x.g14.w199_male_hypothalamus_inc.d17","x.g14.w199_male_hypothalamus_inc.d17","x.g14.w199","male","hypothalamus",NA,"inc.d17","male.hypothalamus.inc.d17"
"x.g14.w199_male_pituitary_inc.d17","x.g14.w199_male_pituitary_inc.d17","x.g14.w199","male","pituitary",NA,"inc.d17","male.pituitary.inc.d17"
"x.g147.blu28_male_gonad_inc.d3","x.g147.blu28_male_gonad_inc.d3","x.g147.blu28","male","gonad",NA,"inc.d3","male.gonad.inc.d3"
"x.g147.blu28_male_hypothalamus_inc.d3","x.g147.blu28_male_hypothalamus_inc.d3","x.g147.blu28","male","hypothalamus",NA,"inc.d3","male.hypothalamus.inc.d3"
"x.g147.blu28_male_pituitary_inc.d3","x.g147.blu28_male_pituitary_inc.d3","x.g147.blu28","male","pituitary",NA,"inc.d3","male.pituitary.inc.d3"
"x.g37_female_gonad_n5","x.g37_female_gonad_n5","x.g37","female","gonad",NA,"n5","female.gonad.n5"
"x.g37_female_hypothalamus_n5","x.g37_female_hypothalamus_n5","x.g37","female","hypothalamus",NA,"n5","female.hypothalamus.n5"
"x.g37_female_pituitary_n5","x.g37_female_pituitary_n5","x.g37","female","pituitary",NA,"n5","female.pituitary.n5"
"x.g4.w50_female_gonad_n9","x.g4.w50_female_gonad_n9","x.g4.w50","female","gonad",NA,"n9","female.gonad.n9"
"x.g4.w50_female_hypothalamus_n9","x.g4.w50_female_hypothalamus_n9","x.g4.w50","female","hypothalamus",NA,"n9","female.hypothalamus.n9"
"x.g4.w50_female_pituitary_n9","x.g4.w50_female_pituitary_n9","x.g4.w50","female","pituitary",NA,"n9","female.pituitary.n9"
"x.g43_female_gonad_n5","x.g43_female_gonad_n5","x.g43","female","gonad",NA,"n5","female.gonad.n5"
"x.g43_female_hypothalamus_n5","x.g43_female_hypothalamus_n5","x.g43","female","hypothalamus",NA,"n5","female.hypothalamus.n5"
"x.g43_female_pituitary_n5","x.g43_female_pituitary_n5","x.g43","female","pituitary",NA,"n5","female.pituitary.n5"
"x.g49_female_gonad_n5","x.g49_female_gonad_n5","x.g49","female","gonad",NA,"n5","female.gonad.n5"
"x.g49_female_hypothalamus_n5","x.g49_female_hypothalamus_n5","x.g49","female","hypothalamus",NA,"n5","female.hypothalamus.n5"
"x.g49_female_pituitary_n5.NYNO","x.g49_female_pituitary_n5.NYNO","x.g49","female","pituitary","NYNO","n5","female.pituitary.n5"
"x.g70_male_gonad_hatch","x.g70_male_gonad_hatch","x.g70","male","gonad",NA,"hatch","male.gonad.hatch"
"x.g70_male_hypothalamus_hatch","x.g70_male_hypothalamus_hatch","x.g70","male","hypothalamus",NA,"hatch","male.hypothalamus.hatch"
"x.g70_male_pituitary_hatch","x.g70_male_pituitary_hatch","x.g70","male","pituitary",NA,"hatch","male.pituitary.hatch"
"x.g9.o166_female_gonad_inc.d9.NYNO","x.g9.o166_female_gonad_inc.d9.NYNO","x.g9.o166","female","gonad","NYNO","inc.d9","female.gonad.inc.d9"
"x.g9.o166_female_hypothalamus_inc.d9","x.g9.o166_female_hypothalamus_inc.d9","x.g9.o166","female","hypothalamus",NA,"inc.d9","female.hypothalamus.inc.d9"
"x.g9.o166_female_pituitary_inc.d9.NYNO","x.g9.o166_female_pituitary_inc.d9.NYNO","x.g9.o166","female","pituitary","NYNO","inc.d9","female.pituitary.inc.d9"
"x.o159.w90_female_gonad_inc.d17","x.o159.w90_female_gonad_inc.d17","x.o159.w90","female","gonad",NA,"inc.d17","female.gonad.inc.d17"
"x.o159.w90_female_hypothalamus_inc.d17","x.o159.w90_female_hypothalamus_inc.d17","x.o159.w90","female","hypothalamus",NA,"inc.d17","female.hypothalamus.inc.d17"
"x.o159.w90_female_pituitary_inc.d17","x.o159.w90_female_pituitary_inc.d17","x.o159.w90","female","pituitary",NA,"inc.d17","female.pituitary.inc.d17"
"x.o160.w102_male_gonad_hatch","x.o160.w102_male_gonad_hatch","x.o160.w102","male","gonad",NA,"hatch","male.gonad.hatch"
"x.o160.w102_male_hypothalamus_hatch","x.o160.w102_male_hypothalamus_hatch","x.o160.w102","male","hypothalamus",NA,"hatch","male.hypothalamus.hatch"
"x.o160.w102_male_pituitary_hatch","x.o160.w102_male_pituitary_hatch","x.o160.w102","male","pituitary",NA,"hatch","male.pituitary.hatch"
"x.o163.w101_male_gonad_inc.d3","x.o163.w101_male_gonad_inc.d3","x.o163.w101","male","gonad",NA,"inc.d3","male.gonad.inc.d3"
"x.o163.w101_male_hypothalamus_inc.d3","x.o163.w101_male_hypothalamus_inc.d3","x.o163.w101","male","hypothalamus",NA,"inc.d3","male.hypothalamus.inc.d3"
"x.o163.w101_male_pituitary_inc.d3.NYNO","x.o163.w101_male_pituitary_inc.d3.NYNO","x.o163.w101","male","pituitary","NYNO","inc.d3","male.pituitary.inc.d3"
"x.o164.w123_male_gonad_n5","x.o164.w123_male_gonad_n5","x.o164.w123","male","gonad",NA,"n5","male.gonad.n5"
"x.o164.w123_male_hypothalamus_n5","x.o164.w123_male_hypothalamus_n5","x.o164.w123","male","hypothalamus",NA,"n5","male.hypothalamus.n5"
"x.o164.w123_male_pituitary_n5.NYNO","x.o164.w123_male_pituitary_n5.NYNO","x.o164.w123","male","pituitary","NYNO","n5","male.pituitary.n5"
"x.o175.g21_female_gonad_n5","x.o175.g21_female_gonad_n5","x.o175.g21","female","gonad",NA,"n5","female.gonad.n5"
"x.o175.g21_female_hypothalamus_n5","x.o175.g21_female_hypothalamus_n5","x.o175.g21","female","hypothalamus",NA,"n5","female.hypothalamus.n5"
"x.o175.g21_female_pituitary_n5","x.o175.g21_female_pituitary_n5","x.o175.g21","female","pituitary",NA,"n5","female.pituitary.n5"
"x.o2_male_gonad_n9","x.o2_male_gonad_n9","x.o2","male","gonad",NA,"n9","male.gonad.n9"
"x.o2_male_hypothalamus_n9","x.o2_male_hypothalamus_n9","x.o2","male","hypothalamus",NA,"n9","male.hypothalamus.n9"
"x.o2_male_pituitary_n9","x.o2_male_pituitary_n9","x.o2","male","pituitary",NA,"n9","male.pituitary.n9"
"x.o30.g134_male_gonad_bldg","x.o30.g134_male_gonad_bldg","x.o30.g134","male","gonad",NA,"bldg","male.gonad.bldg"
"x.o30.g134_male_hypothalamus_bldg","x.o30.g134_male_hypothalamus_bldg","x.o30.g134","male","hypothalamus",NA,"bldg","male.hypothalamus.bldg"
"x.o30.g134_male_pituitary_bldg","x.o30.g134_male_pituitary_bldg","x.o30.g134","male","pituitary",NA,"bldg","male.pituitary.bldg"
"x.o37.blu50_female_gonad_hatch","x.o37.blu50_female_gonad_hatch","x.o37.blu50","female","gonad",NA,"hatch","female.gonad.hatch"
"x.o37.blu50_female_hypothalamus_hatch.NYNO","x.o37.blu50_female_hypothalamus_hatch.NYNO","x.o37.blu50","female","hypothalamus","NYNO","hatch","female.hypothalamus.hatch"
"x.o37.blu50_female_pituitary_hatch","x.o37.blu50_female_pituitary_hatch","x.o37.blu50","female","pituitary",NA,"hatch","female.pituitary.hatch"
"x.o47.y82_male_gonad_inc.d9","x.o47.y82_male_gonad_inc.d9","x.o47.y82","male","gonad",NA,"inc.d9","male.gonad.inc.d9"
"x.o47.y82_male_hypothalamus_inc.d9","x.o47.y82_male_hypothalamus_inc.d9","x.o47.y82","male","hypothalamus",NA,"inc.d9","male.hypothalamus.inc.d9"
"x.o47.y82_male_pituitary_inc.d9","x.o47.y82_male_pituitary_inc.d9","x.o47.y82","male","pituitary",NA,"inc.d9","male.pituitary.inc.d9"
"x.o68_male_gonad_n5","x.o68_male_gonad_n5","x.o68","male","gonad",NA,"n5","male.gonad.n5"
"x.o68_male_hypothalamus_n5","x.o68_male_hypothalamus_n5","x.o68","male","hypothalamus",NA,"n5","male.hypothalamus.n5"
"x.o68_male_pituitary_n5","x.o68_male_pituitary_n5","x.o68","male","pituitary",NA,"n5","male.pituitary.n5"
"x.o70_female_gonad_n5","x.o70_female_gonad_n5","x.o70","female","gonad",NA,"n5","female.gonad.n5"
"x.o70_female_hypothalamus_n5.NYNO","x.o70_female_hypothalamus_n5.NYNO","x.o70","female","hypothalamus","NYNO","n5","female.hypothalamus.n5"
"x.o70_female_pituitary_n5","x.o70_female_pituitary_n5","x.o70","female","pituitary",NA,"n5","female.pituitary.n5"
"x.r178_male_gonad_hatch","x.r178_male_gonad_hatch","x.r178","male","gonad",NA,"hatch","male.gonad.hatch"
"x.r178_male_hypothalamus_hatch","x.r178_male_hypothalamus_hatch","x.r178","male","hypothalamus",NA,"hatch","male.hypothalamus.hatch"
"x.r178_male_pituitary_hatch","x.r178_male_pituitary_hatch","x.r178","male","pituitary",NA,"hatch","male.pituitary.hatch"
"x.r181_male_gonad_n5","x.r181_male_gonad_n5","x.r181","male","gonad",NA,"n5","male.gonad.n5"
"x.r181_male_hypothalamus_n5","x.r181_male_hypothalamus_n5","x.r181","male","hypothalamus",NA,"n5","male.hypothalamus.n5"
"x.r181_male_pituitary_n5","x.r181_male_pituitary_n5","x.r181","male","pituitary",NA,"n5","male.pituitary.n5"
"x.r29.w96_male_gonad_inc.d17","x.r29.w96_male_gonad_inc.d17","x.r29.w96","male","gonad",NA,"inc.d17","male.gonad.inc.d17"
"x.r29.w96_male_hypothalamus_inc.d17","x.r29.w96_male_hypothalamus_inc.d17","x.r29.w96","male","hypothalamus",NA,"inc.d17","male.hypothalamus.inc.d17"
"x.r29.w96_male_pituitary_inc.d17","x.r29.w96_male_pituitary_inc.d17","x.r29.w96","male","pituitary",NA,"inc.d17","male.pituitary.inc.d17"
"x.r33.w183_female_gonad_inc.d3","x.r33.w183_female_gonad_inc.d3","x.r33.w183","female","gonad",NA,"inc.d3","female.gonad.inc.d3"
"x.r33.w183_female_hypothalamus_inc.d3","x.r33.w183_female_hypothalamus_inc.d3","x.r33.w183","female","hypothalamus",NA,"inc.d3","female.hypothalamus.inc.d3"
"x.r33.w183_female_pituitary_inc.d3","x.r33.w183_female_pituitary_inc.d3","x.r33.w183","female","pituitary",NA,"inc.d3","female.pituitary.inc.d3"
"x.r39.g10_female_gonad_bldg","x.r39.g10_female_gonad_bldg","x.r39.g10","female","gonad",NA,"bldg","female.gonad.bldg"
"x.r39.g10_female_hypothalamus_bldg","x.r39.g10_female_hypothalamus_bldg","x.r39.g10","female","hypothalamus",NA,"bldg","female.hypothalamus.bldg"
"x.r39.g10_female_pituitary_bldg","x.r39.g10_female_pituitary_bldg","x.r39.g10","female","pituitary",NA,"bldg","female.pituitary.bldg"
"x.r44.w95_female_gonad_hatch","x.r44.w95_female_gonad_hatch","x.r44.w95","female","gonad",NA,"hatch","female.gonad.hatch"
"x.r44.w95_female_hypothalamus_hatch","x.r44.w95_female_hypothalamus_hatch","x.r44.w95","female","hypothalamus",NA,"hatch","female.hypothalamus.hatch"
"x.r44.w95_female_pituitary_hatch","x.r44.w95_female_pituitary_hatch","x.r44.w95","female","pituitary",NA,"hatch","female.pituitary.hatch"
"x.r48.y139_female_gonad_inc.d17","x.r48.y139_female_gonad_inc.d17","x.r48.y139","female","gonad",NA,"inc.d17","female.gonad.inc.d17"
"x.r48.y139_female_hypothalamus_inc.d17","x.r48.y139_female_hypothalamus_inc.d17","x.r48.y139","female","hypothalamus",NA,"inc.d17","female.hypothalamus.inc.d17"
"x.r48.y139_female_pituitary_inc.d17.NYNO","x.r48.y139_female_pituitary_inc.d17.NYNO","x.r48.y139","female","pituitary","NYNO","inc.d17","female.pituitary.inc.d17"
"x.r50.w97_female_gonad_n5","x.r50.w97_female_gonad_n5","x.r50.w97","female","gonad",NA,"n5","female.gonad.n5"
"x.r50.w97_female_hypothalamus_n5","x.r50.w97_female_hypothalamus_n5","x.r50.w97","female","hypothalamus",NA,"n5","female.hypothalamus.n5"
"x.r50.w97_female_pituitary_n5","x.r50.w97_female_pituitary_n5","x.r50.w97","female","pituitary",NA,"n5","female.pituitary.n5"
"x.r64.g140_male_gonad_inc.d3","x.r64.g140_male_gonad_inc.d3","x.r64.g140","male","gonad",NA,"inc.d3","male.gonad.inc.d3"
"x.r64.g140_male_hypothalamus_inc.d3","x.r64.g140_male_hypothalamus_inc.d3","x.r64.g140","male","hypothalamus",NA,"inc.d3","male.hypothalamus.inc.d3"
"x.r64.g140_male_pituitary_inc.d3","x.r64.g140_male_pituitary_inc.d3","x.r64.g140","male","pituitary",NA,"inc.d3","male.pituitary.inc.d3"
"x.r67.blu35_male_gonad_bldg","x.r67.blu35_male_gonad_bldg","x.r67.blu35","male","gonad",NA,"bldg","male.gonad.bldg"
"x.r67.blu35_male_hypothalamus_bldg","x.r67.blu35_male_hypothalamus_bldg","x.r67.blu35","male","hypothalamus",NA,"bldg","male.hypothalamus.bldg"
"x.r67.blu35_male_pituitary_bldg.NYNO","x.r67.blu35_male_pituitary_bldg.NYNO","x.r67.blu35","male","pituitary","NYNO","bldg","male.pituitary.bldg"
"x.w178_female_gonad_n9","x.w178_female_gonad_n9","x.w178","female","gonad",NA,"n9","female.gonad.n9"
"x.w178_female_hypothalamus_n9","x.w178_female_hypothalamus_n9","x.w178","female","hypothalamus",NA,"n9","female.hypothalamus.n9"
"x.w178_female_pituitary_n9","x.w178_female_pituitary_n9","x.w178","female","pituitary",NA,"n9","female.pituitary.n9"
"x.w192.o157_male_gonad_inc.d9","x.w192.o157_male_gonad_inc.d9","x.w192.o157","male","gonad",NA,"inc.d9","male.gonad.inc.d9"
"x.w192.o157_male_hypothalamus_inc.d9","x.w192.o157_male_hypothalamus_inc.d9","x.w192.o157","male","hypothalamus",NA,"inc.d9","male.hypothalamus.inc.d9"
"x.w192.o157_male_pituitary_inc.d9","x.w192.o157_male_pituitary_inc.d9","x.w192.o157","male","pituitary",NA,"inc.d9","male.pituitary.inc.d9"
"x.w51_female_gonad_lay","x.w51_female_gonad_lay","x.w51","female","gonad",NA,"lay","female.gonad.lay"
"x.w51_female_hypothalamus_lay","x.w51_female_hypothalamus_lay","x.w51","female","hypothalamus",NA,"lay","female.hypothalamus.lay"
"x.w51_female_pituitary_lay","x.w51_female_pituitary_lay","x.w51","female","pituitary",NA,"lay","female.pituitary.lay"
"x.w6_female_gonad_n9","x.w6_female_gonad_n9","x.w6","female","gonad",NA,"n9","female.gonad.n9"
"x.w6_female_hypothalamus_n9","x.w6_female_hypothalamus_n9","x.w6","female","hypothalamus",NA,"n9","female.hypothalamus.n9"
"x.w6_female_pituitary_n9","x.w6_female_pituitary_n9","x.w6","female","pituitary",NA,"n9","female.pituitary.n9"
"x.y.s.ATLAS_male_gonad_control","x.y.s.ATLAS_male_gonad_control","x.y.s.ATLAS","male","gonad",NA,"control","male.gonad.control"
"x.y.s.ATLAS_male_pituitary_control","x.y.s.ATLAS_male_pituitary_control","x.y.s.ATLAS","male","pituitary",NA,"control","male.pituitary.control"
"x.y109_female_gonad_inc.d9","x.y109_female_gonad_inc.d9","x.y109","female","gonad",NA,"inc.d9","female.gonad.inc.d9"
"x.y109_female_hypothalamus_inc.d9","x.y109_female_hypothalamus_inc.d9","x.y109","female","hypothalamus",NA,"inc.d9","female.hypothalamus.inc.d9"
"x.y109_female_pituitary_inc.d9","x.y109_female_pituitary_inc.d9","x.y109","female","pituitary",NA,"inc.d9","female.pituitary.inc.d9"
"x.y132.w76_male_gonad_inc.d17","x.y132.w76_male_gonad_inc.d17","x.y132.w76","male","gonad",NA,"inc.d17","male.gonad.inc.d17"
"x.y132.w76_male_hypothalamus_inc.d17","x.y132.w76_male_hypothalamus_inc.d17","x.y132.w76","male","hypothalamus",NA,"inc.d17","male.hypothalamus.inc.d17"
"x.y132.w76_male_pituitary_inc.d17","x.y132.w76_male_pituitary_inc.d17","x.y132.w76","male","pituitary",NA,"inc.d17","male.pituitary.inc.d17"
"x.y138.w176_female_gonad_n9","x.y138.w176_female_gonad_n9","x.y138.w176","female","gonad",NA,"n9","female.gonad.n9"
"x.y138.w176_female_hypothalamus_n9","x.y138.w176_female_hypothalamus_n9","x.y138.w176","female","hypothalamus",NA,"n9","female.hypothalamus.n9"
"x.y138.w176_female_pituitary_n9","x.y138.w176_female_pituitary_n9","x.y138.w176","female","pituitary",NA,"n9","female.pituitary.n9"
"x.y141.w116_male_gonad_inc.d9","x.y141.w116_male_gonad_inc.d9","x.y141.w116","male","gonad",NA,"inc.d9","male.gonad.inc.d9"
"x.y141.w116_male_hypothalamus_inc.d9","x.y141.w116_male_hypothalamus_inc.d9","x.y141.w116","male","hypothalamus",NA,"inc.d9","male.hypothalamus.inc.d9"
"x.y141.w116_male_pituitary_inc.d9","x.y141.w116_male_pituitary_inc.d9","x.y141.w116","male","pituitary",NA,"inc.d9","male.pituitary.inc.d9"
"x.y90_female_gonad_hatch","x.y90_female_gonad_hatch","x.y90","female","gonad",NA,"hatch","female.gonad.hatch"
"x.y90_female_hypothalamus_hatch","x.y90_female_hypothalamus_hatch","x.y90","female","hypothalamus",NA,"hatch","female.hypothalamus.hatch"
"x.y90_female_pituitary_hatch","x.y90_female_pituitary_hatch","x.y90","female","pituitary",NA,"hatch","female.pituitary.hatch"
"x.y93.g126_female_gonad_inc.d9","x.y93.g126_female_gonad_inc.d9","x.y93.g126","female","gonad",NA,"inc.d9","female.gonad.inc.d9"
"x.y93.g126_female_hypothalamus_inc.d9","x.y93.g126_female_hypothalamus_inc.d9","x.y93.g126","female","hypothalamus",NA,"inc.d9","female.hypothalamus.inc.d9"
"x.y93.g126_female_pituitary_inc.d9","x.y93.g126_female_pituitary_inc.d9","x.y93.g126","female","pituitary",NA,"inc.d9","female.pituitary.inc.d9"
"x.y9_female_gonad_n9","x.y9_female_gonad_n9","x.y9","female","gonad",NA,"n9","female.gonad.n9"
"x.y9_female_hypothalamus_n9","x.y9_female_hypothalamus_n9","x.y9","female","hypothalamus",NA,"n9","female.hypothalamus.n9"
"x.y9_female_pituitary_n9","x.y9_female_pituitary_n9","x.y9","female","pituitary",NA,"n9","female.pituitary.n9"
"y.s156.o.r_female_gonad_lay","y.s156.o.r_female_gonad_lay","y.s156.o.r","female","gonad",NA,"lay","female.gonad.lay"
"y.s156.o.r_female_hypothalamus_lay","y.s156.o.r_female_hypothalamus_lay","y.s156.o.r","female","hypothalamus",NA,"lay","female.hypothalamus.lay"
"y.s156.o.r_female_pituitary_lay","y.s156.o.r_female_pituitary_lay","y.s156.o.r","female","pituitary",NA,"lay","female.pituitary.lay"
"y126.w92.x_female_gonad_inc.d17","y126.w92.x_female_gonad_inc.d17","y126.w92.x","female","gonad",NA,"inc.d17","female.gonad.inc.d17"
"y126.w92.x_female_hypothalamus_inc.d17","y126.w92.x_female_hypothalamus_inc.d17","y126.w92.x","female","hypothalamus",NA,"inc.d17","female.hypothalamus.inc.d17"
"y126.w92.x_female_pituitary_inc.d17","y126.w92.x_female_pituitary_inc.d17","y126.w92.x","female","pituitary",NA,"inc.d17","female.pituitary.inc.d17"
"y128.g23.x_female_gonad_inc.d9","y128.g23.x_female_gonad_inc.d9","y128.g23.x","female","gonad",NA,"inc.d9","female.gonad.inc.d9"
"y128.g23.x_female_pituitary_inc.d9","y128.g23.x_female_pituitary_inc.d9","y128.g23.x","female","pituitary",NA,"inc.d9","female.pituitary.inc.d9"
"y129.x_male_gonad_n9","y129.x_male_gonad_n9","y129.x","male","gonad",NA,"n9","male.gonad.n9"
"y129.x_male_hypothalamus_n9","y129.x_male_hypothalamus_n9","y129.x","male","hypothalamus",NA,"n9","male.hypothalamus.n9"
"y129.x_male_pituitary_n9","y129.x_male_pituitary_n9","y129.x","male","pituitary",NA,"n9","male.pituitary.n9"
"y13.x_female_gonad_inc.d3","y13.x_female_gonad_inc.d3","y13.x","female","gonad",NA,"inc.d3","female.gonad.inc.d3"
"y13.x_female_hypothalamus_inc.d3","y13.x_female_hypothalamus_inc.d3","y13.x","female","hypothalamus",NA,"inc.d3","female.hypothalamus.inc.d3"
"y13.x_female_pituitary_inc.d3","y13.x_female_pituitary_inc.d3","y13.x","female","pituitary",NA,"inc.d3","female.pituitary.inc.d3"
"y130.o170.x_female_gonad_inc.d17","y130.o170.x_female_gonad_inc.d17","y130.o170.x","female","gonad",NA,"inc.d17","female.gonad.inc.d17"
"y130.o170.x_female_hypothalamus_inc.d17","y130.o170.x_female_hypothalamus_inc.d17","y130.o170.x","female","hypothalamus",NA,"inc.d17","female.hypothalamus.inc.d17"
"y130.o170.x_female_pituitary_inc.d17","y130.o170.x_female_pituitary_inc.d17","y130.o170.x","female","pituitary",NA,"inc.d17","female.pituitary.inc.d17"
"y131.w185.x_male_gonad_n9","y131.w185.x_male_gonad_n9","y131.w185.x","male","gonad",NA,"n9","male.gonad.n9"
"y131.w185.x_male_hypothalamus_n9","y131.w185.x_male_hypothalamus_n9","y131.w185.x","male","hypothalamus",NA,"n9","male.hypothalamus.n9"
"y131.w185.x_male_pituitary_n9","y131.w185.x_male_pituitary_n9","y131.w185.x","male","pituitary",NA,"n9","male.pituitary.n9"
"y133.w77.r58_male_gonad_inc.d17","y133.w77.r58_male_gonad_inc.d17","y133.w77.r58","male","gonad",NA,"inc.d17","male.gonad.inc.d17"
"y133.w77.r58_male_hypothalamus_inc.d17","y133.w77.r58_male_hypothalamus_inc.d17","y133.w77.r58","male","hypothalamus",NA,"inc.d17","male.hypothalamus.inc.d17"
"y133.w77.r58_male_pituitary_inc.d17","y133.w77.r58_male_pituitary_inc.d17","y133.w77.r58","male","pituitary",NA,"inc.d17","male.pituitary.inc.d17"
"y135.blu107.x_female_gonad_inc.d17","y135.blu107.x_female_gonad_inc.d17","y135.blu107.x","female","gonad",NA,"inc.d17","female.gonad.inc.d17"
"y135.blu107.x_female_hypothalamus_inc.d17","y135.blu107.x_female_hypothalamus_inc.d17","y135.blu107.x","female","hypothalamus",NA,"inc.d17","female.hypothalamus.inc.d17"
"y135.blu107.x_female_pituitary_inc.d17.NYNO","y135.blu107.x_female_pituitary_inc.d17.NYNO","y135.blu107.x","female","pituitary","NYNO","inc.d17","female.pituitary.inc.d17"
"y136.x_female_gonad_inc.d17","y136.x_female_gonad_inc.d17","y136.x","female","gonad",NA,"inc.d17","female.gonad.inc.d17"
"y136.x_female_hypothalamus_inc.d17","y136.x_female_hypothalamus_inc.d17","y136.x","female","hypothalamus",NA,"inc.d17","female.hypothalamus.inc.d17"
"y136.x_female_pituitary_inc.d17","y136.x_female_pituitary_inc.d17","y136.x","female","pituitary",NA,"inc.d17","female.pituitary.inc.d17"
"y140.w119.x_female_gonad_inc.d9","y140.w119.x_female_gonad_inc.d9","y140.w119.x","female","gonad",NA,"inc.d9","female.gonad.inc.d9"
"y140.w119.x_female_hypothalamus_inc.d9","y140.w119.x_female_hypothalamus_inc.d9","y140.w119.x","female","hypothalamus",NA,"inc.d9","female.hypothalamus.inc.d9"
"y140.w119.x_female_pituitary_inc.d9","y140.w119.x_female_pituitary_inc.d9","y140.w119.x","female","pituitary",NA,"inc.d9","female.pituitary.inc.d9"
"y149.r52.x_male_gonad_inc.d3","y149.r52.x_male_gonad_inc.d3","y149.r52.x","male","gonad",NA,"inc.d3","male.gonad.inc.d3"
"y149.r52.x_male_hypothalamus_inc.d3","y149.r52.x_male_hypothalamus_inc.d3","y149.r52.x","male","hypothalamus",NA,"inc.d3","male.hypothalamus.inc.d3"
"y149.r52.x_male_pituitary_inc.d3","y149.r52.x_male_pituitary_inc.d3","y149.r52.x","male","pituitary",NA,"inc.d3","male.pituitary.inc.d3"
"y15.x_female_gonad_hatch","y15.x_female_gonad_hatch","y15.x","female","gonad",NA,"hatch","female.gonad.hatch"
"y15.x_female_hypothalamus_hatch","y15.x_female_hypothalamus_hatch","y15.x","female","hypothalamus",NA,"hatch","female.hypothalamus.hatch"
"y15.x_female_pituitary_hatch","y15.x_female_pituitary_hatch","y15.x","female","pituitary",NA,"hatch","female.pituitary.hatch"
"y6.o54_female_gonad_n5","y6.o54_female_gonad_n5","y6.o54","female","gonad",NA,"n5","female.gonad.n5"
"y6.o54_female_hypothalamus_n5","y6.o54_female_hypothalamus_n5","y6.o54","female","hypothalamus",NA,"n5","female.hypothalamus.n5"
"y6.o54_female_pituitary_n5","y6.o54_female_pituitary_n5","y6.o54","female","pituitary",NA,"n5","female.pituitary.n5"
"y7.g58_female_gonad_hatch","y7.g58_female_gonad_hatch","y7.g58","female","gonad",NA,"hatch","female.gonad.hatch"
"y7.g58_female_hypothalamus_hatch","y7.g58_female_hypothalamus_hatch","y7.g58","female","hypothalamus",NA,"hatch","female.hypothalamus.hatch"
"y7.g58_female_pituitary_hatch","y7.g58_female_pituitary_hatch","y7.g58","female","pituitary",NA,"hatch","female.pituitary.hatch"
"y94.g133.x_female_gonad_n5","y94.g133.x_female_gonad_n5","y94.g133.x","female","gonad",NA,"n5","female.gonad.n5"
"y94.g133.x_female_hypothalamus_n5.NYNO","y94.g133.x_female_hypothalamus_n5.NYNO","y94.g133.x","female","hypothalamus","NYNO","n5","female.hypothalamus.n5"
"y94.g133.x_female_pituitary_n5","y94.g133.x_female_pituitary_n5","y94.g133.x","female","pituitary",NA,"n5","female.pituitary.n5"
"y95.g131.x_male_gonad_inc.d9","y95.g131.x_male_gonad_inc.d9","y95.g131.x","male","gonad",NA,"inc.d9","male.gonad.inc.d9"
"y95.g131.x_male_hypothalamus_inc.d9","y95.g131.x_male_hypothalamus_inc.d9","y95.g131.x","male","hypothalamus",NA,"inc.d9","male.hypothalamus.inc.d9"
"y95.g131.x_male_pituitary_inc.d9","y95.g131.x_male_pituitary_inc.d9","y95.g131.x","male","pituitary",NA,"inc.d9","male.pituitary.inc.d9"
"y97.x_female_gonad_n9","y97.x_female_gonad_n9","y97.x","female","gonad",NA,"n9","female.gonad.n9"
"y97.x_female_hypothalamus_n9","y97.x_female_hypothalamus_n9","y97.x","female","hypothalamus",NA,"n9","female.hypothalamus.n9"
"y97.x_female_pituitary_n9","y97.x_female_pituitary_n9","y97.x","female","pituitary",NA,"n9","female.pituitary.n9"
"y98.o50.x_male_gonad_inc.d3","y98.o50.x_male_gonad_inc.d3","y98.o50.x","male","gonad",NA,"inc.d3","male.gonad.inc.d3"
"y98.o50.x_male_hypothalamus_inc.d3","y98.o50.x_male_hypothalamus_inc.d3","y98.o50.x","male","hypothalamus",NA,"inc.d3","male.hypothalamus.inc.d3"
"y98.o50.x_male_pituitary_inc.d3","y98.o50.x_male_pituitary_inc.d3","y98.o50.x","male","pituitary",NA,"inc.d3","male.pituitary.inc.d3"
