"","V1","bird","sex","tissue","treatment","group"
"blk.s030.o.g_male_gonad_prolong","blk.s030.o.g_male_gonad_prolong","blk.s030.o.g","male","gonad","prolong","male.gonad.prolong"
"blk.s030.o.g_male_hypothalamus_prolong","blk.s030.o.g_male_hypothalamus_prolong","blk.s030.o.g","male","hypothalamus","prolong","male.hypothalamus.prolong"
"blk.s030.o.g_male_pituitary_prolong","blk.s030.o.g_male_pituitary_prolong","blk.s030.o.g","male","pituitary","prolong","male.pituitary.prolong"
"blk.s031.pu.d_female_gonad_prolong","blk.s031.pu.d_female_gonad_prolong","blk.s031.pu.d","female","gonad","prolong","female.gonad.prolong"
"blk.s031.pu.d_female_hypothalamus_prolong","blk.s031.pu.d_female_hypothalamus_prolong","blk.s031.pu.d","female","hypothalamus","prolong","female.hypothalamus.prolong"
"blk.s031.pu.d_female_pituitary_prolong","blk.s031.pu.d_female_pituitary_prolong","blk.s031.pu.d","female","pituitary","prolong","female.pituitary.prolong"
"blk.s032.g.w_female_gonad_m.hatch","blk.s032.g.w_female_gonad_m.hatch","blk.s032.g.w","female","gonad","m.n2","female.gonad.m.n2"
"blk.s032.g.w_female_hypothalamus_m.hatch","blk.s032.g.w_female_hypothalamus_m.hatch","blk.s032.g.w","female","hypothalamus","m.n2","female.hypothalamus.m.n2"
"blk.s032.g.w_female_pituitary_m.hatch","blk.s032.g.w_female_pituitary_m.hatch","blk.s032.g.w","female","pituitary","m.n2","female.pituitary.m.n2"
"blk.s049.y.g_female_gonad_m.inc.d3","blk.s049.y.g_female_gonad_m.inc.d3","blk.s049.y.g","female","gonad","m.inc.d3","female.gonad.m.inc.d3"
"blk.s049.y.g_female_hypothalamus_m.inc.d3","blk.s049.y.g_female_hypothalamus_m.inc.d3","blk.s049.y.g","female","hypothalamus","m.inc.d3","female.hypothalamus.m.inc.d3"
"blk.s049.y.g_female_pituitary_m.inc.d3","blk.s049.y.g_female_pituitary_m.inc.d3","blk.s049.y.g","female","pituitary","m.inc.d3","female.pituitary.m.inc.d3"
"blk.s060.pu.w_female_gonad_m.inc.d3","blk.s060.pu.w_female_gonad_m.inc.d3","blk.s060.pu.w","female","gonad","m.inc.d3","female.gonad.m.inc.d3"
"blk.s060.pu.w_female_hypothalamus_m.inc.d3","blk.s060.pu.w_female_hypothalamus_m.inc.d3","blk.s060.pu.w","female","hypothalamus","m.inc.d3","female.hypothalamus.m.inc.d3"
"blk.s060.pu.w_female_pituitary_m.inc.d3.NYNO","blk.s060.pu.w_female_pituitary_m.inc.d3.NYNO","blk.s060.pu.w","female","pituitary","m.inc.d3","female.pituitary.m.inc.d3"
"blk.y.l.s109_female_gonad_m.inc.d8","blk.y.l.s109_female_gonad_m.inc.d8","blk.y.l.s109","female","gonad","m.inc.d8","female.gonad.m.inc.d8"
"blk.y.l.s109_female_hypothalamus_m.inc.d8","blk.y.l.s109_female_hypothalamus_m.inc.d8","blk.y.l.s109","female","hypothalamus","m.inc.d8","female.hypothalamus.m.inc.d8"
"blk.y.l.s109_female_pituitary_m.inc.d8","blk.y.l.s109_female_pituitary_m.inc.d8","blk.y.l.s109","female","pituitary","m.inc.d8","female.pituitary.m.inc.d8"
"blk0.x_female_gonad_m.n2","blk0.x_female_gonad_m.n2","blk0.x","female","gonad","m.n2","female.gonad.m.n2"
"blk0.x_female_hypothalamus_m.n2","blk0.x_female_hypothalamus_m.n2","blk0.x","female","hypothalamus","m.n2","female.hypothalamus.m.n2"
"blk0.x_female_pituitary_m.n2","blk0.x_female_pituitary_m.n2","blk0.x","female","pituitary","m.n2","female.pituitary.m.n2"
"blk19.x_female_gonad_extend","blk19.x_female_gonad_extend","blk19.x","female","gonad","extend","female.gonad.extend"
"blk19.x_female_hypothalamus_extend","blk19.x_female_hypothalamus_extend","blk19.x","female","hypothalamus","extend","female.hypothalamus.extend"
"blk19.x_female_pituitary_extend","blk19.x_female_pituitary_extend","blk19.x","female","pituitary","extend","female.pituitary.extend"
"blk5.x_male_gonad_m.inc.d3","blk5.x_male_gonad_m.inc.d3","blk5.x","male","gonad","m.inc.d3","male.gonad.m.inc.d3"
"blk5.x_male_hypothalamus_m.inc.d3","blk5.x_male_hypothalamus_m.inc.d3","blk5.x","male","hypothalamus","m.inc.d3","male.hypothalamus.m.inc.d3"
"blk5.x_male_pituitary_m.inc.d3","blk5.x_male_pituitary_m.inc.d3","blk5.x","male","pituitary","m.inc.d3","male.pituitary.m.inc.d3"
"blu10.w26.x_male_gonad_m.hatch","blu10.w26.x_male_gonad_m.hatch","blu10.w26.x","male","gonad","m.n2","male.gonad.m.n2"
"blu10.w26.x_male_hypothalamus_m.hatch","blu10.w26.x_male_hypothalamus_m.hatch","blu10.w26.x","male","hypothalamus","m.n2","male.hypothalamus.m.n2"
"blu10.w26.x_male_pituitary_m.hatch","blu10.w26.x_male_pituitary_m.hatch","blu10.w26.x","male","pituitary","m.n2","male.pituitary.m.n2"
"blu115.y150.x_female_gonad_inc.prolong","blu115.y150.x_female_gonad_inc.prolong","blu115.y150.x","female","gonad","prolong","female.gonad.prolong"
"blu115.y150.x_female_hypothalamus_inc.prolong","blu115.y150.x_female_hypothalamus_inc.prolong","blu115.y150.x","female","hypothalamus","prolong","female.hypothalamus.prolong"
"blu115.y150.x_female_pituitary_inc.prolong","blu115.y150.x_female_pituitary_inc.prolong","blu115.y150.x","female","pituitary","prolong","female.pituitary.prolong"
"blu119.w84.x_female_gonad_m.inc.d8","blu119.w84.x_female_gonad_m.inc.d8","blu119.w84.x","female","gonad","m.inc.d8","female.gonad.m.inc.d8"
"blu119.w84.x_female_hypothalamus_m.inc.d8","blu119.w84.x_female_hypothalamus_m.inc.d8","blu119.w84.x","female","hypothalamus","m.inc.d8","female.hypothalamus.m.inc.d8"
"blu119.w84.x_female_pituitary_m.inc.d8","blu119.w84.x_female_pituitary_m.inc.d8","blu119.w84.x","female","pituitary","m.inc.d8","female.pituitary.m.inc.d8"
"blu44.y102_female_gonad_extend","blu44.y102_female_gonad_extend","blu44.y102","female","gonad","extend","female.gonad.extend"
"blu44.y102_female_hypothalamus_extend","blu44.y102_female_hypothalamus_extend","blu44.y102","female","hypothalamus","extend","female.hypothalamus.extend"
"blu44.y102_female_pituitary_extend","blu44.y102_female_pituitary_extend","blu44.y102","female","pituitary","extend","female.pituitary.extend"
"blu56.o53_female_gonad_m.inc.d3","blu56.o53_female_gonad_m.inc.d3","blu56.o53","female","gonad","m.inc.d3","female.gonad.m.inc.d3"
"blu56.o53_female_hypothalamus_m.inc.d3","blu56.o53_female_hypothalamus_m.inc.d3","blu56.o53","female","hypothalamus","m.inc.d3","female.hypothalamus.m.inc.d3"
"blu56.o53_female_pituitary_m.inc.d3","blu56.o53_female_pituitary_m.inc.d3","blu56.o53","female","pituitary","m.inc.d3","female.pituitary.m.inc.d3"
"blu63.g62_female_gonad_m.inc.d9","blu63.g62_female_gonad_m.inc.d9","blu63.g62","female","gonad","m.inc.d9","female.gonad.m.inc.d9"
"blu63.g62_female_hypothalamus_m.inc.d9","blu63.g62_female_hypothalamus_m.inc.d9","blu63.g62","female","hypothalamus","m.inc.d9","female.hypothalamus.m.inc.d9"
"blu63.g62_female_pituitary_m.inc.d9","blu63.g62_female_pituitary_m.inc.d9","blu63.g62","female","pituitary","m.inc.d9","female.pituitary.m.inc.d9"
"blu80.r97_female_gonad_m.inc.d8","blu80.r97_female_gonad_m.inc.d8","blu80.r97","female","gonad","m.inc.d8","female.gonad.m.inc.d8"
"blu80.r97_female_hypothalamus_m.inc.d8","blu80.r97_female_hypothalamus_m.inc.d8","blu80.r97","female","hypothalamus","m.inc.d8","female.hypothalamus.m.inc.d8"
"blu80.r97_female_pituitary_m.inc.d8","blu80.r97_female_pituitary_m.inc.d8","blu80.r97","female","pituitary","m.inc.d8","female.pituitary.m.inc.d8"
"blu84.x_male_gonad_extend.hatch","blu84.x_male_gonad_extend.hatch","blu84.x","male","gonad","extend","male.gonad.extend"
"blu84.x_male_hypothalamus_extend.hatch","blu84.x_male_hypothalamus_extend.hatch","blu84.x","male","hypothalamus","extend","male.hypothalamus.extend"
"blu84.x_male_pituitary_extend.hatch","blu84.x_male_pituitary_extend.hatch","blu84.x","male","pituitary","extend","male.pituitary.extend"
"d.r.blk.s159_female_gonad_m.inc.d9","d.r.blk.s159_female_gonad_m.inc.d9","d.r.blk.s159","female","gonad","m.inc.d9","female.gonad.m.inc.d9"
"d.r.blk.s159_female_hypothalamus_m.inc.d9","d.r.blk.s159_female_hypothalamus_m.inc.d9","d.r.blk.s159","female","hypothalamus","m.inc.d9","female.hypothalamus.m.inc.d9"
"d.r.blk.s159_female_pituitary_m.inc.d9","d.r.blk.s159_female_pituitary_m.inc.d9","d.r.blk.s159","female","pituitary","m.inc.d9","female.pituitary.m.inc.d9"
"d.s110.g.blk_male_gonad_m.inc.d3","d.s110.g.blk_male_gonad_m.inc.d3","d.s110.g.blk","male","gonad","m.inc.d3","male.gonad.m.inc.d3"
"d.s110.g.blk_male_hypothalamus_m.inc.d3","d.s110.g.blk_male_hypothalamus_m.inc.d3","d.s110.g.blk","male","hypothalamus","m.inc.d3","male.hypothalamus.m.inc.d3"
"d.s110.g.blk_male_pituitary_m.inc.d3","d.s110.g.blk_male_pituitary_m.inc.d3","d.s110.g.blk","male","pituitary","m.inc.d3","male.pituitary.m.inc.d3"
"d.s112.blk.w_female_gonad_m.inc.d17","d.s112.blk.w_female_gonad_m.inc.d17","d.s112.blk.w","female","gonad","m.inc.d17","female.gonad.m.inc.d17"
"d.s112.blk.w_female_hypothalamus_m.inc.d17","d.s112.blk.w_female_hypothalamus_m.inc.d17","d.s112.blk.w","female","hypothalamus","m.inc.d17","female.hypothalamus.m.inc.d17"
"d.s112.blk.w_female_pituitary_m.inc.d17","d.s112.blk.w_female_pituitary_m.inc.d17","d.s112.blk.w","female","pituitary","m.inc.d17","female.pituitary.m.inc.d17"
"d.s177.blk.r_female_gonad_m.inc.d3","d.s177.blk.r_female_gonad_m.inc.d3","d.s177.blk.r","female","gonad","m.inc.d3","female.gonad.m.inc.d3"
"d.s177.blk.r_female_hypothalamus_m.inc.d3","d.s177.blk.r_female_hypothalamus_m.inc.d3","d.s177.blk.r","female","hypothalamus","m.inc.d3","female.hypothalamus.m.inc.d3"
"d.s177.blk.r_female_pituitary_m.inc.d3","d.s177.blk.r_female_pituitary_m.inc.d3","d.s177.blk.r","female","pituitary","m.inc.d3","female.pituitary.m.inc.d3"
"g.blk.s041.r_male_gonad_m.inc.d3","g.blk.s041.r_male_gonad_m.inc.d3","g.blk.s041.r","male","gonad","m.inc.d3","male.gonad.m.inc.d3"
"g.blk.s041.r_male_hypothalamus_m.inc.d3","g.blk.s041.r_male_hypothalamus_m.inc.d3","g.blk.s041.r","male","hypothalamus","m.inc.d3","male.hypothalamus.m.inc.d3"
"g.blk.s041.r_male_pituitary_m.inc.d3","g.blk.s041.r_male_pituitary_m.inc.d3","g.blk.s041.r","male","pituitary","m.inc.d3","male.pituitary.m.inc.d3"
"g.o.y.s037_male_gonad_m.inc.d17","g.o.y.s037_male_gonad_m.inc.d17","g.o.y.s037","male","gonad","m.inc.d17","male.gonad.m.inc.d17"
"g.o.y.s037_male_hypothalamus_m.inc.d17","g.o.y.s037_male_hypothalamus_m.inc.d17","g.o.y.s037","male","hypothalamus","m.inc.d17","male.hypothalamus.m.inc.d17"
"g.o.y.s037_male_pituitary_m.inc.d17","g.o.y.s037_male_pituitary_m.inc.d17","g.o.y.s037","male","pituitary","m.inc.d17","male.pituitary.m.inc.d17"
"g.s075.pk.pu_male_gonad_m.hatch","g.s075.pk.pu_male_gonad_m.hatch","g.s075.pk.pu","male","gonad","m.n2","male.gonad.m.n2"
"g.s075.pk.pu_male_hypothalamus_m.hatch","g.s075.pk.pu_male_hypothalamus_m.hatch","g.s075.pk.pu","male","hypothalamus","m.n2","male.hypothalamus.m.n2"
"g.s075.pk.pu_male_pituitary_m.hatch","g.s075.pk.pu_male_pituitary_m.hatch","g.s075.pk.pu","male","pituitary","m.n2","male.pituitary.m.n2"
"g.s076.pk.r_female_gonad_m.hatch","g.s076.pk.r_female_gonad_m.hatch","g.s076.pk.r","female","gonad","m.n2","female.gonad.m.n2"
"g.s076.pk.r_female_hypothalamus_m.hatch","g.s076.pk.r_female_hypothalamus_m.hatch","g.s076.pk.r","female","hypothalamus","m.n2","female.hypothalamus.m.n2"
"g.s076.pk.r_female_pituitary_m.hatch","g.s076.pk.r_female_pituitary_m.hatch","g.s076.pk.r","female","pituitary","m.n2","female.pituitary.m.n2"
"g.s111.r.blk_male_gonad_m.inc.d8","g.s111.r.blk_male_gonad_m.inc.d8","g.s111.r.blk","male","gonad","m.inc.d8","male.gonad.m.inc.d8"
"g.s111.r.blk_male_hypothalamus_m.inc.d8","g.s111.r.blk_male_hypothalamus_m.inc.d8","g.s111.r.blk","male","hypothalamus","m.inc.d8","male.hypothalamus.m.inc.d8"
"g.s111.r.blk_male_pituitary_m.inc.d8","g.s111.r.blk_male_pituitary_m.inc.d8","g.s111.r.blk","male","pituitary","m.inc.d8","male.pituitary.m.inc.d8"
"g.s179.o.pk_male_gonad_m.inc.d8","g.s179.o.pk_male_gonad_m.inc.d8","g.s179.o.pk","male","gonad","m.inc.d8","male.gonad.m.inc.d8"
"g.s179.o.pk_male_hypothalamus_m.inc.d8","g.s179.o.pk_male_hypothalamus_m.inc.d8","g.s179.o.pk","male","hypothalamus","m.inc.d8","male.hypothalamus.m.inc.d8"
"g.s179.o.pk_male_pituitary_m.inc.d8","g.s179.o.pk_male_pituitary_m.inc.d8","g.s179.o.pk","male","pituitary","m.inc.d8","male.pituitary.m.inc.d8"
"g.s351.pk.w_male_gonad_extend","g.s351.pk.w_male_gonad_extend","g.s351.pk.w","male","gonad","extend","male.gonad.extend"
"g.s351.pk.w_male_hypothalamus_extend","g.s351.pk.w_male_hypothalamus_extend","g.s351.pk.w","male","hypothalamus","extend","male.hypothalamus.extend"
"g.s351.pk.w_male_pituitary_extend","g.s351.pk.w_male_pituitary_extend","g.s351.pk.w","male","pituitary","extend","male.pituitary.extend"
"g.y.blk.s006_female_gonad_m.inc.d17","g.y.blk.s006_female_gonad_m.inc.d17","g.y.blk.s006","female","gonad","m.inc.d17","female.gonad.m.inc.d17"
"g.y.blk.s006_female_hypothalamus_m.inc.d17","g.y.blk.s006_female_hypothalamus_m.inc.d17","g.y.blk.s006","female","hypothalamus","m.inc.d17","female.hypothalamus.m.inc.d17"
"g.y.blk.s006_female_pituitary_m.inc.d17","g.y.blk.s006_female_pituitary_m.inc.d17","g.y.blk.s006","female","pituitary","m.inc.d17","female.pituitary.m.inc.d17"
"g.y.o.s_male_gonad_prolong","g.y.o.s_male_gonad_prolong","g.y.o.s","male","gonad","prolong","male.gonad.prolong"
"g.y.o.s_male_hypothalamus_prolong","g.y.o.s_male_hypothalamus_prolong","g.y.o.s","male","hypothalamus","prolong","male.hypothalamus.prolong"
"g.y.o.s_male_pituitary_prolong","g.y.o.s_male_pituitary_prolong","g.y.o.s","male","pituitary","prolong","male.pituitary.prolong"
"g137.r24.w5_male_gonad_m.inc.d8","g137.r24.w5_male_gonad_m.inc.d8","g137.r24.w5","male","gonad","m.inc.d8","male.gonad.m.inc.d8"
"g137.r24.w5_male_hypothalamus_m.inc.d8","g137.r24.w5_male_hypothalamus_m.inc.d8","g137.r24.w5","male","hypothalamus","m.inc.d8","male.hypothalamus.m.inc.d8"
"g137.r24.w5_male_pituitary_m.inc.d8","g137.r24.w5_male_pituitary_m.inc.d8","g137.r24.w5","male","pituitary","m.inc.d8","male.pituitary.m.inc.d8"
"g144.r54.x_female_gonad_m.inc.d3","g144.r54.x_female_gonad_m.inc.d3","g144.r54.x","female","gonad","m.inc.d3","female.gonad.m.inc.d3"
"g144.r54.x_female_hypothalamus_m.inc.d3","g144.r54.x_female_hypothalamus_m.inc.d3","g144.r54.x","female","hypothalamus","m.inc.d3","female.hypothalamus.m.inc.d3"
"g144.r54.x_female_pituitary_m.inc.d3","g144.r54.x_female_pituitary_m.inc.d3","g144.r54.x","female","pituitary","m.inc.d3","female.pituitary.m.inc.d3"
"g17.w108.x_female_gonad_extend","g17.w108.x_female_gonad_extend","g17.w108.x","female","gonad","extend","female.gonad.extend"
"g17.w108.x_female_hypothalamus_extend","g17.w108.x_female_hypothalamus_extend","g17.w108.x","female","hypothalamus","extend","female.hypothalamus.extend"
"g17.w108.x_female_pituitary_extend","g17.w108.x_female_pituitary_extend","g17.w108.x","female","pituitary","extend","female.pituitary.extend"
"g22.blu118_female_gonad_extend","g22.blu118_female_gonad_extend","g22.blu118","female","gonad","extend","female.gonad.extend"
"g22.blu118_female_hypothalamus_extend","g22.blu118_female_hypothalamus_extend","g22.blu118","female","hypothalamus","extend","female.hypothalamus.extend"
"g22.blu118_female_pituitary_extend","g22.blu118_female_pituitary_extend","g22.blu118","female","pituitary","extend","female.pituitary.extend"
"g3.g119.w20_male_gonad_extend","g3.g119.w20_male_gonad_extend","g3.g119.w20","male","gonad","extend","male.gonad.extend"
"g3.g119.w20_male_hypothalamus_extend","g3.g119.w20_male_hypothalamus_extend","g3.g119.w20","male","hypothalamus","extend","male.hypothalamus.extend"
"g3.g119.w20_male_pituitary_extend","g3.g119.w20_male_pituitary_extend","g3.g119.w20","male","pituitary","extend","male.pituitary.extend"
"g32.blu79_male_gonad_m.inc.d17","g32.blu79_male_gonad_m.inc.d17","g32.blu79","male","gonad","m.inc.d17","male.gonad.m.inc.d17"
"g32.blu79_male_hypothalamus_m.inc.d17","g32.blu79_male_hypothalamus_m.inc.d17","g32.blu79","male","hypothalamus","m.inc.d17","male.hypothalamus.m.inc.d17"
"g32.blu79_male_pituitary_m.inc.d17","g32.blu79_male_pituitary_m.inc.d17","g32.blu79","male","pituitary","m.inc.d17","male.pituitary.m.inc.d17"
"g34.x_male_gonad_m.hatch.NYNO","g34.x_male_gonad_m.hatch.NYNO","g34.x","male","gonad","m.n2","male.gonad.m.n2"
"g34.x_male_hypothalamus_m.hatch","g34.x_male_hypothalamus_m.hatch","g34.x","male","hypothalamus","m.n2","male.hypothalamus.m.n2"
"g34.x_male_pituitary_m.hatch","g34.x_male_pituitary_m.hatch","g34.x","male","pituitary","m.n2","male.pituitary.m.n2"
"g38.x_male_gonad_inc.prolong","g38.x_male_gonad_inc.prolong","g38.x","male","gonad","prolong","male.gonad.prolong"
"g38.x_male_hypothalamus_inc.prolong","g38.x_male_hypothalamus_inc.prolong","g38.x","male","hypothalamus","prolong","male.hypothalamus.prolong"
"g38.x_male_pituitary_inc.prolong","g38.x_male_pituitary_inc.prolong","g38.x","male","pituitary","prolong","male.pituitary.prolong"
"g63.blu65_female_gonad_m.inc.d17","g63.blu65_female_gonad_m.inc.d17","g63.blu65","female","gonad","m.inc.d17","female.gonad.m.inc.d17"
"g63.blu65_female_hypothalamus_m.inc.d17","g63.blu65_female_hypothalamus_m.inc.d17","g63.blu65","female","hypothalamus","m.inc.d17","female.hypothalamus.m.inc.d17"
"g63.blu65_female_pituitary_m.inc.d17","g63.blu65_female_pituitary_m.inc.d17","g63.blu65","female","pituitary","m.inc.d17","female.pituitary.m.inc.d17"
"g73.x_female_gonad_m.inc.d9","g73.x_female_gonad_m.inc.d9","g73.x","female","gonad","m.inc.d9","female.gonad.m.inc.d9"
"g73.x_female_hypothalamus_m.inc.d9","g73.x_female_hypothalamus_m.inc.d9","g73.x","female","hypothalamus","m.inc.d9","female.hypothalamus.m.inc.d9"
"g73.x_female_pituitary_m.inc.d9","g73.x_female_pituitary_m.inc.d9","g73.x","female","pituitary","m.inc.d9","female.pituitary.m.inc.d9"
"g8.y197_male_gonad_extend","g8.y197_male_gonad_extend","g8.y197","male","gonad","extend","male.gonad.extend"
"g8.y197_male_hypothalamus_extend","g8.y197_male_hypothalamus_extend","g8.y197","male","hypothalamus","extend","male.hypothalamus.extend"
"g8.y197_male_pituitary_extend","g8.y197_male_pituitary_extend","g8.y197","male","pituitary","extend","male.pituitary.extend"
"l.s.o.blk_male_gonad_extend","l.s.o.blk_male_gonad_extend","l.s.o.blk","male","gonad","extend","male.gonad.extend"
"l.s.o.blk_male_hypothalamus_extend","l.s.o.blk_male_hypothalamus_extend","l.s.o.blk","male","hypothalamus","extend","male.hypothalamus.extend"
"l.s.o.blk_male_pituitary_extend","l.s.o.blk_male_pituitary_extend","l.s.o.blk","male","pituitary","extend","male.pituitary.extend"
"l.s.w.d_female_gonad_m.hatch","l.s.w.d_female_gonad_m.hatch","l.s.w.d","female","gonad","m.n2","female.gonad.m.n2"
"l.s.w.d_female_hypothalamus_m.hatch","l.s.w.d_female_hypothalamus_m.hatch","l.s.w.d","female","hypothalamus","m.n2","female.hypothalamus.m.n2"
"l.s.w.d_female_pituitary_m.hatch","l.s.w.d_female_pituitary_m.hatch","l.s.w.d","female","pituitary","m.n2","female.pituitary.m.n2"
"l.s024.y.g_male_gonad_m.inc.d17","l.s024.y.g_male_gonad_m.inc.d17","l.s024.y.g","male","gonad","m.inc.d17","male.gonad.m.inc.d17"
"l.s024.y.g_male_hypothalamus_m.inc.d17","l.s024.y.g_male_hypothalamus_m.inc.d17","l.s024.y.g","male","hypothalamus","m.inc.d17","male.hypothalamus.m.inc.d17"
"l.s024.y.g_male_pituitary_m.inc.d17","l.s024.y.g_male_pituitary_m.inc.d17","l.s024.y.g","male","pituitary","m.inc.d17","male.pituitary.m.inc.d17"
"l.s052.pk.r_female_gonad_prolong","l.s052.pk.r_female_gonad_prolong","l.s052.pk.r","female","gonad","prolong","female.gonad.prolong"
"l.s052.pk.r_female_hypothalamus_prolong","l.s052.pk.r_female_hypothalamus_prolong","l.s052.pk.r","female","hypothalamus","prolong","female.hypothalamus.prolong"
"l.s052.pk.r_female_pituitary_prolong","l.s052.pk.r_female_pituitary_prolong","l.s052.pk.r","female","pituitary","prolong","female.pituitary.prolong"
"l.s080.blk.r_male_gonad_prolong","l.s080.blk.r_male_gonad_prolong","l.s080.blk.r","male","gonad","prolong","male.gonad.prolong"
"l.s080.blk.r_male_hypothalamus_prolong","l.s080.blk.r_male_hypothalamus_prolong","l.s080.blk.r","male","hypothalamus","prolong","male.hypothalamus.prolong"
"l.s080.blk.r_male_pituitary_prolong","l.s080.blk.r_male_pituitary_prolong","l.s080.blk.r","male","pituitary","prolong","male.pituitary.prolong"
"l.s166.o.w_female_gonad_prolong","l.s166.o.w_female_gonad_prolong","l.s166.o.w","female","gonad","prolong","female.gonad.prolong"
"l.s166.o.w_female_hypothalamus_prolong","l.s166.o.w_female_hypothalamus_prolong","l.s166.o.w","female","hypothalamus","prolong","female.hypothalamus.prolong"
"l.s166.o.w_female_pituitary_prolong","l.s166.o.w_female_pituitary_prolong","l.s166.o.w","female","pituitary","prolong","female.pituitary.prolong"
"l.s280.g.blk_male_gonad_m.inc.d9","l.s280.g.blk_male_gonad_m.inc.d9","l.s280.g.blk","male","gonad","m.inc.d9","male.gonad.m.inc.d9"
"l.s280.g.blk_male_hypothalamus_m.inc.d9","l.s280.g.blk_male_hypothalamus_m.inc.d9","l.s280.g.blk","male","hypothalamus","m.inc.d9","male.hypothalamus.m.inc.d9"
"l.s280.g.blk_male_pituitary_m.inc.d9","l.s280.g.blk_male_pituitary_m.inc.d9","l.s280.g.blk","male","pituitary","m.inc.d9","male.pituitary.m.inc.d9"
"o.d.s009_male_gonad_m.inc.d9","o.d.s009_male_gonad_m.inc.d9","o.d.s009","male","gonad","m.inc.d9","male.gonad.m.inc.d9"
"o.d.s009_male_hypothalamus_m.inc.d9.NYNO","o.d.s009_male_hypothalamus_m.inc.d9.NYNO","o.d.s009","male","hypothalamus","m.inc.d9","male.hypothalamus.m.inc.d9"
"o.d.s009_male_pituitary_m.inc.d9","o.d.s009_male_pituitary_m.inc.d9","o.d.s009","male","pituitary","m.inc.d9","male.pituitary.m.inc.d9"
"o.s010.r.blk_male_gonad_m.inc.d3","o.s010.r.blk_male_gonad_m.inc.d3","o.s010.r.blk","male","gonad","m.inc.d3","male.gonad.m.inc.d3"
"o.s010.r.blk_male_hypothalamus_m.inc.d3","o.s010.r.blk_male_hypothalamus_m.inc.d3","o.s010.r.blk","male","hypothalamus","m.inc.d3","male.hypothalamus.m.inc.d3"
"o.s010.r.blk_male_pituitary_m.inc.d3","o.s010.r.blk_male_pituitary_m.inc.d3","o.s010.r.blk","male","pituitary","m.inc.d3","male.pituitary.m.inc.d3"
"o.s084.w.blk_female_gonad_m.inc.d17","o.s084.w.blk_female_gonad_m.inc.d17","o.s084.w.blk","female","gonad","m.inc.d17","female.gonad.m.inc.d17"
"o.s084.w.blk_female_hypothalamus_m.inc.d17","o.s084.w.blk_female_hypothalamus_m.inc.d17","o.s084.w.blk","female","hypothalamus","m.inc.d17","female.hypothalamus.m.inc.d17"
"o.s084.w.blk_female_pituitary_m.inc.d17","o.s084.w.blk_female_pituitary_m.inc.d17","o.s084.w.blk","female","pituitary","m.inc.d17","female.pituitary.m.inc.d17"
"o114.blu9_male_gonad_inc.prolong","o114.blu9_male_gonad_inc.prolong","o114.blu9","male","gonad","prolong","male.gonad.prolong"
"o114.blu9_male_hypothalamus_inc.prolong","o114.blu9_male_hypothalamus_inc.prolong","o114.blu9","male","hypothalamus","prolong","male.hypothalamus.prolong"
"o114.blu9_male_pituitary_inc.prolong","o114.blu9_male_pituitary_inc.prolong","o114.blu9","male","pituitary","prolong","male.pituitary.prolong"
"o169.r28.x_female_gonad_m.inc.d17","o169.r28.x_female_gonad_m.inc.d17","o169.r28.x","female","gonad","m.inc.d17","female.gonad.m.inc.d17"
"o169.r28.x_female_hypothalamus_m.inc.d17","o169.r28.x_female_hypothalamus_m.inc.d17","o169.r28.x","female","hypothalamus","m.inc.d17","female.hypothalamus.m.inc.d17"
"o169.r28.x_female_pituitary_m.inc.d17","o169.r28.x_female_pituitary_m.inc.d17","o169.r28.x","female","pituitary","m.inc.d17","female.pituitary.m.inc.d17"
"o3.x_male_gonad_m.n2","o3.x_male_gonad_m.n2","o3.x","male","gonad","m.n2","male.gonad.m.n2"
"o3.x_male_hypothalamus_m.n2","o3.x_male_hypothalamus_m.n2","o3.x","male","hypothalamus","m.n2","male.hypothalamus.m.n2"
"o3.x_male_pituitary_m.n2","o3.x_male_pituitary_m.n2","o3.x","male","pituitary","m.n2","male.pituitary.m.n2"
"o36.r62.x_female_gonad_m.inc.d9","o36.r62.x_female_gonad_m.inc.d9","o36.r62.x","female","gonad","m.inc.d9","female.gonad.m.inc.d9"
"o36.r62.x_female_hypothalamus_m.inc.d9","o36.r62.x_female_hypothalamus_m.inc.d9","o36.r62.x","female","hypothalamus","m.inc.d9","female.hypothalamus.m.inc.d9"
"o36.r62.x_female_pituitary_m.inc.d9","o36.r62.x_female_pituitary_m.inc.d9","o36.r62.x","female","pituitary","m.inc.d9","female.pituitary.m.inc.d9"
"o45.g128.x_female_gonad_m.inc.d9.NYNO","o45.g128.x_female_gonad_m.inc.d9.NYNO","o45.g128.x","female","gonad","m.inc.d9","female.gonad.m.inc.d9"
"o45.g128.x_female_hypothalamus_m.inc.d9","o45.g128.x_female_hypothalamus_m.inc.d9","o45.g128.x","female","hypothalamus","m.inc.d9","female.hypothalamus.m.inc.d9"
"o45.g128.x_female_pituitary_m.inc.d9","o45.g128.x_female_pituitary_m.inc.d9","o45.g128.x","female","pituitary","m.inc.d9","female.pituitary.m.inc.d9"
"o59.blu64_male_gonad_m.inc.d17","o59.blu64_male_gonad_m.inc.d17","o59.blu64","male","gonad","m.inc.d17","male.gonad.m.inc.d17"
"o59.blu64_male_hypothalamus_m.inc.d17","o59.blu64_male_hypothalamus_m.inc.d17","o59.blu64","male","hypothalamus","m.inc.d17","male.hypothalamus.m.inc.d17"
"o59.blu64_male_pituitary_m.inc.d17","o59.blu64_male_pituitary_m.inc.d17","o59.blu64","male","pituitary","m.inc.d17","male.pituitary.m.inc.d17"
"p.g.blk.s040_female_gonad_m.inc.d8","p.g.blk.s040_female_gonad_m.inc.d8","p.g.blk.s040","female","gonad","m.inc.d8","female.gonad.m.inc.d8"
"p.g.blk.s040_female_hypothalamus_m.inc.d8","p.g.blk.s040_female_hypothalamus_m.inc.d8","p.g.blk.s040","female","hypothalamus","m.inc.d8","female.hypothalamus.m.inc.d8"
"p.g.blk.s040_female_pituitary_m.inc.d8","p.g.blk.s040_female_pituitary_m.inc.d8","p.g.blk.s040","female","pituitary","m.inc.d8","female.pituitary.m.inc.d8"
"pk.s.d.g_male_gonad_prolong","pk.s.d.g_male_gonad_prolong","pk.s.d.g","male","gonad","prolong","male.gonad.prolong"
"pk.s.d.g_male_hypothalamus_prolong","pk.s.d.g_male_hypothalamus_prolong","pk.s.d.g","male","hypothalamus","prolong","male.hypothalamus.prolong"
"pk.s.d.g_male_pituitary_prolong","pk.s.d.g_male_pituitary_prolong","pk.s.d.g","male","pituitary","prolong","male.pituitary.prolong"
"pk.s011.o.y_female_gonad_m.inc.d17","pk.s011.o.y_female_gonad_m.inc.d17","pk.s011.o.y","female","gonad","m.inc.d17","female.gonad.m.inc.d17"
"pk.s011.o.y_female_hypothalamus_m.inc.d17","pk.s011.o.y_female_hypothalamus_m.inc.d17","pk.s011.o.y","female","hypothalamus","m.inc.d17","female.hypothalamus.m.inc.d17"
"pk.s011.o.y_female_pituitary_m.inc.d17","pk.s011.o.y_female_pituitary_m.inc.d17","pk.s011.o.y","female","pituitary","m.inc.d17","female.pituitary.m.inc.d17"
"pk.s054.d.g_female_gonad_m.hatch","pk.s054.d.g_female_gonad_m.hatch","pk.s054.d.g","female","gonad","m.n2","female.gonad.m.n2"
"pk.s054.d.g_female_hypothalamus_m.hatch","pk.s054.d.g_female_hypothalamus_m.hatch","pk.s054.d.g","female","hypothalamus","m.n2","female.hypothalamus.m.n2"
"pk.s054.d.g_female_pituitary_m.hatch","pk.s054.d.g_female_pituitary_m.hatch","pk.s054.d.g","female","pituitary","m.n2","female.pituitary.m.n2"
"pk.s055.d.l_female_gonad_m.inc.d8","pk.s055.d.l_female_gonad_m.inc.d8","pk.s055.d.l","female","gonad","m.inc.d8","female.gonad.m.inc.d8"
"pk.s055.d.l_female_hypothalamus_m.inc.d8","pk.s055.d.l_female_hypothalamus_m.inc.d8","pk.s055.d.l","female","hypothalamus","m.inc.d8","female.hypothalamus.m.inc.d8"
"pk.s055.d.l_female_pituitary_m.inc.d8","pk.s055.d.l_female_pituitary_m.inc.d8","pk.s055.d.l","female","pituitary","m.inc.d8","female.pituitary.m.inc.d8"
"pu.blk.s102.y_male_gonad_m.inc.d8","pu.blk.s102.y_male_gonad_m.inc.d8","pu.blk.s102.y","male","gonad","m.inc.d8","male.gonad.m.inc.d8"
"pu.blk.s102.y_male_hypothalamus_m.inc.d8","pu.blk.s102.y_male_hypothalamus_m.inc.d8","pu.blk.s102.y","male","hypothalamus","m.inc.d8","male.hypothalamus.m.inc.d8"
"pu.blk.s102.y_male_pituitary_m.inc.d8","pu.blk.s102.y_male_pituitary_m.inc.d8","pu.blk.s102.y","male","pituitary","m.inc.d8","male.pituitary.m.inc.d8"
"pu.s.o.r_male_hypothalamus_m.hatch","pu.s.o.r_male_hypothalamus_m.hatch","pu.s.o.r","male","hypothalamus","m.n2","male.hypothalamus.m.n2"
"pu.s.o.r_male_pituitary_m.hatch","pu.s.o.r_male_pituitary_m.hatch","pu.s.o.r","male","pituitary","m.n2","male.pituitary.m.n2"
"r.s035.y.blk_female_gonad_m.inc.d3","r.s035.y.blk_female_gonad_m.inc.d3","r.s035.y.blk","female","gonad","m.inc.d3","female.gonad.m.inc.d3"
"r.s035.y.blk_female_hypothalamus_m.inc.d3","r.s035.y.blk_female_hypothalamus_m.inc.d3","r.s035.y.blk","female","hypothalamus","m.inc.d3","female.hypothalamus.m.inc.d3"
"r.s035.y.blk_female_pituitary_m.inc.d3","r.s035.y.blk_female_pituitary_m.inc.d3","r.s035.y.blk","female","pituitary","m.inc.d3","female.pituitary.m.inc.d3"
"r.s057.g.pk_male_gonad_extend","r.s057.g.pk_male_gonad_extend","r.s057.g.pk","male","gonad","extend","male.gonad.extend"
"r.s057.g.pk_male_hypothalamus_extend","r.s057.g.pk_male_hypothalamus_extend","r.s057.g.pk","male","hypothalamus","extend","male.hypothalamus.extend"
"r.s057.g.pk_male_pituitary_extend","r.s057.g.pk_male_pituitary_extend","r.s057.g.pk","male","pituitary","extend","male.pituitary.extend"
"r.s058.d.l_male_gonad_m.inc.d8","r.s058.d.l_male_gonad_m.inc.d8","r.s058.d.l","male","gonad","m.inc.d8","male.gonad.m.inc.d8"
"r.s058.d.l_male_hypothalamus_m.inc.d8","r.s058.d.l_male_hypothalamus_m.inc.d8","r.s058.d.l","male","hypothalamus","m.inc.d8","male.hypothalamus.m.inc.d8"
"r.s058.d.l_male_pituitary_m.inc.d8","r.s058.d.l_male_pituitary_m.inc.d8","r.s058.d.l","male","pituitary","m.inc.d8","male.pituitary.m.inc.d8"
"r.s086.l.blk_male_gonad_extend","r.s086.l.blk_male_gonad_extend","r.s086.l.blk","male","gonad","extend","male.gonad.extend"
"r.s086.l.blk_male_hypothalamus_extend","r.s086.l.blk_male_hypothalamus_extend","r.s086.l.blk","male","hypothalamus","extend","male.hypothalamus.extend"
"r.s086.l.blk_male_pituitary_extend","r.s086.l.blk_male_pituitary_extend","r.s086.l.blk","male","pituitary","extend","male.pituitary.extend"
"r.s131.o.d_female_gonad_extend","r.s131.o.d_female_gonad_extend","r.s131.o.d","female","gonad","extend","female.gonad.extend"
"r.s131.o.d_female_hypothalamus_extend","r.s131.o.d_female_hypothalamus_extend","r.s131.o.d","female","hypothalamus","extend","female.hypothalamus.extend"
"r.s131.o.d_female_pituitary_extend","r.s131.o.d_female_pituitary_extend","r.s131.o.d","female","pituitary","extend","female.pituitary.extend"
"r.s172.l.y_male_gonad_extend","r.s172.l.y_male_gonad_extend","r.s172.l.y","male","gonad","extend","male.gonad.extend"
"r.s172.l.y_male_hypothalamus_extend","r.s172.l.y_male_hypothalamus_extend","r.s172.l.y","male","hypothalamus","extend","male.hypothalamus.extend"
"r.s172.l.y_male_pituitary_extend","r.s172.l.y_male_pituitary_extend","r.s172.l.y","male","pituitary","extend","male.pituitary.extend"
"r194.x_female_gonad_prolong","r194.x_female_gonad_prolong","r194.x","female","gonad","prolong","female.gonad.prolong"
"r194.x_female_hypothalamus_prolong","r194.x_female_hypothalamus_prolong","r194.x","female","hypothalamus","prolong","female.hypothalamus.prolong"
"r194.x_female_pituitary_prolong","r194.x_female_pituitary_prolong","r194.x","female","pituitary","prolong","female.pituitary.prolong"
"r196.x_male_gonad_m.inc.d9","r196.x_male_gonad_m.inc.d9","r196.x","male","gonad","m.inc.d9","male.gonad.m.inc.d9"
"r196.x_male_hypothalamus_m.inc.d9","r196.x_male_hypothalamus_m.inc.d9","r196.x","male","hypothalamus","m.inc.d9","male.hypothalamus.m.inc.d9"
"r196.x_male_pituitary_m.inc.d9","r196.x_male_pituitary_m.inc.d9","r196.x","male","pituitary","m.inc.d9","male.pituitary.m.inc.d9"
"r4.x_male_gonad_m.inc.d8","r4.x_male_gonad_m.inc.d8","r4.x","male","gonad","m.inc.d8","male.gonad.m.inc.d8"
"r4.x_male_hypothalamus_m.inc.d8","r4.x_male_hypothalamus_m.inc.d8","r4.x","male","hypothalamus","m.inc.d8","male.hypothalamus.m.inc.d8"
"r4.x_male_pituitary_m.inc.d8","r4.x_male_pituitary_m.inc.d8","r4.x","male","pituitary","m.inc.d8","male.pituitary.m.inc.d8"
"r81.x_male_gonad_inc.prolong","r81.x_male_gonad_inc.prolong","r81.x","male","gonad","prolong","male.gonad.prolong"
"r81.x_male_hypothalamus_inc.prolong","r81.x_male_hypothalamus_inc.prolong","r81.x","male","hypothalamus","prolong","male.hypothalamus.prolong"
"r81.x_male_pituitary_inc.prolong","r81.x_male_pituitary_inc.prolong","r81.x","male","pituitary","prolong","male.pituitary.prolong"
"r84.x_male_gonad_m.inc.d9","r84.x_male_gonad_m.inc.d9","r84.x","male","gonad","m.inc.d9","male.gonad.m.inc.d9"
"r84.x_male_hypothalamus_m.inc.d9","r84.x_male_hypothalamus_m.inc.d9","r84.x","male","hypothalamus","m.inc.d9","male.hypothalamus.m.inc.d9"
"r84.x_male_pituitary_m.inc.d9","r84.x_male_pituitary_m.inc.d9","r84.x","male","pituitary","m.inc.d9","male.pituitary.m.inc.d9"
"r85.g39_male_gonad_m.inc.d9.NYNO","r85.g39_male_gonad_m.inc.d9.NYNO","r85.g39","male","gonad","m.inc.d9","male.gonad.m.inc.d9"
"r85.g39_male_hypothalamus_m.inc.d9","r85.g39_male_hypothalamus_m.inc.d9","r85.g39","male","hypothalamus","m.inc.d9","male.hypothalamus.m.inc.d9"
"r85.g39_male_pituitary_m.inc.d9.NYNO","r85.g39_male_pituitary_m.inc.d9.NYNO","r85.g39","male","pituitary","m.inc.d9","male.pituitary.m.inc.d9"
"r90.x_male_gonad_inc.prolong","r90.x_male_gonad_inc.prolong","r90.x","male","gonad","prolong","male.gonad.prolong"
"r90.x_male_hypothalamus_inc.prolong","r90.x_male_hypothalamus_inc.prolong","r90.x","male","hypothalamus","prolong","male.hypothalamus.prolong"
"r90.x_male_pituitary_inc.prolong","r90.x_male_pituitary_inc.prolong","r90.x","male","pituitary","prolong","male.pituitary.prolong"
"s.pu.pk_female_gonad_prolong","s.pu.pk_female_gonad_prolong","s.pu.pk","female","gonad","prolong","female.gonad.prolong"
"s.pu.pk_female_hypothalamus_prolong","s.pu.pk_female_hypothalamus_prolong","s.pu.pk","female","hypothalamus","prolong","female.hypothalamus.prolong"
"s.pu.pk_female_pituitary_prolong","s.pu.pk_female_pituitary_prolong","s.pu.pk","female","pituitary","prolong","female.pituitary.prolong"
"s002.x_female_gonad_m.inc.d8","s002.x_female_gonad_m.inc.d8","s002.x","female","gonad","m.inc.d8","female.gonad.m.inc.d8"
"s002.x_female_hypothalamus_m.inc.d8","s002.x_female_hypothalamus_m.inc.d8","s002.x","female","hypothalamus","m.inc.d8","female.hypothalamus.m.inc.d8"
"s002.x_female_pituitary_m.inc.d8","s002.x_female_pituitary_m.inc.d8","s002.x","female","pituitary","m.inc.d8","female.pituitary.m.inc.d8"
"s038.g.d.blk_female_gonad_m.inc.d17","s038.g.d.blk_female_gonad_m.inc.d17","s038.g.d.blk","female","gonad","m.inc.d17","female.gonad.m.inc.d17"
"s038.g.d.blk_female_hypothalamus_m.inc.d17","s038.g.d.blk_female_hypothalamus_m.inc.d17","s038.g.d.blk","female","hypothalamus","m.inc.d17","female.hypothalamus.m.inc.d17"
"s038.g.d.blk_female_pituitary_m.inc.d17","s038.g.d.blk_female_pituitary_m.inc.d17","s038.g.d.blk","female","pituitary","m.inc.d17","female.pituitary.m.inc.d17"
"s044.blk.d.r_male_gonad_m.inc.d8","s044.blk.d.r_male_gonad_m.inc.d8","s044.blk.d.r","male","gonad","m.inc.d8","male.gonad.m.inc.d8"
"s044.blk.d.r_male_hypothalamus_m.inc.d8","s044.blk.d.r_male_hypothalamus_m.inc.d8","s044.blk.d.r","male","hypothalamus","m.inc.d8","male.hypothalamus.m.inc.d8"
"s044.blk.d.r_male_pituitary_m.inc.d8","s044.blk.d.r_male_pituitary_m.inc.d8","s044.blk.d.r","male","pituitary","m.inc.d8","male.pituitary.m.inc.d8"
"s062.d.blk.g_male_gonad_m.hatch","s062.d.blk.g_male_gonad_m.hatch","s062.d.blk.g","male","gonad","m.n2","male.gonad.m.n2"
"s062.d.blk.g_male_hypothalamus_m.hatch","s062.d.blk.g_male_hypothalamus_m.hatch","s062.d.blk.g","male","hypothalamus","m.n2","male.hypothalamus.m.n2"
"s062.d.blk.g_male_pituitary_m.hatch","s062.d.blk.g_male_pituitary_m.hatch","s062.d.blk.g","male","pituitary","m.n2","male.pituitary.m.n2"
"s064.g.blk.pu_male_gonad_m.inc.d17","s064.g.blk.pu_male_gonad_m.inc.d17","s064.g.blk.pu","male","gonad","m.inc.d17","male.gonad.m.inc.d17"
"s064.g.blk.pu_male_hypothalamus_m.inc.d17","s064.g.blk.pu_male_hypothalamus_m.inc.d17","s064.g.blk.pu","male","hypothalamus","m.inc.d17","male.hypothalamus.m.inc.d17"
"s064.g.blk.pu_male_pituitary_m.inc.d17","s064.g.blk.pu_male_pituitary_m.inc.d17","s064.g.blk.pu","male","pituitary","m.inc.d17","male.pituitary.m.inc.d17"
"s067.o.l.y_male_gonad_m.inc.d8","s067.o.l.y_male_gonad_m.inc.d8","s067.o.l.y","male","gonad","m.inc.d8","male.gonad.m.inc.d8"
"s067.o.l.y_male_hypothalamus_m.inc.d8","s067.o.l.y_male_hypothalamus_m.inc.d8","s067.o.l.y","male","hypothalamus","m.inc.d8","male.hypothalamus.m.inc.d8"
"s067.o.l.y_male_pituitary_m.inc.d8","s067.o.l.y_male_pituitary_m.inc.d8","s067.o.l.y","male","pituitary","m.inc.d8","male.pituitary.m.inc.d8"
"s069.pk.pu.g_female_gonad_m.inc.d3","s069.pk.pu.g_female_gonad_m.inc.d3","s069.pk.pu.g","female","gonad","m.inc.d3","female.gonad.m.inc.d3"
"s069.pk.pu.g_female_hypothalamus_m.inc.d3","s069.pk.pu.g_female_hypothalamus_m.inc.d3","s069.pk.pu.g","female","hypothalamus","m.inc.d3","female.hypothalamus.m.inc.d3"
"s069.pk.pu.g_female_pituitary_m.inc.d3","s069.pk.pu.g_female_pituitary_m.inc.d3","s069.pk.pu.g","female","pituitary","m.inc.d3","female.pituitary.m.inc.d3"
"s071.pu.g.pk_male_gonad_m.inc.d3","s071.pu.g.pk_male_gonad_m.inc.d3","s071.pu.g.pk","male","gonad","m.inc.d3","male.gonad.m.inc.d3"
"s071.pu.g.pk_male_hypothalamus_m.inc.d3","s071.pu.g.pk_male_hypothalamus_m.inc.d3","s071.pu.g.pk","male","hypothalamus","m.inc.d3","male.hypothalamus.m.inc.d3"
"s071.pu.g.pk_male_pituitary_m.inc.d3","s071.pu.g.pk_male_pituitary_m.inc.d3","s071.pu.g.pk","male","pituitary","m.inc.d3","male.pituitary.m.inc.d3"
"s089.blk.pk.pu_female_gonad_extend","s089.blk.pk.pu_female_gonad_extend","s089.blk.pk.pu","female","gonad","extend","female.gonad.extend"
"s089.blk.pk.pu_female_hypothalamus_extend","s089.blk.pk.pu_female_hypothalamus_extend","s089.blk.pk.pu","female","hypothalamus","extend","female.hypothalamus.extend"
"s089.blk.pk.pu_female_pituitary_extend","s089.blk.pk.pu_female_pituitary_extend","s089.blk.pk.pu","female","pituitary","extend","female.pituitary.extend"
"s090.blk.pk.w_male_gonad_m.hatch","s090.blk.pk.w_male_gonad_m.hatch","s090.blk.pk.w","male","gonad","m.n2","male.gonad.m.n2"
"s090.blk.pk.w_male_hypothalamus_m.hatch","s090.blk.pk.w_male_hypothalamus_m.hatch","s090.blk.pk.w","male","hypothalamus","m.n2","male.hypothalamus.m.n2"
"s090.blk.pk.w_male_pituitary_m.hatch","s090.blk.pk.w_male_pituitary_m.hatch","s090.blk.pk.w","male","pituitary","m.n2","male.pituitary.m.n2"
"s091.blk.r.g_female_gonad_m.inc.d8","s091.blk.r.g_female_gonad_m.inc.d8","s091.blk.r.g","female","gonad","m.inc.d8","female.gonad.m.inc.d8"
"s091.blk.r.g_female_hypothalamus_m.inc.d8","s091.blk.r.g_female_hypothalamus_m.inc.d8","s091.blk.r.g","female","hypothalamus","m.inc.d8","female.hypothalamus.m.inc.d8"
"s091.blk.r.g_female_pituitary_m.inc.d8","s091.blk.r.g_female_pituitary_m.inc.d8","s091.blk.r.g","female","pituitary","m.inc.d8","female.pituitary.m.inc.d8"
"s093.blk.y.d_female_gonad_m.inc.d3","s093.blk.y.d_female_gonad_m.inc.d3","s093.blk.y.d","female","gonad","m.inc.d3","female.gonad.m.inc.d3"
"s093.blk.y.d_female_hypothalamus_m.inc.d3","s093.blk.y.d_female_hypothalamus_m.inc.d3","s093.blk.y.d","female","hypothalamus","m.inc.d3","female.hypothalamus.m.inc.d3"
"s093.blk.y.d_female_pituitary_m.inc.d3","s093.blk.y.d_female_pituitary_m.inc.d3","s093.blk.y.d","female","pituitary","m.inc.d3","female.pituitary.m.inc.d3"
"s096.g.blk.pk_male_gonad_m.inc.d17","s096.g.blk.pk_male_gonad_m.inc.d17","s096.g.blk.pk","male","gonad","m.inc.d17","male.gonad.m.inc.d17"
"s096.g.blk.pk_male_hypothalamus_m.inc.d17","s096.g.blk.pk_male_hypothalamus_m.inc.d17","s096.g.blk.pk","male","hypothalamus","m.inc.d17","male.hypothalamus.m.inc.d17"
"s096.g.blk.pk_male_pituitary_m.inc.d17","s096.g.blk.pk_male_pituitary_m.inc.d17","s096.g.blk.pk","male","pituitary","m.inc.d17","male.pituitary.m.inc.d17"
"s100.l.pk.blk_female_gonad_m.inc.d17","s100.l.pk.blk_female_gonad_m.inc.d17","s100.l.pk.blk","female","gonad","m.inc.d17","female.gonad.m.inc.d17"
"s100.l.pk.blk_female_hypothalamus_m.inc.d17","s100.l.pk.blk_female_hypothalamus_m.inc.d17","s100.l.pk.blk","female","hypothalamus","m.inc.d17","female.hypothalamus.m.inc.d17"
"s100.l.pk.blk_female_pituitary_m.inc.d17","s100.l.pk.blk_female_pituitary_m.inc.d17","s100.l.pk.blk","female","pituitary","m.inc.d17","female.pituitary.m.inc.d17"
"s103.y.pk.blk_female_gonad_m.inc.d3","s103.y.pk.blk_female_gonad_m.inc.d3","s103.y.pk.blk","female","gonad","m.inc.d3","female.gonad.m.inc.d3"
"s103.y.pk.blk_female_hypothalamus_m.inc.d3","s103.y.pk.blk_female_hypothalamus_m.inc.d3","s103.y.pk.blk","female","hypothalamus","m.inc.d3","female.hypothalamus.m.inc.d3"
"s103.y.pk.blk_female_pituitary_m.inc.d3","s103.y.pk.blk_female_pituitary_m.inc.d3","s103.y.pk.blk","female","pituitary","m.inc.d3","female.pituitary.m.inc.d3"
"s137.g.blk.y_female_gonad_extend","s137.g.blk.y_female_gonad_extend","s137.g.blk.y","female","gonad","extend","female.gonad.extend"
"s137.g.blk.y_female_hypothalamus_extend","s137.g.blk.y_female_hypothalamus_extend","s137.g.blk.y","female","hypothalamus","extend","female.hypothalamus.extend"
"s137.g.blk.y_female_pituitary_extend","s137.g.blk.y_female_pituitary_extend","s137.g.blk.y","female","pituitary","extend","female.pituitary.extend"
"s139.l.blk.w_male_gonad_m.inc.d3","s139.l.blk.w_male_gonad_m.inc.d3","s139.l.blk.w","male","gonad","m.inc.d3","male.gonad.m.inc.d3"
"s139.l.blk.w_male_hypothalamus_m.inc.d3","s139.l.blk.w_male_hypothalamus_m.inc.d3","s139.l.blk.w","male","hypothalamus","m.inc.d3","male.hypothalamus.m.inc.d3"
"s139.l.blk.w_male_pituitary_m.inc.d3","s139.l.blk.w_male_pituitary_m.inc.d3","s139.l.blk.w","male","pituitary","m.inc.d3","male.pituitary.m.inc.d3"
"s175.blk.pu.pk_male_gonad_m.inc.d3","s175.blk.pu.pk_male_gonad_m.inc.d3","s175.blk.pu.pk","male","gonad","m.inc.d3","male.gonad.m.inc.d3"
"s175.blk.pu.pk_male_hypothalamus_m.inc.d3","s175.blk.pu.pk_male_hypothalamus_m.inc.d3","s175.blk.pu.pk","male","hypothalamus","m.inc.d3","male.hypothalamus.m.inc.d3"
"s175.blk.pu.pk_male_pituitary_m.inc.d3","s175.blk.pu.pk_male_pituitary_m.inc.d3","s175.blk.pu.pk","male","pituitary","m.inc.d3","male.pituitary.m.inc.d3"
"s186.l.o.pk_female_gonad_extend","s186.l.o.pk_female_gonad_extend","s186.l.o.pk","female","gonad","extend","female.gonad.extend"
"s186.l.o.pk_female_hypothalamus_extend","s186.l.o.pk_female_hypothalamus_extend","s186.l.o.pk","female","hypothalamus","extend","female.hypothalamus.extend"
"s186.l.o.pk_female_pituitary_extend","s186.l.o.pk_female_pituitary_extend","s186.l.o.pk","female","pituitary","extend","female.pituitary.extend"
"s333.y.blk.pk_female_gonad_m.hatch","s333.y.blk.pk_female_gonad_m.hatch","s333.y.blk.pk","female","gonad","m.n2","female.gonad.m.n2"
"s333.y.blk.pk_female_hypothalamus_m.hatch","s333.y.blk.pk_female_hypothalamus_m.hatch","s333.y.blk.pk","female","hypothalamus","m.n2","female.hypothalamus.m.n2"
"s333.y.blk.pk_female_pituitary_m.hatch","s333.y.blk.pk_female_pituitary_m.hatch","s333.y.blk.pk","female","pituitary","m.n2","female.pituitary.m.n2"
"x.blk20_female_gonad_prolong","x.blk20_female_gonad_prolong","x.blk20","female","gonad","prolong","female.gonad.prolong"
"x.blk20_female_hypothalamus_prolong","x.blk20_female_hypothalamus_prolong","x.blk20","female","hypothalamus","prolong","female.hypothalamus.prolong"
"x.blk20_female_pituitary_prolong","x.blk20_female_pituitary_prolong","x.blk20","female","pituitary","prolong","female.pituitary.prolong"
"x.blk23_male_gonad_m.n2","x.blk23_male_gonad_m.n2","x.blk23","male","gonad","m.n2","male.gonad.m.n2"
"x.blk23_male_hypothalamus_m.n2","x.blk23_male_hypothalamus_m.n2","x.blk23","male","hypothalamus","m.n2","male.hypothalamus.m.n2"
"x.blk23_male_pituitary_m.n2","x.blk23_male_pituitary_m.n2","x.blk23","male","pituitary","m.n2","male.pituitary.m.n2"
"x.blu25_female_gonad_m.inc.d9","x.blu25_female_gonad_m.inc.d9","x.blu25","female","gonad","m.inc.d9","female.gonad.m.inc.d9"
"x.blu25_female_hypothalamus_m.inc.d9","x.blu25_female_hypothalamus_m.inc.d9","x.blu25","female","hypothalamus","m.inc.d9","female.hypothalamus.m.inc.d9"
"x.blu25_female_pituitary_m.inc.d9","x.blu25_female_pituitary_m.inc.d9","x.blu25","female","pituitary","m.inc.d9","female.pituitary.m.inc.d9"
"x.blu57_male_gonad_prolong","x.blu57_male_gonad_prolong","x.blu57","male","gonad","prolong","male.gonad.prolong"
"x.blu57_male_hypothalamus_prolong","x.blu57_male_hypothalamus_prolong","x.blu57","male","hypothalamus","prolong","male.hypothalamus.prolong"
"x.blu57_male_pituitary_prolong","x.blu57_male_pituitary_prolong","x.blu57","male","pituitary","prolong","male.pituitary.prolong"
"x.blu69_male_gonad_extend","x.blu69_male_gonad_extend","x.blu69","male","gonad","extend","male.gonad.extend"
"x.blu69_male_hypothalamus_extend","x.blu69_male_hypothalamus_extend","x.blu69","male","hypothalamus","extend","male.hypothalamus.extend"
"x.blu69_male_pituitary_extend","x.blu69_male_pituitary_extend","x.blu69","male","pituitary","extend","male.pituitary.extend"
"x.blu73_male_gonad_extend","x.blu73_male_gonad_extend","x.blu73","male","gonad","extend","male.gonad.extend"
"x.blu73_male_hypothalamus_extend","x.blu73_male_hypothalamus_extend","x.blu73","male","hypothalamus","extend","male.hypothalamus.extend"
"x.blu73_male_pituitary_extend","x.blu73_male_pituitary_extend","x.blu73","male","pituitary","extend","male.pituitary.extend"
"x.blu76_male_gonad_m.hatch","x.blu76_male_gonad_m.hatch","x.blu76","male","gonad","m.n2","male.gonad.m.n2"
"x.blu76_male_hypothalamus_m.hatch","x.blu76_male_hypothalamus_m.hatch","x.blu76","male","hypothalamus","m.n2","male.hypothalamus.m.n2"
"x.blu76_male_pituitary_m.hatch","x.blu76_male_pituitary_m.hatch","x.blu76","male","pituitary","m.n2","male.pituitary.m.n2"
"x.blu94_female_gonad_m.inc.d17","x.blu94_female_gonad_m.inc.d17","x.blu94","female","gonad","m.inc.d17","female.gonad.m.inc.d17"
"x.blu94_female_hypothalamus_m.inc.d17","x.blu94_female_hypothalamus_m.inc.d17","x.blu94","female","hypothalamus","m.inc.d17","female.hypothalamus.m.inc.d17"
"x.blu94_female_pituitary_m.inc.d17","x.blu94_female_pituitary_m.inc.d17","x.blu94","female","pituitary","m.inc.d17","female.pituitary.m.inc.d17"
"x.blu96_female_gonad_m.n2","x.blu96_female_gonad_m.n2","x.blu96","female","gonad","m.n2","female.gonad.m.n2"
"x.blu96_female_hypothalamus_m.n2","x.blu96_female_hypothalamus_m.n2","x.blu96","female","hypothalamus","m.n2","female.hypothalamus.m.n2"
"x.blu96_female_pituitary_m.n2","x.blu96_female_pituitary_m.n2","x.blu96","female","pituitary","m.n2","female.pituitary.m.n2"
"x.g26_female_gonad_m.inc.d8","x.g26_female_gonad_m.inc.d8","x.g26","female","gonad","m.inc.d8","female.gonad.m.inc.d8"
"x.g26_female_hypothalamus_m.inc.d8","x.g26_female_hypothalamus_m.inc.d8","x.g26","female","hypothalamus","m.inc.d8","female.hypothalamus.m.inc.d8"
"x.g26_female_pituitary_m.inc.d8","x.g26_female_pituitary_m.inc.d8","x.g26","female","pituitary","m.inc.d8","female.pituitary.m.inc.d8"
"x.g5.w79_male_gonad_m.inc.d3","x.g5.w79_male_gonad_m.inc.d3","x.g5.w79","male","gonad","m.inc.d3","male.gonad.m.inc.d3"
"x.g5.w79_male_hypothalamus_m.inc.d3","x.g5.w79_male_hypothalamus_m.inc.d3","x.g5.w79","male","hypothalamus","m.inc.d3","male.hypothalamus.m.inc.d3"
"x.g5.w79_male_pituitary_m.inc.d3","x.g5.w79_male_pituitary_m.inc.d3","x.g5.w79","male","pituitary","m.inc.d3","male.pituitary.m.inc.d3"
"x.g50_female_gonad_inc.prolong","x.g50_female_gonad_inc.prolong","x.g50","female","gonad","prolong","female.gonad.prolong"
"x.g50_female_hypothalamus_inc.prolong","x.g50_female_hypothalamus_inc.prolong","x.g50","female","hypothalamus","prolong","female.hypothalamus.prolong"
"x.g50_female_pituitary_inc.prolong","x.g50_female_pituitary_inc.prolong","x.g50","female","pituitary","prolong","female.pituitary.prolong"
"x.o117_male_gonad_m.inc.d9","x.o117_male_gonad_m.inc.d9","x.o117","male","gonad","m.inc.d9","male.gonad.m.inc.d9"
"x.o117_male_hypothalamus_m.inc.d9","x.o117_male_hypothalamus_m.inc.d9","x.o117","male","hypothalamus","m.inc.d9","male.hypothalamus.m.inc.d9"
"x.o117_male_pituitary_m.inc.d9","x.o117_male_pituitary_m.inc.d9","x.o117","male","pituitary","m.inc.d9","male.pituitary.m.inc.d9"
"x.o171.w45_female_gonad_m.hatch","x.o171.w45_female_gonad_m.hatch","x.o171.w45","female","gonad","m.n2","female.gonad.m.n2"
"x.o171.w45_female_hypothalamus_m.hatch","x.o171.w45_female_hypothalamus_m.hatch","x.o171.w45","female","hypothalamus","m.n2","female.hypothalamus.m.n2"
"x.o171.w45_female_pituitary_m.hatch","x.o171.w45_female_pituitary_m.hatch","x.o171.w45","female","pituitary","m.n2","female.pituitary.m.n2"
"x.o40.r70_male_gonad_m.inc.d17","x.o40.r70_male_gonad_m.inc.d17","x.o40.r70","male","gonad","m.inc.d17","male.gonad.m.inc.d17"
"x.o40.r70_male_hypothalamus_m.inc.d17","x.o40.r70_male_hypothalamus_m.inc.d17","x.o40.r70","male","hypothalamus","m.inc.d17","male.hypothalamus.m.inc.d17"
"x.o40.r70_male_pituitary_m.inc.d17","x.o40.r70_male_pituitary_m.inc.d17","x.o40.r70","male","pituitary","m.inc.d17","male.pituitary.m.inc.d17"
"x.o4_male_gonad_m.hatch","x.o4_male_gonad_m.hatch","x.o4","male","gonad","m.n2","male.gonad.m.n2"
"x.o4_male_hypothalamus_m.hatch","x.o4_male_hypothalamus_m.hatch","x.o4","male","hypothalamus","m.n2","male.hypothalamus.m.n2"
"x.o4_male_pituitary_m.hatch","x.o4_male_pituitary_m.hatch","x.o4","male","pituitary","m.n2","male.pituitary.m.n2"
"x.o61_female_gonad_extend.hatch","x.o61_female_gonad_extend.hatch","x.o61","female","gonad","extend","female.gonad.extend"
"x.o61_female_hypothalamus_extend.hatch","x.o61_female_hypothalamus_extend.hatch","x.o61","female","hypothalamus","extend","female.hypothalamus.extend"
"x.o61_female_pituitary_extend.hatch","x.o61_female_pituitary_extend.hatch","x.o61","female","pituitary","extend","female.pituitary.extend"
"x.r10.w18_male_gonad_m.inc.d17","x.r10.w18_male_gonad_m.inc.d17","x.r10.w18","male","gonad","m.inc.d17","male.gonad.m.inc.d17"
"x.r10.w18_male_hypothalamus_m.inc.d17","x.r10.w18_male_hypothalamus_m.inc.d17","x.r10.w18","male","hypothalamus","m.inc.d17","male.hypothalamus.m.inc.d17"
"x.r10.w18_male_pituitary_m.inc.d17","x.r10.w18_male_pituitary_m.inc.d17","x.r10.w18","male","pituitary","m.inc.d17","male.pituitary.m.inc.d17"
"x.r180_female_gonad_m.inc.d3","x.r180_female_gonad_m.inc.d3","x.r180","female","gonad","m.inc.d3","female.gonad.m.inc.d3"
"x.r180_female_hypothalamus_m.inc.d3","x.r180_female_hypothalamus_m.inc.d3","x.r180","female","hypothalamus","m.inc.d3","female.hypothalamus.m.inc.d3"
"x.r180_female_pituitary_m.inc.d3","x.r180_female_pituitary_m.inc.d3","x.r180","female","pituitary","m.inc.d3","female.pituitary.m.inc.d3"
"x.r185_male_gonad_m.inc.d3","x.r185_male_gonad_m.inc.d3","x.r185","male","gonad","m.inc.d3","male.gonad.m.inc.d3"
"x.r185_male_hypothalamus_m.inc.d3","x.r185_male_hypothalamus_m.inc.d3","x.r185","male","hypothalamus","m.inc.d3","male.hypothalamus.m.inc.d3"
"x.r185_male_pituitary_m.inc.d3","x.r185_male_pituitary_m.inc.d3","x.r185","male","pituitary","m.inc.d3","male.pituitary.m.inc.d3"
"x.r74.o29_female_gonad_m.hatch","x.r74.o29_female_gonad_m.hatch","x.r74.o29","female","gonad","m.n2","female.gonad.m.n2"
"x.r74.o29_female_hypothalamus_m.hatch","x.r74.o29_female_hypothalamus_m.hatch","x.r74.o29","female","hypothalamus","m.n2","female.hypothalamus.m.n2"
"x.r74.o29_female_pituitary_m.hatch","x.r74.o29_female_pituitary_m.hatch","x.r74.o29","female","pituitary","m.n2","female.pituitary.m.n2"
"x.r76_female_gonad_m.inc.d9","x.r76_female_gonad_m.inc.d9","x.r76","female","gonad","m.inc.d9","female.gonad.m.inc.d9"
"x.r76_female_hypothalamus_m.inc.d9","x.r76_female_hypothalamus_m.inc.d9","x.r76","female","hypothalamus","m.inc.d9","female.hypothalamus.m.inc.d9"
"x.r76_female_pituitary_m.inc.d9","x.r76_female_pituitary_m.inc.d9","x.r76","female","pituitary","m.inc.d9","female.pituitary.m.inc.d9"
"x.s188_female_gonad_m.inc.d8","x.s188_female_gonad_m.inc.d8","x.s188","female","gonad","m.inc.d8","female.gonad.m.inc.d8"
"x.s188_female_hypothalamus_m.inc.d8","x.s188_female_hypothalamus_m.inc.d8","x.s188","female","hypothalamus","m.inc.d8","female.hypothalamus.m.inc.d8"
"x.s188_female_pituitary_m.inc.d8","x.s188_female_pituitary_m.inc.d8","x.s188","female","pituitary","m.inc.d8","female.pituitary.m.inc.d8"
"x.y119.w11_female_gonad_m.inc.d17","x.y119.w11_female_gonad_m.inc.d17","x.y119.w11","female","gonad","m.inc.d17","female.gonad.m.inc.d17"
"x.y119.w11_female_hypothalamus_m.inc.d17","x.y119.w11_female_hypothalamus_m.inc.d17","x.y119.w11","female","hypothalamus","m.inc.d17","female.hypothalamus.m.inc.d17"
"x.y119.w11_female_pituitary_m.inc.d17","x.y119.w11_female_pituitary_m.inc.d17","x.y119.w11","female","pituitary","m.inc.d17","female.pituitary.m.inc.d17"
"x.y145.r55_female_gonad_inc.prolong","x.y145.r55_female_gonad_inc.prolong","x.y145.r55","female","gonad","prolong","female.gonad.prolong"
"x.y145.r55_female_hypothalamus_inc.prolong","x.y145.r55_female_hypothalamus_inc.prolong","x.y145.r55","female","hypothalamus","prolong","female.hypothalamus.prolong"
"x.y145.r55_female_pituitary_inc.prolong","x.y145.r55_female_pituitary_inc.prolong","x.y145.r55","female","pituitary","prolong","female.pituitary.prolong"
"x.y51_male_gonad_m.inc.d8","x.y51_male_gonad_m.inc.d8","x.y51","male","gonad","m.inc.d8","male.gonad.m.inc.d8"
"x.y51_male_hypothalamus_m.inc.d8","x.y51_male_hypothalamus_m.inc.d8","x.y51","male","hypothalamus","m.inc.d8","male.hypothalamus.m.inc.d8"
"x.y51_male_pituitary_m.inc.d8","x.y51_male_pituitary_m.inc.d8","x.y51","male","pituitary","m.inc.d8","male.pituitary.m.inc.d8"
"x.y5_female_gonad_m.inc.d8","x.y5_female_gonad_m.inc.d8","x.y5","female","gonad","m.inc.d8","female.gonad.m.inc.d8"
"x.y5_female_hypothalamus_m.inc.d8","x.y5_female_hypothalamus_m.inc.d8","x.y5","female","hypothalamus","m.inc.d8","female.hypothalamus.m.inc.d8"
"x.y5_female_pituitary_m.inc.d8","x.y5_female_pituitary_m.inc.d8","x.y5","female","pituitary","m.inc.d8","female.pituitary.m.inc.d8"
"x.y64_female_gonad_extend","x.y64_female_gonad_extend","x.y64","female","gonad","extend","female.gonad.extend"
"x.y64_female_hypothalamus_extend","x.y64_female_hypothalamus_extend","x.y64","female","hypothalamus","extend","female.hypothalamus.extend"
"x.y64_female_pituitary_extend","x.y64_female_pituitary_extend","x.y64","female","pituitary","extend","female.pituitary.extend"
"x.y79_male_gonad_prolong","x.y79_male_gonad_prolong","x.y79","male","gonad","prolong","male.gonad.prolong"
"x.y79_male_hypothalamus_prolong","x.y79_male_hypothalamus_prolong","x.y79","male","hypothalamus","prolong","male.hypothalamus.prolong"
"x.y79_male_pituitary_prolong","x.y79_male_pituitary_prolong","x.y79","male","pituitary","prolong","male.pituitary.prolong"
"y.w.blk_male_gonad_m.inc.d9","y.w.blk_male_gonad_m.inc.d9","y.w.blk","male","gonad","m.inc.d9","male.gonad.m.inc.d9"
"y.w.blk_male_hypothalamus_m.inc.d9","y.w.blk_male_hypothalamus_m.inc.d9","y.w.blk","male","hypothalamus","m.inc.d9","male.hypothalamus.m.inc.d9"
"y.w.blk_male_pituitary_m.inc.d9","y.w.blk_male_pituitary_m.inc.d9","y.w.blk","male","pituitary","m.inc.d9","male.pituitary.m.inc.d9"
"y12.x_female_gonad_m.inc.d9","y12.x_female_gonad_m.inc.d9","y12.x","female","gonad","m.inc.d9","female.gonad.m.inc.d9"
"y12.x_female_hypothalamus_m.inc.d9","y12.x_female_hypothalamus_m.inc.d9","y12.x","female","hypothalamus","m.inc.d9","female.hypothalamus.m.inc.d9"
"y12.x_female_pituitary_m.inc.d9","y12.x_female_pituitary_m.inc.d9","y12.x","female","pituitary","m.inc.d9","female.pituitary.m.inc.d9"
"y128.g23.x_female_hypothalamus_m.inc.d9","y128.g23.x_female_hypothalamus_m.inc.d9","y128.g23.x","female","hypothalamus","m.inc.d9","female.hypothalamus.m.inc.d9"
"y146.r32.x_female_gonad_inc.prolong","y146.r32.x_female_gonad_inc.prolong","y146.r32.x","female","gonad","prolong","female.gonad.prolong"
"y146.r32.x_female_hypothalamus_inc.prolong","y146.r32.x_female_hypothalamus_inc.prolong","y146.r32.x","female","hypothalamus","prolong","female.hypothalamus.prolong"
"y146.r32.x_female_pituitary_inc.prolong","y146.r32.x_female_pituitary_inc.prolong","y146.r32.x","female","pituitary","prolong","female.pituitary.prolong"
"y148.w81.g145_male_gonad_m.inc.d17","y148.w81.g145_male_gonad_m.inc.d17","y148.w81.g145","male","gonad","m.inc.d17","male.gonad.m.inc.d17"
"y148.w81.g145_male_hypothalamus_m.inc.d17","y148.w81.g145_male_hypothalamus_m.inc.d17","y148.w81.g145","male","hypothalamus","m.inc.d17","male.hypothalamus.m.inc.d17"
"y148.w81.g145_male_pituitary_m.inc.d17","y148.w81.g145_male_pituitary_m.inc.d17","y148.w81.g145","male","pituitary","m.inc.d17","male.pituitary.m.inc.d17"
"y18.x_male_gonad_m.inc.d3","y18.x_male_gonad_m.inc.d3","y18.x","male","gonad","m.inc.d3","male.gonad.m.inc.d3"
"y18.x_male_hypothalamus_m.inc.d3","y18.x_male_hypothalamus_m.inc.d3","y18.x","male","hypothalamus","m.inc.d3","male.hypothalamus.m.inc.d3"
"y18.x_male_pituitary_m.inc.d3","y18.x_male_pituitary_m.inc.d3","y18.x","male","pituitary","m.inc.d3","male.pituitary.m.inc.d3"
"y4.x_male_gonad_m.inc.d17","y4.x_male_gonad_m.inc.d17","y4.x","male","gonad","m.inc.d17","male.gonad.m.inc.d17"
"y4.x_male_hypothalamus_m.inc.d17","y4.x_male_hypothalamus_m.inc.d17","y4.x","male","hypothalamus","m.inc.d17","male.hypothalamus.m.inc.d17"
"y4.x_male_pituitary_m.inc.d17","y4.x_male_pituitary_m.inc.d17","y4.x","male","pituitary","m.inc.d17","male.pituitary.m.inc.d17"
"y55.x_male_gonad_m.inc.d8","y55.x_male_gonad_m.inc.d8","y55.x","male","gonad","m.inc.d8","male.gonad.m.inc.d8"
"y55.x_male_hypothalamus_m.inc.d8","y55.x_male_hypothalamus_m.inc.d8","y55.x","male","hypothalamus","m.inc.d8","male.hypothalamus.m.inc.d8"
"y55.x_male_pituitary_m.inc.d8","y55.x_male_pituitary_m.inc.d8","y55.x","male","pituitary","m.inc.d8","male.pituitary.m.inc.d8"
"y63.x_male_gonad_m.inc.d9","y63.x_male_gonad_m.inc.d9","y63.x","male","gonad","m.inc.d9","male.gonad.m.inc.d9"
"y63.x_male_hypothalamus_m.inc.d9","y63.x_male_hypothalamus_m.inc.d9","y63.x","male","hypothalamus","m.inc.d9","male.hypothalamus.m.inc.d9"
"y63.x_male_pituitary_m.inc.d9","y63.x_male_pituitary_m.inc.d9","y63.x","male","pituitary","m.inc.d9","male.pituitary.m.inc.d9"
"y85.r71.x_female_gonad_m.inc.d17","y85.r71.x_female_gonad_m.inc.d17","y85.r71.x","female","gonad","m.inc.d17","female.gonad.m.inc.d17"
"y85.r71.x_female_hypothalamus_m.inc.d17","y85.r71.x_female_hypothalamus_m.inc.d17","y85.r71.x","female","hypothalamus","m.inc.d17","female.hypothalamus.m.inc.d17"
"y85.r71.x_female_pituitary_m.inc.d17","y85.r71.x_female_pituitary_m.inc.d17","y85.r71.x","female","pituitary","m.inc.d17","female.pituitary.m.inc.d17"
"y98.g54_female_gonad_m.hatch","y98.g54_female_gonad_m.hatch","y98.g54","female","gonad","m.n2","female.gonad.m.n2"
"y98.g54_female_hypothalamus_m.hatch","y98.g54_female_hypothalamus_m.hatch","y98.g54","female","hypothalamus","m.n2","female.hypothalamus.m.n2"
"y98.g54_female_pituitary_m.hatch","y98.g54_female_pituitary_m.hatch","y98.g54","female","pituitary","m.n2","female.pituitary.m.n2"
