"","V1","bird","sex","tissue","treatment","group","study","BRCA1","PRL","study2"
"1","L.Blu13_male_pituitary_control.NYNO","L.Blu13","male","pituitary","control","male.pituitary.control","charcterization",7.60968630080517,17.0335687350916,"charcterization"
"2","L.G107_male_pituitary_control","L.G107","male","pituitary","control","male.pituitary.control","charcterization",7.34199918073518,18.1458463352522,"charcterization"
"3","L.G118_female_pituitary_control.NYNO","L.G118","female","pituitary","control","female.pituitary.control","charcterization",7.40506842847175,18.1809440813639,"charcterization"
"4","L.R3_male_pituitary_control.NYNO","L.R3","male","pituitary","control","male.pituitary.control","charcterization",7.4756056752783,16.7858476182767,"charcterization"
"5","L.R8_male_pituitary_control","L.R8","male","pituitary","control","male.pituitary.control","charcterization",7.54881783804345,17.5822471362484,"charcterization"
"6","L.W33_male_pituitary_control","L.W33","male","pituitary","control","male.pituitary.control","charcterization",7.33706489664582,20.2096874107855,"charcterization"
"7","L.W3_male_pituitary_control","L.W3","male","pituitary","control","male.pituitary.control","charcterization",7.482487315689,17.9180365354594,"charcterization"
"8","L.W4_male_pituitary_control","L.W4","male","pituitary","control","male.pituitary.control","charcterization",7.3534921407425,17.2796549056695,"charcterization"
"9","R.G106_female_pituitary_control","R.G106","female","pituitary","control","female.pituitary.control","charcterization",7.56718938739285,17.2700051274098,"charcterization"
"10","R.R20_female_pituitary_control","R.R20","female","pituitary","control","female.pituitary.control","charcterization",7.66130464737762,18.8827060846899,"charcterization"
"11","R.R9_female_pituitary_control.NYNO","R.R9","female","pituitary","control","female.pituitary.control","charcterization",7.49080678711886,17.1122272493139,"charcterization"
"12","R.W44_female_pituitary_control.NYNO","R.W44","female","pituitary","control","female.pituitary.control","charcterization",7.6650534578765,18.9413616845827,"charcterization"
"13","R.Y108.W29_male_pituitary_control","R.Y108.W29","male","pituitary","control","male.pituitary.control","charcterization",7.36754156218278,18.0703965984596,"charcterization"
"14","blk.s030.o.g_male_pituitary_prolong","blk.s030.o.g","male","pituitary","prolong","male.pituitary.prolong","manipulation",7.30105128014749,17.1330797287806,"timing"
"15","blk.s031.pu.d_female_pituitary_prolong","blk.s031.pu.d","female","pituitary","prolong","female.pituitary.prolong","manipulation",7.41024209805339,19.0101357257444,"timing"
"16","blk.s032.g.w_female_pituitary_m.hatch","blk.s032.g.w","female","pituitary","m.n2","female.pituitary.m.n2","manipulation",7.85047158992821,20.7564337050184,"removal"
"17","blk.s049.y.g_female_pituitary_m.inc.d3","blk.s049.y.g","female","pituitary","m.inc.d3","female.pituitary.m.inc.d3","manipulation",7.46466317682148,17.5886516424376,"removal"
"18","blk.s060.pu.w_female_pituitary_m.inc.d3.NYNO","blk.s060.pu.w","female","pituitary","m.inc.d3","female.pituitary.m.inc.d3","manipulation",7.37487621039366,18.169308368854,"removal"
"19","blk.s061.pu.y_female_pituitary_inc.d9","blk.s061.pu.y","female","pituitary","inc.d9","female.pituitary.inc.d9","charcterization",7.25486905280516,17.8583838583731,"charcterization"
"20","blk.y.l.s109_female_pituitary_m.inc.d8","blk.y.l.s109","female","pituitary","m.inc.d8","female.pituitary.m.inc.d8","manipulation",7.43517199997976,18.0413353917123,"timing"
"21","blk0.x_female_pituitary_m.n2","blk0.x","female","pituitary","m.n2","female.pituitary.m.n2","manipulation",7.73104122668878,20.0846453557934,"removal"
"22","blk11.x_female_pituitary_bldg","blk11.x","female","pituitary","bldg","female.pituitary.bldg","charcterization",7.37110788402462,17.9227433609958,"charcterization"
"23","blk12.x_male_pituitary_n5","blk12.x","male","pituitary","n5","male.pituitary.n5","charcterization",8.2542382266768,20.483396615694,"charcterization"
"24","blk17.x_male_pituitary_inc.d17","blk17.x","male","pituitary","inc.d17","male.pituitary.inc.d17","charcterization",7.78320022492572,20.4096031089448,"charcterization"
"25","blk19.x_female_pituitary_extend","blk19.x","female","pituitary","extend","female.pituitary.extend","manipulation",8.02082844723693,21.1400505047122,"timing"
"26","blk21.x_female_pituitary_hatch","blk21.x","female","pituitary","hatch","female.pituitary.hatch","charcterization",7.59527291369228,20.7400630789133,"charcterization"
"27","blk4.x_female_pituitary_n9","blk4.x","female","pituitary","n9","female.pituitary.n9","charcterization",7.4597016760646,19.5392985008176,"charcterization"
"28","blk5.x_male_pituitary_m.inc.d3","blk5.x","male","pituitary","m.inc.d3","male.pituitary.m.inc.d3","manipulation",7.38957225335725,17.8339377139483,"removal"
"29","blu.o.x.ATLAS_female_pituitary_control","blu.o.x.ATLAS","female","pituitary","control","female.pituitary.control","charcterization",7.75884392171324,21.2198555763889,"charcterization"
"30","blu10.w26.x_male_pituitary_m.hatch","blu10.w26.x","male","pituitary","m.n2","male.pituitary.m.n2","manipulation",7.6017490382769,19.082245419695,"removal"
"31","blu103.x_female_pituitary_hatch.NYNO","blu103.x","female","pituitary","hatch","female.pituitary.hatch","charcterization",7.45804259276834,20.2748903575104,"charcterization"
"32","blu104.w120.x_male_pituitary_hatch.NYNO","blu104.w120.x","male","pituitary","hatch","male.pituitary.hatch","charcterization",8.25888042376263,21.4950701404623,"charcterization"
"33","blu108.w40.o158_male_pituitary_inc.d9","blu108.w40.o158","male","pituitary","inc.d9","male.pituitary.inc.d9","charcterization",7.23235966109524,17.3571751505702,"charcterization"
"34","blu111.w113.x_male_pituitary_inc.d3","blu111.w113.x","male","pituitary","inc.d3","male.pituitary.inc.d3","charcterization",7.25190682868444,14.828595942497,"charcterization"
"35","blu113.w124.x_male_pituitary_inc.d17.NYNO","blu113.w124.x","male","pituitary","inc.d17","male.pituitary.inc.d17","charcterization",7.89530295516338,20.5045923441932,"charcterization"
"36","blu114.r38.w198_male_pituitary_bldg","blu114.r38.w198","male","pituitary","bldg","male.pituitary.bldg","charcterization",7.06689684369487,16.7720781653957,"charcterization"
"37","blu115.y150.x_female_pituitary_inc.prolong","blu115.y150.x","female","pituitary","prolong","female.pituitary.prolong","manipulation",7.57024825554843,19.1307205774027,"timing"
"38","blu119.w84.x_female_pituitary_m.inc.d8","blu119.w84.x","female","pituitary","m.inc.d8","female.pituitary.m.inc.d8","manipulation",7.27007141500767,17.7827192316576,"timing"
"39","blu121.w91.x_male_pituitary_inc.d17","blu121.w91.x","male","pituitary","inc.d17","male.pituitary.inc.d17","charcterization",8.06310844848752,20.794803866433,"charcterization"
"40","blu124.w180.x_female_pituitary_hatch","blu124.w180.x","female","pituitary","hatch","female.pituitary.hatch","charcterization",7.77396992646479,21.0186889317376,"charcterization"
"41","blu33.y88.x_male_pituitary_bldg","blu33.y88.x","male","pituitary","bldg","male.pituitary.bldg","charcterization",7.27843235647512,17.4656304624485,"charcterization"
"42","blu36.w16_female_pituitary_n9","blu36.w16","female","pituitary","n9","female.pituitary.n9","charcterization",7.39585503487644,19.0352375876671,"charcterization"
"43","blu37.r65.x_male_pituitary_n5","blu37.r65.x","male","pituitary","n5","male.pituitary.n5","charcterization",7.79954536627698,20.3210164488801,"charcterization"
"44","blu38.g135.x_female_pituitary_bldg","blu38.g135.x","female","pituitary","bldg","female.pituitary.bldg","charcterization",7.4202501221459,17.2551012527265,"charcterization"
"45","blu39.o26.x_female_pituitary_inc.d3.NYNO","blu39.o26.x","female","pituitary","inc.d3","female.pituitary.inc.d3","charcterization",7.29242012260062,17.8459754722486,"charcterization"
"46","blu41.y100.x_male_pituitary_n5","blu41.y100.x","male","pituitary","n5","male.pituitary.n5","charcterization",7.70784868841343,20.4031979730259,"charcterization"
"47","blu44.y102_female_pituitary_extend","blu44.y102","female","pituitary","extend","female.pituitary.extend","manipulation",7.56650933536119,19.8663430972962,"timing"
"48","blu47.y96.x_female_pituitary_inc.d9","blu47.y96.x","female","pituitary","inc.d9","female.pituitary.inc.d9","charcterization",7.57473775179472,18.0566128198277,"charcterization"
"49","blu55.g51_female_pituitary_n5","blu55.g51","female","pituitary","n5","female.pituitary.n5","charcterization",7.7474199916903,20.3126414070549,"charcterization"
"50","blu56.o53_female_pituitary_m.inc.d3","blu56.o53","female","pituitary","m.inc.d3","female.pituitary.m.inc.d3","manipulation",7.36156686181015,18.1700702458003,"removal"
"51","blu63.g62_female_pituitary_m.inc.d9","blu63.g62","female","pituitary","m.inc.d9","female.pituitary.m.inc.d9","manipulation",7.57229693257042,17.0347811650646,"removal"
"52","blu80.r97_female_pituitary_m.inc.d8","blu80.r97","female","pituitary","m.inc.d8","female.pituitary.m.inc.d8","manipulation",7.13356102664586,18.481923058525,"timing"
"53","blu81.r88_male_pituitary_n9","blu81.r88","male","pituitary","n9","male.pituitary.n9","charcterization",7.08834904678549,19.8972613065327,"charcterization"
"54","blu84.x_male_pituitary_extend.hatch","blu84.x","male","pituitary","extend","male.pituitary.extend","manipulation",7.7233671729103,20.5420886182955,"timing"
"55","d.r.blk.s159_female_pituitary_m.inc.d9","d.r.blk.s159","female","pituitary","m.inc.d9","female.pituitary.m.inc.d9","manipulation",7.48917501321045,17.8145049056556,"removal"
"56","d.s008.y.blk_male_pituitary_n5","d.s008.y.blk","male","pituitary","n5","male.pituitary.n5","charcterization",7.47935526934918,20.2792995549314,"charcterization"
"57","d.s047.blk.o_male_pituitary_n5","d.s047.blk.o","male","pituitary","n5","male.pituitary.n5","charcterization",7.44599665937877,19.9801008548222,"charcterization"
"58","d.s110.g.blk_male_pituitary_m.inc.d3","d.s110.g.blk","male","pituitary","m.inc.d3","male.pituitary.m.inc.d3","manipulation",7.250714256304,15.7550661340011,"removal"
"59","d.s112.blk.w_female_pituitary_m.inc.d17","d.s112.blk.w","female","pituitary","m.inc.d17","female.pituitary.m.inc.d17","manipulation",7.8547264572469,19.721486410284,"removal"
"60","d.s177.blk.r_female_pituitary_m.inc.d3","d.s177.blk.r","female","pituitary","m.inc.d3","female.pituitary.m.inc.d3","manipulation",7.5043897808181,17.5095440973029,"removal"
"61","g.blk.s004.pk_female_pituitary_lay","g.blk.s004.pk","female","pituitary","lay","female.pituitary.lay","charcterization",7.39902072535385,17.5326653762579,"charcterization"
"62","g.blk.s041.r_male_pituitary_m.inc.d3","g.blk.s041.r","male","pituitary","m.inc.d3","male.pituitary.m.inc.d3","manipulation",7.43528322184667,16.9860327172215,"removal"
"63","g.o.y.s037_male_pituitary_m.inc.d17","g.o.y.s037","male","pituitary","m.inc.d17","male.pituitary.m.inc.d17","manipulation",7.97240483766816,19.2606604341681,"removal"
"64","g.s.blk.d_male_pituitary_n9","g.s.blk.d","male","pituitary","n9","male.pituitary.n9","charcterization",7.58625995134549,19.2896234402427,"charcterization"
"65","g.s.blk.y_male_pituitary_lay","g.s.blk.y","male","pituitary","lay","male.pituitary.lay","charcterization",7.39670917503645,17.8608612413293,"charcterization"
"66","g.s043.pu.blk_male_pituitary_lay","g.s043.pu.blk","male","pituitary","lay","male.pituitary.lay","charcterization",7.07221194823132,17.6646764613237,"charcterization"
"67","g.s075.pk.pu_male_pituitary_m.hatch","g.s075.pk.pu","male","pituitary","m.n2","male.pituitary.m.n2","manipulation",7.50305541299853,18.9150272615182,"removal"
"68","g.s076.pk.r_female_pituitary_m.hatch","g.s076.pk.r","female","pituitary","m.n2","female.pituitary.m.n2","manipulation",7.45150616331423,19.5691125535668,"removal"
"69","g.s078.blk.o_female_pituitary_lay","g.s078.blk.o","female","pituitary","lay","female.pituitary.lay","charcterization",7.16583370335352,16.8269219148121,"charcterization"
"70","g.s111.r.blk_male_pituitary_m.inc.d8","g.s111.r.blk","male","pituitary","m.inc.d8","male.pituitary.m.inc.d8","manipulation",7.43754079831323,16.8285172378182,"timing"
"71","g.s179.o.pk_male_pituitary_m.inc.d8","g.s179.o.pk","male","pituitary","m.inc.d8","male.pituitary.m.inc.d8","manipulation",7.13277390993826,10.3068359273273,"timing"
"72","g.s351.pk.w_male_pituitary_extend","g.s351.pk.w","male","pituitary","extend","male.pituitary.extend","manipulation",7.47386501218297,20.3826351935131,"timing"
"73","g.y.blk.s006_female_pituitary_m.inc.d17","g.y.blk.s006","female","pituitary","m.inc.d17","female.pituitary.m.inc.d17","manipulation",7.20614588970563,19.2078670326084,"removal"
"74","g.y.o.s_male_pituitary_prolong","g.y.o.s","male","pituitary","prolong","male.pituitary.prolong","manipulation",7.9624209428394,20.696753591995,"timing"
"75","g104.w82.x_male_pituitary_bldg","g104.w82.x","male","pituitary","bldg","male.pituitary.bldg","charcterization",7.30493519457157,16.7048661647611,"charcterization"
"76","g114.w83.x_male_pituitary_hatch.NYNO","g114.w83.x","male","pituitary","hatch","male.pituitary.hatch","charcterization",7.69146499643683,19.4740128716787,"charcterization"
"77","g130.y81.x_male_pituitary_inc.d17","g130.y81.x","male","pituitary","inc.d17","male.pituitary.inc.d17","charcterization",8.01519025373276,20.407154207336,"charcterization"
"78","g137.r24.w5_male_pituitary_m.inc.d8","g137.r24.w5","male","pituitary","m.inc.d8","male.pituitary.m.inc.d8","manipulation",7.38033683648864,17.7989426800351,"timing"
"79","g141.blu27.x_female_pituitary_bldg","g141.blu27.x","female","pituitary","bldg","female.pituitary.bldg","charcterization",7.25863680282815,16.6770546532852,"charcterization"
"80","g142.r40.x_female_pituitary_inc.d17","g142.r40.x","female","pituitary","inc.d17","female.pituitary.inc.d17","charcterization",7.61063733716074,20.4269253165274,"charcterization"
"81","g143.blu32.x_male_pituitary_inc.d17","g143.blu32.x","male","pituitary","inc.d17","male.pituitary.inc.d17","charcterization",7.41532871644587,17.5808253481259,"charcterization"
"82","g144.r54.x_female_pituitary_m.inc.d3","g144.r54.x","female","pituitary","m.inc.d3","female.pituitary.m.inc.d3","manipulation",7.33804220474693,18.4092374311133,"removal"
"83","g146.blu51_male_pituitary_inc.d3","g146.blu51","male","pituitary","inc.d3","male.pituitary.inc.d3","charcterization",7.24103253717222,16.9696026173366,"charcterization"
"84","g17.w108.x_female_pituitary_extend","g17.w108.x","female","pituitary","extend","female.pituitary.extend","manipulation",7.24682365867119,20.7778318047268,"timing"
"85","g20.w106.x_male_pituitary_inc.d3","g20.w106.x","male","pituitary","inc.d3","male.pituitary.inc.d3","charcterization",7.34176618943075,17.9993146616721,"charcterization"
"86","g22.blu118_female_pituitary_extend","g22.blu118","female","pituitary","extend","female.pituitary.extend","manipulation",7.30952163851821,20.8421377396996,"timing"
"87","g3.g119.w20_male_pituitary_extend","g3.g119.w20","male","pituitary","extend","male.pituitary.extend","manipulation",7.32409864013718,20.433051126375,"timing"
"88","g32.blu79_male_pituitary_m.inc.d17","g32.blu79","male","pituitary","m.inc.d17","male.pituitary.m.inc.d17","manipulation",7.4870154892112,18.9549369916043,"removal"
"89","g34.x_male_pituitary_m.hatch","g34.x","male","pituitary","m.n2","male.pituitary.m.n2","manipulation",7.64747004384453,19.8903880657363,"removal"
"90","g38.x_male_pituitary_inc.prolong","g38.x","male","pituitary","prolong","male.pituitary.prolong","manipulation",7.51964412371279,19.0728431187427,"timing"
"91","g52.blu58_male_pituitary_bldg","g52.blu58","male","pituitary","bldg","male.pituitary.bldg","charcterization",7.34289765029491,17.1952954053744,"charcterization"
"92","g53.y84_male_pituitary_hatch","g53.y84","male","pituitary","hatch","male.pituitary.hatch","charcterization",7.69229882763077,20.706573134414,"charcterization"
"93","g6.w197.x_female_pituitary_inc.d3","g6.w197.x","female","pituitary","inc.d3","female.pituitary.inc.d3","charcterization",7.56732416462713,18.3489820488125,"charcterization"
"94","g63.blu65_female_pituitary_m.inc.d17","g63.blu65","female","pituitary","m.inc.d17","female.pituitary.m.inc.d17","manipulation",7.37713038231128,19.7667220769911,"removal"
"95","g73.x_female_pituitary_m.inc.d9","g73.x","female","pituitary","m.inc.d9","female.pituitary.m.inc.d9","manipulation",7.2708303356069,17.3416518811386,"removal"
"96","g75.x_female_pituitary_inc.d9","g75.x","female","pituitary","inc.d9","female.pituitary.inc.d9","charcterization",7.48669790298968,17.5939365642526,"charcterization"
"97","g8.y197_male_pituitary_extend","g8.y197","male","pituitary","extend","male.pituitary.extend","manipulation",7.34533778471104,20.5144339686819,"timing"
"98","l.s.o.blk_male_pituitary_extend","l.s.o.blk","male","pituitary","extend","male.pituitary.extend","manipulation",7.58552113779607,20.5861755313151,"timing"
"99","l.s.w.d_female_pituitary_m.hatch","l.s.w.d","female","pituitary","m.n2","female.pituitary.m.n2","manipulation",7.89950254873089,20.1271164906161,"removal"
"100","l.s024.y.g_male_pituitary_m.inc.d17","l.s024.y.g","male","pituitary","m.inc.d17","male.pituitary.m.inc.d17","manipulation",7.58003341356988,19.8000794327205,"removal"
"101","l.s052.pk.r_female_pituitary_prolong","l.s052.pk.r","female","pituitary","prolong","female.pituitary.prolong","manipulation",8.24785073990989,20.925404427485,"timing"
"102","l.s080.blk.r_male_pituitary_prolong","l.s080.blk.r","male","pituitary","prolong","male.pituitary.prolong","manipulation",7.51523598612316,18.1829398931615,"timing"
"103","l.s120.y.blk_female_pituitary_bldg","l.s120.y.blk","female","pituitary","bldg","female.pituitary.bldg","charcterization",7.17351430942535,16.2609523341476,"charcterization"
"104","l.s166.o.w_female_pituitary_prolong","l.s166.o.w","female","pituitary","prolong","female.pituitary.prolong","manipulation",7.55177300478064,20.6574891903997,"timing"
"105","l.s280.g.blk_male_pituitary_m.inc.d9","l.s280.g.blk","male","pituitary","m.inc.d9","male.pituitary.m.inc.d9","manipulation",7.45066768024861,18.0222040484066,"removal"
"106","o.d.s009_male_pituitary_m.inc.d9","o.d.s009","male","pituitary","m.inc.d9","male.pituitary.m.inc.d9","manipulation",7.55100273569365,17.5463828956415,"removal"
"107","o.s.w.r_male_pituitary_lay","o.s.w.r","male","pituitary","lay","male.pituitary.lay","charcterization",7.41799203710203,17.8920890885899,"charcterization"
"108","o.s010.r.blk_male_pituitary_m.inc.d3","o.s010.r.blk","male","pituitary","m.inc.d3","male.pituitary.m.inc.d3","manipulation",7.42366899302486,16.5746877197807,"removal"
"109","o.s084.w.blk_female_pituitary_m.inc.d17","o.s084.w.blk","female","pituitary","m.inc.d17","female.pituitary.m.inc.d17","manipulation",7.42873742862605,19.4490559219307,"removal"
"110","o114.blu9_male_pituitary_inc.prolong","o114.blu9","male","pituitary","prolong","male.pituitary.prolong","manipulation",7.84316881120731,20.647354190261,"timing"
"111","o152.o120.w42_male_pituitary_n5","o152.o120.w42","male","pituitary","n5","male.pituitary.n5","charcterization",7.37345453632459,19.8427082698565,"charcterization"
"112","o156.w80.x_female_pituitary_inc.d3","o156.w80.x","female","pituitary","inc.d3","female.pituitary.inc.d3","charcterization",7.35187635333735,17.9911846096724,"charcterization"
"113","o165.w122.x_female_pituitary_inc.d3.NYNO","o165.w122.x","female","pituitary","inc.d3","female.pituitary.inc.d3","charcterization",7.4531913327075,17.7832700879973,"charcterization"
"114","o169.r28.x_female_pituitary_m.inc.d17","o169.r28.x","female","pituitary","m.inc.d17","female.pituitary.m.inc.d17","manipulation",7.37323471562247,20.0301253974096,"removal"
"115","o172.w115.x_female_pituitary_hatch.NYNO","o172.w115.x","female","pituitary","hatch","female.pituitary.hatch","charcterization",7.85379130591779,21.2589177086467,"charcterization"
"116","o173.w179.x_female_pituitary_inc.d3","o173.w179.x","female","pituitary","inc.d3","female.pituitary.inc.d3","charcterization",7.37747066448313,18.2111884174608,"charcterization"
"117","o3.x_male_pituitary_m.n2","o3.x","male","pituitary","m.n2","male.pituitary.m.n2","manipulation",7.42837430092088,19.289060430404,"removal"
"118","o35.r51.x_female_pituitary_inc.d17","o35.r51.x","female","pituitary","inc.d17","female.pituitary.inc.d17","charcterization",7.18249213821836,19.7414143159069,"charcterization"
"119","o36.r62.x_female_pituitary_m.inc.d9","o36.r62.x","female","pituitary","m.inc.d9","female.pituitary.m.inc.d9","manipulation",7.54944301382731,17.1176457607732,"removal"
"120","o38.blu29.x_female_pituitary_bldg","o38.blu29.x","female","pituitary","bldg","female.pituitary.bldg","charcterization",7.30758353502808,17.5707970571506,"charcterization"
"121","o39.y77.x_male_pituitary_hatch","o39.y77.x","male","pituitary","hatch","male.pituitary.hatch","charcterization",7.89286776737683,20.6804612684229,"charcterization"
"122","o44.blu26.x_male_pituitary_hatch","o44.blu26.x","male","pituitary","hatch","male.pituitary.hatch","charcterization",7.7469614791399,20.5529046118315,"charcterization"
"123","o45.g128.x_female_pituitary_m.inc.d9","o45.g128.x","female","pituitary","m.inc.d9","female.pituitary.m.inc.d9","manipulation",7.30523374283423,17.9687821440886,"removal"
"124","o48.r197.x_male_pituitary_inc.d3","o48.r197.x","male","pituitary","inc.d3","male.pituitary.inc.d3","charcterization",7.54223087917326,17.7613091478587,"charcterization"
"125","o49.x_male_pituitary_inc.d9","o49.x","male","pituitary","inc.d9","male.pituitary.inc.d9","charcterization",7.21517901486229,18.4746914995339,"charcterization"
"126","o52.blu53_female_pituitary_inc.d17","o52.blu53","female","pituitary","inc.d17","female.pituitary.inc.d17","charcterization",8.06981377347469,20.5161422107841,"charcterization"
"127","o57.g59_male_pituitary_inc.d9","o57.g59","male","pituitary","inc.d9","male.pituitary.inc.d9","charcterization",7.40388231756826,18.2536162704053,"charcterization"
"128","o59.blu64_male_pituitary_m.inc.d17","o59.blu64","male","pituitary","m.inc.d17","male.pituitary.m.inc.d17","manipulation",7.50017577309155,19.978942847926,"removal"
"129","o73.x_female_pituitary_inc.d9","o73.x","female","pituitary","inc.d9","female.pituitary.inc.d9","charcterization",7.26274840414943,18.1793303275597,"charcterization"
"130","p.g.blk.s040_female_pituitary_m.inc.d8","p.g.blk.s040","female","pituitary","m.inc.d8","female.pituitary.m.inc.d8","manipulation",7.19997762504568,18.4517209829506,"timing"
"131","pk.s.d.g_male_pituitary_prolong","pk.s.d.g","male","pituitary","prolong","male.pituitary.prolong","manipulation",7.93045684707947,20.882381034748,"timing"
"132","pk.s011.o.y_female_pituitary_m.inc.d17","pk.s011.o.y","female","pituitary","m.inc.d17","female.pituitary.m.inc.d17","manipulation",7.4071754286903,18.2297996812877,"removal"
"133","pk.s054.d.g_female_pituitary_m.hatch","pk.s054.d.g","female","pituitary","m.n2","female.pituitary.m.n2","manipulation",7.6499027872537,20.3650819907569,"removal"
"134","pk.s055.d.l_female_pituitary_m.inc.d8","pk.s055.d.l","female","pituitary","m.inc.d8","female.pituitary.m.inc.d8","manipulation",7.34075751216785,18.3489977404957,"timing"
"135","pk.s238.blk.w_male_pituitary_lay","pk.s238.blk.w","male","pituitary","lay","male.pituitary.lay","charcterization",7.53998528071272,17.7112948000044,"charcterization"
"136","pk.w.s141.o_male_pituitary_lay","pk.w.s141.o","male","pituitary","lay","male.pituitary.lay","charcterization",7.30331385185681,17.7717622918589,"charcterization"
"137","pu.blk.s102.y_male_pituitary_m.inc.d8","pu.blk.s102.y","male","pituitary","m.inc.d8","male.pituitary.m.inc.d8","manipulation",7.23374496669209,17.8586479403248,"timing"
"138","pu.s.o.r_male_pituitary_m.hatch","pu.s.o.r","male","pituitary","m.n2","male.pituitary.m.n2","manipulation",8.04136715350137,20.2889807029082,"removal"
"139","r.r.x.ATLAS.R2XR_female_pituitary_control","r.r.x.ATLAS.R2XR","female","pituitary","control","female.pituitary.control","charcterization",7.45229536965948,19.1133161511216,"charcterization"
"140","r.r.x.ATLAS_female_pituitary_control","r.r.x.ATLAS","female","pituitary","control","female.pituitary.control","charcterization",7.51421212905358,19.3314637796,"charcterization"
"141","r.s005.pk.blk_male_pituitary_lay","r.s005.pk.blk","male","pituitary","lay","male.pituitary.lay","charcterization",7.38254232984652,15.8715535145006,"charcterization"
"142","r.s035.y.blk_female_pituitary_m.inc.d3","r.s035.y.blk","female","pituitary","m.inc.d3","female.pituitary.m.inc.d3","manipulation",7.3586849523848,17.6588645531771,"removal"
"143","r.s056.g.o_female_pituitary_bldg","r.s056.g.o","female","pituitary","bldg","female.pituitary.bldg","charcterization",7.44975668319091,17.62357172692,"charcterization"
"144","r.s057.g.pk_male_pituitary_extend","r.s057.g.pk","male","pituitary","extend","male.pituitary.extend","manipulation",7.40808821466642,18.9662489986595,"timing"
"145","r.s058.d.l_male_pituitary_m.inc.d8","r.s058.d.l","male","pituitary","m.inc.d8","male.pituitary.m.inc.d8","manipulation",7.3532899082518,16.7388518183642,"timing"
"146","r.s059.d.o_male_pituitary_bldg","r.s059.d.o","male","pituitary","bldg","male.pituitary.bldg","charcterization",7.40321415699474,17.0655632600694,"charcterization"
"147","r.s086.l.blk_male_pituitary_extend","r.s086.l.blk","male","pituitary","extend","male.pituitary.extend","manipulation",7.82455592953069,20.3759772227365,"timing"
"148","r.s116.blk.pu_male_pituitary_lay","r.s116.blk.pu","male","pituitary","lay","male.pituitary.lay","charcterization",7.21339466374108,16.4835517390274,"charcterization"
"149","r.s131.o.d_female_pituitary_extend","r.s131.o.d","female","pituitary","extend","female.pituitary.extend","manipulation",7.42928091851234,18.8110889135061,"timing"
"150","r.s171.l.w_female_pituitary_n9","r.s171.l.w","female","pituitary","n9","female.pituitary.n9","charcterization",7.37524188798464,19.5585158129852,"charcterization"
"151","r.s172.l.y_male_pituitary_extend","r.s172.l.y","male","pituitary","extend","male.pituitary.extend","manipulation",7.7154358506806,20.1720732804852,"timing"
"152","r.y.s007.blk_male_pituitary_n9","r.y.s007.blk","male","pituitary","n9","male.pituitary.n9","charcterization",7.47300942188293,19.3800035577079,"charcterization"
"153","r176.blu54_male_pituitary_inc.d17","r176.blu54","male","pituitary","inc.d17","male.pituitary.inc.d17","charcterization",8.15367710661581,19.9090360069011,"charcterization"
"154","r183.o22_female_pituitary_hatch","r183.o22","female","pituitary","hatch","female.pituitary.hatch","charcterization",8.02815628351694,20.1488408245483,"charcterization"
"155","r190.o43.x_male_pituitary_lay","r190.o43.x","male","pituitary","lay","male.pituitary.lay","charcterization",7.25395634203695,17.5270185127069,"charcterization"
"156","r194.x_female_pituitary_prolong","r194.x","female","pituitary","prolong","female.pituitary.prolong","manipulation",7.87402360226091,20.8706601815792,"timing"
"157","r195.x_male_pituitary_n9","r195.x","male","pituitary","n9","male.pituitary.n9","charcterization",7.41828183899379,19.1093889815275,"charcterization"
"158","r196.x_male_pituitary_m.inc.d9","r196.x","male","pituitary","m.inc.d9","male.pituitary.m.inc.d9","manipulation",7.51452945875346,17.2507175363144,"removal"
"159","r27.w111.blu125_female_pituitary_inc.d3","r27.w111.blu125","female","pituitary","inc.d3","female.pituitary.inc.d3","charcterization",7.17405738219274,17.8495878904442,"charcterization"
"160","r30.w112.r46_female_pituitary_inc.d9","r30.w112.r46","female","pituitary","inc.d9","female.pituitary.inc.d9","charcterization",7.24736574945914,17.7800967192745,"charcterization"
"161","r36.w184.x_female_pituitary_inc.d9","r36.w184.x","female","pituitary","inc.d9","female.pituitary.inc.d9","charcterization",7.51072116437304,18.5795834878442,"charcterization"
"162","r37.w100.x_male_pituitary_n9","r37.w100.x","male","pituitary","n9","male.pituitary.n9","charcterization",7.47245343568936,17.1682725184035,"charcterization"
"163","r4.x_male_pituitary_m.inc.d8","r4.x","male","pituitary","m.inc.d8","male.pituitary.m.inc.d8","manipulation",7.34984246739662,18.001773352757,"timing"
"164","r41.w99.x_male_pituitary_hatch","r41.w99.x","male","pituitary","hatch","male.pituitary.hatch","charcterization",7.98539410410906,20.9652956509307,"charcterization"
"165","r45.X_male_pituitary_inc.d9","r45.X","male","pituitary","inc.d9","male.pituitary.inc.d9","charcterization",7.01269533345111,17.751987793628,"charcterization"
"166","r49.w189.x_female_pituitary_inc.d17","r49.w189.x","female","pituitary","inc.d17","female.pituitary.inc.d17","charcterization",8.1468045871395,20.5739245122059,"charcterization"
"167","r6.x_female_pituitary_control","r6.x","female","pituitary","control","female.pituitary.control","charcterization",7.39968934022461,16.6884589306315,"charcterization"
"168","r72.y83.x_male_pituitary_hatch","r72.y83.x","male","pituitary","hatch","male.pituitary.hatch","charcterization",7.69994273653661,20.6249632057558,"charcterization"
"169","r73.g127.x_female_pituitary_inc.d3","r73.g127.x","female","pituitary","inc.d3","female.pituitary.inc.d3","charcterization",7.37851801169544,17.6543189933191,"charcterization"
"170","r81.x_male_pituitary_inc.prolong","r81.x","male","pituitary","prolong","male.pituitary.prolong","manipulation",7.68734036983518,19.7055848605474,"timing"
"171","r83.g45_female_pituitary_bldg","r83.g45","female","pituitary","bldg","female.pituitary.bldg","charcterization",7.49948987272083,17.6369202581894,"charcterization"
"172","r84.x_male_pituitary_m.inc.d9","r84.x","male","pituitary","m.inc.d9","male.pituitary.m.inc.d9","manipulation",7.3667686881058,16.7403173561935,"removal"
"173","r85.g39_male_pituitary_m.inc.d9.NYNO","r85.g39","male","pituitary","m.inc.d9","male.pituitary.m.inc.d9","manipulation",7.31116051450993,17.9438183864449,"removal"
"174","r90.x_male_pituitary_inc.prolong","r90.x","male","pituitary","prolong","male.pituitary.prolong","manipulation",8.06904170387638,19.8643587161753,"timing"
"175","r95.blu99_female_pituitary_n9","r95.blu99","female","pituitary","n9","female.pituitary.n9","charcterization",7.56971949221068,19.5981339233262,"charcterization"
"176","s.o.pk_female_pituitary_lay","s.o.pk","female","pituitary","lay","female.pituitary.lay","charcterization",7.30468734291352,17.9151070282805,"charcterization"
"177","s.pu.pk_female_pituitary_prolong","s.pu.pk","female","pituitary","prolong","female.pituitary.prolong","manipulation",8.1860918350442,20.7641426519849,"timing"
"178","s.pu148.blk.r_male_pituitary_bldg","s.pu148.blk.r","male","pituitary","bldg","male.pituitary.bldg","charcterization",7.30656552092324,17.056857463948,"charcterization"
"179","s.x.ATLAS_female_pituitary_control","s.x.ATLAS","female","pituitary","control","female.pituitary.control","charcterization",7.41930935000947,19.5601209858806,"charcterization"
"180","s002.x_female_pituitary_m.inc.d8","s002.x","female","pituitary","m.inc.d8","female.pituitary.m.inc.d8","manipulation",7.28463864412057,18.0668418696387,"timing"
"181","s038.g.d.blk_female_pituitary_m.inc.d17","s038.g.d.blk","female","pituitary","m.inc.d17","female.pituitary.m.inc.d17","manipulation",7.3916479901001,19.334318528755,"removal"
"182","s044.blk.d.r_male_pituitary_m.inc.d8","s044.blk.d.r","male","pituitary","m.inc.d8","male.pituitary.m.inc.d8","manipulation",7.24122507240529,17.7573236965726,"timing"
"183","s062.d.blk.g_male_pituitary_m.hatch","s062.d.blk.g","male","pituitary","m.n2","male.pituitary.m.n2","manipulation",7.47565789510604,19.0779198065316,"removal"
"184","s063.d.blk.l_female_pituitary_bldg","s063.d.blk.l","female","pituitary","bldg","female.pituitary.bldg","charcterization",7.12702834050319,15.2702347394571,"charcterization"
"185","s064.g.blk.pu_male_pituitary_m.inc.d17","s064.g.blk.pu","male","pituitary","m.inc.d17","male.pituitary.m.inc.d17","manipulation",7.55844056585884,19.0182108491628,"removal"
"186","s065.l.d.o_male_pituitary_bldg","s065.l.d.o","male","pituitary","bldg","male.pituitary.bldg","charcterization",7.50392960068515,17.4313468343194,"charcterization"
"187","s066.l.d.r_male_pituitary_bldg","s066.l.d.r","male","pituitary","bldg","male.pituitary.bldg","charcterization",7.40822789081709,17.4279079832449,"charcterization"
"188","s067.o.l.y_male_pituitary_m.inc.d8","s067.o.l.y","male","pituitary","m.inc.d8","male.pituitary.m.inc.d8","manipulation",7.38325438438457,17.8911566881251,"timing"
"189","s069.pk.pu.g_female_pituitary_m.inc.d3","s069.pk.pu.g","female","pituitary","m.inc.d3","female.pituitary.m.inc.d3","manipulation",7.23750316354363,17.9684247245474,"removal"
"190","s071.pu.g.pk_male_pituitary_m.inc.d3","s071.pu.g.pk","male","pituitary","m.inc.d3","male.pituitary.m.inc.d3","manipulation",7.54329547430586,16.5313501596423,"removal"
"191","s089.blk.pk.pu_female_pituitary_extend","s089.blk.pk.pu","female","pituitary","extend","female.pituitary.extend","manipulation",7.74671146914485,20.3125111767859,"timing"
"192","s090.blk.pk.w_male_pituitary_m.hatch","s090.blk.pk.w","male","pituitary","m.n2","male.pituitary.m.n2","manipulation",7.78005076747137,19.5280926436944,"removal"
"193","s091.blk.r.g_female_pituitary_m.inc.d8","s091.blk.r.g","female","pituitary","m.inc.d8","female.pituitary.m.inc.d8","manipulation",7.42222881926589,18.0725211126338,"timing"
"194","s092.blk.r.o_female_pituitary_bldg","s092.blk.r.o","female","pituitary","bldg","female.pituitary.bldg","charcterization",7.54341063846729,16.6184036686793,"charcterization"
"195","s093.blk.y.d_female_pituitary_m.inc.d3","s093.blk.y.d","female","pituitary","m.inc.d3","female.pituitary.m.inc.d3","manipulation",7.37152062504933,16.7417792659677,"removal"
"196","s095.g.blk.o_female_pituitary_lay","s095.g.blk.o","female","pituitary","lay","female.pituitary.lay","charcterization",7.21662754907101,17.0702320318464,"charcterization"
"197","s096.g.blk.pk_male_pituitary_m.inc.d17","s096.g.blk.pk","male","pituitary","m.inc.d17","male.pituitary.m.inc.d17","manipulation",7.73173649761192,19.3154048359259,"removal"
"198","s100.l.pk.blk_female_pituitary_m.inc.d17","s100.l.pk.blk","female","pituitary","m.inc.d17","female.pituitary.m.inc.d17","manipulation",7.35424188078153,20.1274883802363,"removal"
"199","s103.y.pk.blk_female_pituitary_m.inc.d3","s103.y.pk.blk","female","pituitary","m.inc.d3","female.pituitary.m.inc.d3","manipulation",7.3526701942928,17.7280081011841,"removal"
"200","s136.d.w.o_female_pituitary_lay","s136.d.w.o","female","pituitary","lay","female.pituitary.lay","charcterization",7.29481788546053,18.1511181796044,"charcterization"
"201","s137.g.blk.y_female_pituitary_extend","s137.g.blk.y","female","pituitary","extend","female.pituitary.extend","manipulation",7.25962924040723,20.1288869291468,"timing"
"202","s139.l.blk.w_male_pituitary_m.inc.d3","s139.l.blk.w","male","pituitary","m.inc.d3","male.pituitary.m.inc.d3","manipulation",7.53340713274418,17.2006686438684,"removal"
"203","s142.o.pk.pu_female_pituitary_lay","s142.o.pk.pu","female","pituitary","lay","female.pituitary.lay","charcterization",7.33358886686486,17.8084792281611,"charcterization"
"204","s150.w.g.blk_male_pituitary_lay","s150.w.g.blk","male","pituitary","lay","male.pituitary.lay","charcterization",7.47869933072342,17.1509250055536,"charcterization"
"205","s175.blk.pu.pk_male_pituitary_m.inc.d3","s175.blk.pu.pk","male","pituitary","m.inc.d3","male.pituitary.m.inc.d3","manipulation",7.46720693646474,17.0861975880604,"removal"
"206","s176.blk.pu.r_female_pituitary_lay","s176.blk.pu.r","female","pituitary","lay","female.pituitary.lay","charcterization",7.27661409665059,17.2067114677542,"charcterization"
"207","s186.l.o.pk_female_pituitary_extend","s186.l.o.pk","female","pituitary","extend","female.pituitary.extend","manipulation",7.39090028312556,20.2281344921769,"timing"
"208","s187.l.o.r_male_pituitary_n9","s187.l.o.r","male","pituitary","n9","male.pituitary.n9","charcterization",7.34177744104325,18.9647106463733,"charcterization"
"209","s243.blk.pk.r_male_pituitary_lay","s243.blk.pk.r","male","pituitary","lay","male.pituitary.lay","charcterization",7.26038171466446,17.7413040165753,"charcterization"
"210","s333.y.blk.pk_female_pituitary_m.hatch","s333.y.blk.pk","female","pituitary","m.n2","female.pituitary.m.n2","manipulation",7.27383768881357,20.0303379846578,"removal"
"211","w191.r1_female_pituitary_control","w191.r1","female","pituitary","control","female.pituitary.control","charcterization",7.52285675975371,16.7664980063098,"charcterization"
"212","w34.x_male_pituitary_inc.d9","w34.x","male","pituitary","inc.d9","male.pituitary.inc.d9","charcterization",7.33143396801499,18.1777194902388,"charcterization"
"213","x.blk.blk.ATLAS_male_pituitary_control","x.blk.blk.ATLAS","male","pituitary","control","male.pituitary.control","charcterization",7.6569143091685,18.0563695221643,"charcterization"
"214","x.blk16_male_pituitary_n9","x.blk16","male","pituitary","n9","male.pituitary.n9","charcterization",7.48875292334418,19.4276036450983,"charcterization"
"215","x.blk20_female_pituitary_prolong","x.blk20","female","pituitary","prolong","female.pituitary.prolong","manipulation",8.09849564615979,20.8101115901417,"timing"
"216","x.blk23_male_pituitary_m.n2","x.blk23","male","pituitary","m.n2","male.pituitary.m.n2","manipulation",7.58333588984491,19.3747760532403,"removal"
"217","x.blu.o.ATLAS_male_pituitary_control","x.blu.o.ATLAS","male","pituitary","control","male.pituitary.control","charcterization",7.34721858976649,18.5544253316899,"charcterization"
"218","x.blu101.w43_female_pituitary_inc.d9","x.blu101.w43","female","pituitary","inc.d9","female.pituitary.inc.d9","charcterization",7.38548063578368,18.136663708941,"charcterization"
"219","x.blu102.w105_female_pituitary_inc.d3","x.blu102.w105","female","pituitary","inc.d3","female.pituitary.inc.d3","charcterization",7.37650565482662,18.7090984827039,"charcterization"
"220","x.blu106.o153_male_pituitary_inc.d9.NYNO","x.blu106.o153","male","pituitary","inc.d9","male.pituitary.inc.d9","charcterization",7.59400073055365,18.9411090822506,"charcterization"
"221","x.blu109.w121_female_pituitary_n5","x.blu109.w121","female","pituitary","n5","female.pituitary.n5","charcterization",7.3170550523122,19.6041021518936,"charcterization"
"222","x.blu116.w107_female_pituitary_inc.d17.NYNO","x.blu116.w107","female","pituitary","inc.d17","female.pituitary.inc.d17","charcterization",8.43557241489758,20.9480912112462,"charcterization"
"223","x.blu117.w89_male_pituitary_inc.d17","x.blu117.w89","male","pituitary","inc.d17","male.pituitary.inc.d17","charcterization",8.3914351965457,21.1088321648794,"charcterization"
"224","x.blu122.r66_female_pituitary_inc.d9","x.blu122.r66","female","pituitary","inc.d9","female.pituitary.inc.d9","charcterization",7.38122807978681,17.5363025410954,"charcterization"
"225","x.blu23.w14_male_pituitary_n9","x.blu23.w14","male","pituitary","n9","male.pituitary.n9","charcterization",7.35303480361031,19.2420659838215,"charcterization"
"226","x.blu25_female_pituitary_m.inc.d9","x.blu25","female","pituitary","m.inc.d9","female.pituitary.m.inc.d9","manipulation",7.13325281420578,17.9143433656805,"removal"
"227","x.blu30_male_pituitary_n5","x.blu30","male","pituitary","n5","male.pituitary.n5","charcterization",7.46679882490126,20.0073081264892,"charcterization"
"228","x.blu42.o28_male_pituitary_inc.d3","x.blu42.o28","male","pituitary","inc.d3","male.pituitary.inc.d3","charcterization",7.2971415432459,17.2878422666142,"charcterization"
"229","x.blu43.g132_female_pituitary_n9","x.blu43.g132","female","pituitary","n9","female.pituitary.n9","charcterization",7.16816566128084,17.2749288020461,"charcterization"
"230","x.blu57_male_pituitary_prolong","x.blu57","male","pituitary","prolong","male.pituitary.prolong","manipulation",7.94577535065067,20.3779569113814,"timing"
"231","x.blu6.y80_female_pituitary_lay","x.blu6.y80","female","pituitary","lay","female.pituitary.lay","charcterization",7.09680642273516,15.1000829673879,"charcterization"
"232","x.blu69_male_pituitary_extend","x.blu69","male","pituitary","extend","male.pituitary.extend","manipulation",7.53902614356513,20.4023118385956,"timing"
"233","x.blu73_male_pituitary_extend","x.blu73","male","pituitary","extend","male.pituitary.extend","manipulation",7.6510056843544,19.9657560433526,"timing"
"234","x.blu76_male_pituitary_m.hatch","x.blu76","male","pituitary","m.n2","male.pituitary.m.n2","manipulation",7.73527055649881,19.4936259803068,"removal"
"235","x.blu94_female_pituitary_m.inc.d17","x.blu94","female","pituitary","m.inc.d17","female.pituitary.m.inc.d17","manipulation",7.60158782742841,19.8652207035307,"removal"
"236","x.blu96_female_pituitary_m.n2","x.blu96","female","pituitary","m.n2","female.pituitary.m.n2","manipulation",7.52085238250829,19.9340853089809,"removal"
"237","x.g.ATLAS_male_pituitary_control","x.g.ATLAS","male","pituitary","control","male.pituitary.control","charcterization",7.32172133596704,18.0991547111549,"charcterization"
"238","x.g.g.ATLAS_male_pituitary_control","x.g.g.ATLAS","male","pituitary","control","male.pituitary.control","charcterization",7.76924445677394,16.4214336622031,"charcterization"
"239","x.g.g.g.ATLAS_male_pituitary_control","x.g.g.g.ATLAS","male","pituitary","control","male.pituitary.control","charcterization",7.21200265554882,18.6122334287911,"charcterization"
"240","x.g13.w109_male_pituitary_inc.d9","x.g13.w109","male","pituitary","inc.d9","male.pituitary.inc.d9","charcterization",7.28428396817514,17.5531559212958,"charcterization"
"241","x.g14.w199_male_pituitary_inc.d17","x.g14.w199","male","pituitary","inc.d17","male.pituitary.inc.d17","charcterization",7.30201034646346,18.52205380913,"charcterization"
"242","x.g147.blu28_male_pituitary_inc.d3","x.g147.blu28","male","pituitary","inc.d3","male.pituitary.inc.d3","charcterization",7.30135086376705,17.4109658389993,"charcterization"
"243","x.g26_female_pituitary_m.inc.d8","x.g26","female","pituitary","m.inc.d8","female.pituitary.m.inc.d8","manipulation",7.34202306802908,17.9309746498974,"timing"
"244","x.g37_female_pituitary_n5","x.g37","female","pituitary","n5","female.pituitary.n5","charcterization",7.22631183213335,19.9196318419102,"charcterization"
"245","x.g4.w50_female_pituitary_n9","x.g4.w50","female","pituitary","n9","female.pituitary.n9","charcterization",7.70744464987486,18.1366995826133,"charcterization"
"246","x.g43_female_pituitary_n5","x.g43","female","pituitary","n5","female.pituitary.n5","charcterization",7.33694933940635,20.3915412603703,"charcterization"
"247","x.g49_female_pituitary_n5.NYNO","x.g49","female","pituitary","n5","female.pituitary.n5","charcterization",7.30861612100453,19.6228747421302,"charcterization"
"248","x.g5.w79_male_pituitary_m.inc.d3","x.g5.w79","male","pituitary","m.inc.d3","male.pituitary.m.inc.d3","manipulation",7.41667034976029,17.7196719682687,"removal"
"249","x.g50_female_pituitary_inc.prolong","x.g50","female","pituitary","prolong","female.pituitary.prolong","manipulation",8.00356975106485,20.1234434761339,"timing"
"250","x.g70_male_pituitary_hatch","x.g70","male","pituitary","hatch","male.pituitary.hatch","charcterization",8.03594180504673,20.7060388808131,"charcterization"
"251","x.g9.o166_female_pituitary_inc.d9.NYNO","x.g9.o166","female","pituitary","inc.d9","female.pituitary.inc.d9","charcterization",7.1403903872358,18.9759237464333,"charcterization"
"252","x.o117_male_pituitary_m.inc.d9","x.o117","male","pituitary","m.inc.d9","male.pituitary.m.inc.d9","manipulation",7.5325302208944,17.6949824894997,"removal"
"253","x.o159.w90_female_pituitary_inc.d17","x.o159.w90","female","pituitary","inc.d17","female.pituitary.inc.d17","charcterization",8.3206110926033,20.5967639314116,"charcterization"
"254","x.o160.w102_male_pituitary_hatch","x.o160.w102","male","pituitary","hatch","male.pituitary.hatch","charcterization",7.43935921590295,20.7317436467921,"charcterization"
"255","x.o163.w101_male_pituitary_inc.d3.NYNO","x.o163.w101","male","pituitary","inc.d3","male.pituitary.inc.d3","charcterization",7.32043375765567,14.0108718119662,"charcterization"
"256","x.o164.w123_male_pituitary_n5.NYNO","x.o164.w123","male","pituitary","n5","male.pituitary.n5","charcterization",7.90474786078412,20.1642184206849,"charcterization"
"257","x.o171.w45_female_pituitary_m.hatch","x.o171.w45","female","pituitary","m.n2","female.pituitary.m.n2","manipulation",7.41352181221317,20.1345968086437,"removal"
"258","x.o175.g21_female_pituitary_n5","x.o175.g21","female","pituitary","n5","female.pituitary.n5","charcterization",7.47706450471532,18.8108743074675,"charcterization"
"259","x.o2_male_pituitary_n9","x.o2","male","pituitary","n9","male.pituitary.n9","charcterization",7.31723376193349,18.4586331096872,"charcterization"
"260","x.o30.g134_male_pituitary_bldg","x.o30.g134","male","pituitary","bldg","male.pituitary.bldg","charcterization",7.59591727210402,17.0138719825548,"charcterization"
"261","x.o37.blu50_female_pituitary_hatch","x.o37.blu50","female","pituitary","hatch","female.pituitary.hatch","charcterization",7.88904799555052,21.134538146903,"charcterization"
"262","x.o40.r70_male_pituitary_m.inc.d17","x.o40.r70","male","pituitary","m.inc.d17","male.pituitary.m.inc.d17","manipulation",7.4431975436785,18.9501029665873,"removal"
"263","x.o47.y82_male_pituitary_inc.d9","x.o47.y82","male","pituitary","inc.d9","male.pituitary.inc.d9","charcterization",7.40457237199491,18.1171873690008,"charcterization"
"264","x.o4_male_pituitary_m.hatch","x.o4","male","pituitary","m.n2","male.pituitary.m.n2","manipulation",7.46060805198319,20.0818779485226,"removal"
"265","x.o61_female_pituitary_extend.hatch","x.o61","female","pituitary","extend","female.pituitary.extend","manipulation",7.57095330823148,20.1266684436811,"timing"
"266","x.o68_male_pituitary_n5","x.o68","male","pituitary","n5","male.pituitary.n5","charcterization",7.81533002646787,19.8574183560186,"charcterization"
"267","x.o70_female_pituitary_n5","x.o70","female","pituitary","n5","female.pituitary.n5","charcterization",7.64214323154026,19.7661919349606,"charcterization"
"268","x.r10.w18_male_pituitary_m.inc.d17","x.r10.w18","male","pituitary","m.inc.d17","male.pituitary.m.inc.d17","manipulation",7.56462526099241,19.2019690629207,"removal"
"269","x.r178_male_pituitary_hatch","x.r178","male","pituitary","hatch","male.pituitary.hatch","charcterization",7.54754636812357,20.7069300923848,"charcterization"
"270","x.r180_female_pituitary_m.inc.d3","x.r180","female","pituitary","m.inc.d3","female.pituitary.m.inc.d3","manipulation",7.32456323569169,18.6187318354732,"removal"
"271","x.r181_male_pituitary_n5","x.r181","male","pituitary","n5","male.pituitary.n5","charcterization",7.83227298366715,20.5216055477404,"charcterization"
"272","x.r185_male_pituitary_m.inc.d3","x.r185","male","pituitary","m.inc.d3","male.pituitary.m.inc.d3","manipulation",7.55981516657069,17.1585347809962,"removal"
"273","x.r29.w96_male_pituitary_inc.d17","x.r29.w96","male","pituitary","inc.d17","male.pituitary.inc.d17","charcterization",7.03582065168066,18.0795923603472,"charcterization"
"274","x.r33.w183_female_pituitary_inc.d3","x.r33.w183","female","pituitary","inc.d3","female.pituitary.inc.d3","charcterization",7.40077732283396,17.9771937597419,"charcterization"
"275","x.r39.g10_female_pituitary_bldg","x.r39.g10","female","pituitary","bldg","female.pituitary.bldg","charcterization",7.63079346155629,16.8818091337739,"charcterization"
"276","x.r44.w95_female_pituitary_hatch","x.r44.w95","female","pituitary","hatch","female.pituitary.hatch","charcterization",8.12738960275772,21.165570039041,"charcterization"
"277","x.r48.y139_female_pituitary_inc.d17.NYNO","x.r48.y139","female","pituitary","inc.d17","female.pituitary.inc.d17","charcterization",7.86963276280778,21.1367158023132,"charcterization"
"278","x.r50.w97_female_pituitary_n5","x.r50.w97","female","pituitary","n5","female.pituitary.n5","charcterization",7.29869458582768,19.0436447323596,"charcterization"
"279","x.r64.g140_male_pituitary_inc.d3","x.r64.g140","male","pituitary","inc.d3","male.pituitary.inc.d3","charcterization",7.41634576289073,16.8858840002083,"charcterization"
"280","x.r67.blu35_male_pituitary_bldg.NYNO","x.r67.blu35","male","pituitary","bldg","male.pituitary.bldg","charcterization",7.31284439603869,16.2461704099823,"charcterization"
"281","x.r74.o29_female_pituitary_m.hatch","x.r74.o29","female","pituitary","m.n2","female.pituitary.m.n2","manipulation",7.45678511175744,19.4429288741471,"removal"
"282","x.r76_female_pituitary_m.inc.d9","x.r76","female","pituitary","m.inc.d9","female.pituitary.m.inc.d9","manipulation",7.13587405868789,17.7762579606211,"removal"
"283","x.s188_female_pituitary_m.inc.d8","x.s188","female","pituitary","m.inc.d8","female.pituitary.m.inc.d8","manipulation",7.29495287321131,17.9079972948311,"timing"
"284","x.w178_female_pituitary_n9","x.w178","female","pituitary","n9","female.pituitary.n9","charcterization",7.27938730473333,19.6819333062894,"charcterization"
"285","x.w192.o157_male_pituitary_inc.d9","x.w192.o157","male","pituitary","inc.d9","male.pituitary.inc.d9","charcterization",7.40287399690793,17.2277941337518,"charcterization"
"286","x.w51_female_pituitary_lay","x.w51","female","pituitary","lay","female.pituitary.lay","charcterization",7.27532390665875,18.0989585211869,"charcterization"
"287","x.w6_female_pituitary_n9","x.w6","female","pituitary","n9","female.pituitary.n9","charcterization",7.48737283986662,18.4465407873569,"charcterization"
"288","x.y.s.ATLAS_male_pituitary_control","x.y.s.ATLAS","male","pituitary","control","male.pituitary.control","charcterization",7.56309031185562,18.4339318375365,"charcterization"
"289","x.y109_female_pituitary_inc.d9","x.y109","female","pituitary","inc.d9","female.pituitary.inc.d9","charcterization",7.34981899355419,18.1305093901588,"charcterization"
"290","x.y119.w11_female_pituitary_m.inc.d17","x.y119.w11","female","pituitary","m.inc.d17","female.pituitary.m.inc.d17","manipulation",7.53892497306319,19.8588071367407,"removal"
"291","x.y132.w76_male_pituitary_inc.d17","x.y132.w76","male","pituitary","inc.d17","male.pituitary.inc.d17","charcterization",7.88495548464638,20.0620818476936,"charcterization"
"292","x.y138.w176_female_pituitary_n9","x.y138.w176","female","pituitary","n9","female.pituitary.n9","charcterization",7.59637611050878,19.5442635074249,"charcterization"
"293","x.y141.w116_male_pituitary_inc.d9","x.y141.w116","male","pituitary","inc.d9","male.pituitary.inc.d9","charcterization",7.45703272953866,17.8046049704773,"charcterization"
"294","x.y145.r55_female_pituitary_inc.prolong","x.y145.r55","female","pituitary","prolong","female.pituitary.prolong","manipulation",7.73142361763743,20.7711727868174,"timing"
"295","x.y51_male_pituitary_m.inc.d8","x.y51","male","pituitary","m.inc.d8","male.pituitary.m.inc.d8","manipulation",7.4210039179092,17.5143243820425,"timing"
"296","x.y5_female_pituitary_m.inc.d8","x.y5","female","pituitary","m.inc.d8","female.pituitary.m.inc.d8","manipulation",7.1811919312044,17.4346506760963,"timing"
"297","x.y64_female_pituitary_extend","x.y64","female","pituitary","extend","female.pituitary.extend","manipulation",7.60518635048517,20.1363194996317,"timing"
"298","x.y79_male_pituitary_prolong","x.y79","male","pituitary","prolong","male.pituitary.prolong","manipulation",8.00403536865868,20.5035626246119,"timing"
"299","x.y90_female_pituitary_hatch","x.y90","female","pituitary","hatch","female.pituitary.hatch","charcterization",7.9572253254708,20.8363799677625,"charcterization"
"300","x.y93.g126_female_pituitary_inc.d9","x.y93.g126","female","pituitary","inc.d9","female.pituitary.inc.d9","charcterization",7.39742917570499,17.6461208452875,"charcterization"
"301","x.y9_female_pituitary_n9","x.y9","female","pituitary","n9","female.pituitary.n9","charcterization",7.34485366438245,19.1280892801649,"charcterization"
"302","y.s156.o.r_female_pituitary_lay","y.s156.o.r","female","pituitary","lay","female.pituitary.lay","charcterization",7.35688676271318,17.6051173061086,"charcterization"
"303","y.w.blk_male_pituitary_m.inc.d9","y.w.blk","male","pituitary","m.inc.d9","male.pituitary.m.inc.d9","manipulation",7.44819621464401,17.0035326962288,"removal"
"304","y12.x_female_pituitary_m.inc.d9","y12.x","female","pituitary","m.inc.d9","female.pituitary.m.inc.d9","manipulation",7.29333084748006,16.3218681009358,"removal"
"305","y126.w92.x_female_pituitary_inc.d17","y126.w92.x","female","pituitary","inc.d17","female.pituitary.inc.d17","charcterization",8.14419227273287,20.8102864070365,"charcterization"
"306","y128.g23.x_female_pituitary_inc.d9","y128.g23.x","female","pituitary","inc.d9","female.pituitary.inc.d9","charcterization",7.35929066482308,17.466215929471,"charcterization"
"307","y129.x_male_pituitary_n9","y129.x","male","pituitary","n9","male.pituitary.n9","charcterization",7.20104526944851,19.1196865545533,"charcterization"
"308","y13.x_female_pituitary_inc.d3","y13.x","female","pituitary","inc.d3","female.pituitary.inc.d3","charcterization",7.34144805215519,16.704693330322,"charcterization"
"309","y130.o170.x_female_pituitary_inc.d17","y130.o170.x","female","pituitary","inc.d17","female.pituitary.inc.d17","charcterization",8.0866128156146,20.565057933217,"charcterization"
"310","y131.w185.x_male_pituitary_n9","y131.w185.x","male","pituitary","n9","male.pituitary.n9","charcterization",7.37773840392903,19.719635760414,"charcterization"
"311","y133.w77.r58_male_pituitary_inc.d17","y133.w77.r58","male","pituitary","inc.d17","male.pituitary.inc.d17","charcterization",8.3617567334893,20.4849041865355,"charcterization"
"312","y135.blu107.x_female_pituitary_inc.d17.NYNO","y135.blu107.x","female","pituitary","inc.d17","female.pituitary.inc.d17","charcterization",8.56246962967168,21.1808993616549,"charcterization"
"313","y136.x_female_pituitary_inc.d17","y136.x","female","pituitary","inc.d17","female.pituitary.inc.d17","charcterization",7.53575863990587,18.272914483703,"charcterization"
"314","y140.w119.x_female_pituitary_inc.d9","y140.w119.x","female","pituitary","inc.d9","female.pituitary.inc.d9","charcterization",7.42072330442022,18.0726441642613,"charcterization"
"315","y146.r32.x_female_pituitary_inc.prolong","y146.r32.x","female","pituitary","prolong","female.pituitary.prolong","manipulation",7.79981718599102,20.4138576113515,"timing"
"316","y148.w81.g145_male_pituitary_m.inc.d17","y148.w81.g145","male","pituitary","m.inc.d17","male.pituitary.m.inc.d17","manipulation",7.54611468475848,19.8806555720789,"removal"
"317","y149.r52.x_male_pituitary_inc.d3","y149.r52.x","male","pituitary","inc.d3","male.pituitary.inc.d3","charcterization",7.53646279541539,16.4750805022006,"charcterization"
"318","y15.x_female_pituitary_hatch","y15.x","female","pituitary","hatch","female.pituitary.hatch","charcterization",7.76808423661978,20.4009412870621,"charcterization"
"319","y18.x_male_pituitary_m.inc.d3","y18.x","male","pituitary","m.inc.d3","male.pituitary.m.inc.d3","manipulation",7.33977075754084,17.4260818855954,"removal"
"320","y4.x_male_pituitary_m.inc.d17","y4.x","male","pituitary","m.inc.d17","male.pituitary.m.inc.d17","manipulation",7.97461842129957,20.607072448416,"removal"
"321","y55.x_male_pituitary_m.inc.d8","y55.x","male","pituitary","m.inc.d8","male.pituitary.m.inc.d8","manipulation",7.36985729340727,17.8177268604977,"timing"
"322","y6.o54_female_pituitary_n5","y6.o54","female","pituitary","n5","female.pituitary.n5","charcterization",7.58378323757076,19.901229415934,"charcterization"
"323","y63.x_male_pituitary_m.inc.d9","y63.x","male","pituitary","m.inc.d9","male.pituitary.m.inc.d9","manipulation",7.50662720033295,17.0469824975033,"removal"
"324","y7.g58_female_pituitary_hatch","y7.g58","female","pituitary","hatch","female.pituitary.hatch","charcterization",7.54103749775304,20.893638487342,"charcterization"
"325","y85.r71.x_female_pituitary_m.inc.d17","y85.r71.x","female","pituitary","m.inc.d17","female.pituitary.m.inc.d17","manipulation",7.32176944253136,19.7141367565968,"removal"
"326","y94.g133.x_female_pituitary_n5","y94.g133.x","female","pituitary","n5","female.pituitary.n5","charcterization",7.40408514592983,20.3283072911889,"charcterization"
"327","y95.g131.x_male_pituitary_inc.d9","y95.g131.x","male","pituitary","inc.d9","male.pituitary.inc.d9","charcterization",7.19369022150411,17.283033332489,"charcterization"
"328","y97.x_female_pituitary_n9","y97.x","female","pituitary","n9","female.pituitary.n9","charcterization",7.42052022493671,19.0679401424355,"charcterization"
"329","y98.g54_female_pituitary_m.hatch","y98.g54","female","pituitary","m.n2","female.pituitary.m.n2","manipulation",7.44656981227325,20.2530019419972,"removal"
"330","y98.o50.x_male_pituitary_inc.d3","y98.o50.x","male","pituitary","inc.d3","male.pituitary.inc.d3","charcterization",7.28657314915465,17.9084706203845,"charcterization"
