"","gene","direction.x","direction.y"
"1","A2ML2","female",NA
"2","A2ML4","male",NA
"3","AAED1","male",NA
"4","AARS2","female",NA
"5","ABCA1","male","lo"
"6","ABCA4","male",NA
"7","ABCB1LB","female","hi"
"8","ABCB9","female",NA
"9","ABCC1","female",NA
"10","ABCC5","male",NA
"11","ABCG1","male","lo"
"12","ABCG2","female","lo"
"13","ABCG4","male",NA
"14","ABHD17B","male",NA
"15","ABHD17C","male",NA
"16","ABHD2","female","hi"
"17","ABHD6","female",NA
"18","ABLIM3","female",NA
"19","AC004754.3","female",NA
"20","ACAA2","female",NA
"21","ACACA","female",NA
"22","ACAD10","female",NA
"23","ACADL","female",NA
"24","ACAP3","male","hi"
"25","ACE","female",NA
"26","ACER2","male",NA
"27","ACER3","female",NA
"28","ACKR2","female",NA
"29","ACOT13","female",NA
"30","ACOT9","female",NA
"31","ACPL2","female",NA
"32","ACSL5","female",NA
"33","ACSS2","female","hi"
"34","ACTR6","male",NA
"35","ACVRL1","female",NA
"36","ACYP1","male",NA
"37","ADAM22","female","hi"
"38","ADAMTS3","female","lo"
"39","ADAMTS5","female",NA
"40","ADAMTS6","male",NA
"41","ADAMTS7","female","lo"
"42","ADAMTSL2","female","hi"
"43","ADAMTSL3","female",NA
"44","ADAP1","male","lo"
"45","ADARB1","female","hi"
"46","ADGRL4","female","lo"
"47","ADGRV1","male",NA
"48","ADPRHL","female",NA
"49","AFAP1","female",NA
"50","AFAP1L1","female",NA
"51","AFP","female",NA
"52","AGBL4","female","hi"
"53","AGGF1","male",NA
"54","AGPAT2","female",NA
"55","AGR2","female","hi"
"56","AGTPBP1","male",NA
"57","AGTRAP","female",NA
"58","AGXT2","male",NA
"59","AIM1","male",NA
"60","AK3","male","lo"
"61","AK4","female",NA
"62","AK6","male",NA
"63","AK7","female",NA
"64","AKR1D1","male",NA
"65","AKTIP","female",NA
"66","ALAS1","female",NA
"67","ALDH1A1","female",NA
"68","ALDH1A2","female",NA
"69","ALDH7A1","male",NA
"70","ALDOB","female",NA
"71","ALG6","female",NA
"72","ALK","male",NA
"73","ALPK2","female",NA
"74","AMACR","male","lo"
"75","AMIGO2","male","hi"
"76","AMPD3","male",NA
"77","AMPH","female","lo"
"78","AMY1A","female",NA
"79","ANGPTL4","female",NA
"80","ANGPTL5","female",NA
"81","ANGPTL7","female",NA
"82","ANKRA2","male",NA
"83","ANKRD13A","female",NA
"84","ANKRD26","female",NA
"85","ANKRD29","male",NA
"86","ANKRD32","male",NA
"87","ANKRD47","female","lo"
"88","ANKRD9","male","lo"
"89","ANO1","female",NA
"90","ANPEP","female",NA
"91","ANTXR2","female","hi"
"92","ANTXRL","female",NA
"93","ANXA1","male",NA
"94","AP1S3","male",NA
"95","AP3B1","male",NA
"96","AP3S1","male",NA
"97","APBA1","male",NA
"98","APBB1IP","male",NA
"99","APCDD1L","female",NA
"100","APEH","female",NA
"101","APOA1","male","lo"
"102","APOBEC2","female",NA
"103","APOD","male",NA
"104","APOH","male",NA
"105","AR","female",NA
"106","ARAP3","female","lo"
"107","AREL1","female",NA
"108","ARFRP1","male","hi"
"109","ARHGAP17","female",NA
"110","ARHGAP24","female","lo"
"111","ARHGEF1","female",NA
"112","ARHGEF16","female",NA
"113","ARHGEF33","female",NA
"114","ARHGEF39","male",NA
"115","ARID4B","female","hi"
"116","ARID5B","female",NA
"117","ARL15","male","lo"
"118","ARL6IP5","male","hi"
"119","ARNT2","female",NA
"120","ARPC3","male",NA
"121","ARRDC1","male",NA
"122","ARRDC3","female",NA
"123","ARSB","male",NA
"124","ARSI","male","lo"
"125","ARSK","male",NA
"126","ASAH1","female",NA
"127","ASB15","female",NA
"128","ASB2","male",NA
"129","ASIC4","female",NA
"130","ATF1","male",NA
"131","ATG12","male",NA
"132","ATG4A","female","hi"
"133","ATIC","female",NA
"134","ATN1","male",NA
"135","ATP10A","female",NA
"136","ATP11A","female",NA
"137","ATP12A","male",NA
"138","ATP1A3","male","lo"
"139","ATP1B3","male",NA
"140","ATP4B","male","hi"
"141","ATP5A1","male",NA
"142","ATP6V0E2","male",NA
"143","ATP6V1C1","male",NA
"144","ATP6V1G1","male",NA
"145","ATP6V1H","male",NA
"146","ATRNL1","female",NA
"147","ATXN10","female",NA
"148","ATXN7","female","hi"
"149","AUH","male",NA
"150","AUTS2","female",NA
"151","AVD","male",NA
"152","AVDL","male",NA
"153","AVPR1A","male",NA
"154","AVPR1B","male",NA
"155","AZIN1","female","hi"
"156","B3GALNT2","male",NA
"157","B3GLCT","male",NA
"158","B4GALNT3","female",NA
"159","B4GALNT4","female",NA
"160","B4GALT1","male",NA
"161","BAMBI","female","lo"
"162","BASP1","male","hi"
"163","BCAR3","female",NA
"164","BCAT1","female","hi"
"165","BCHE","female",NA
"166","BCL10","female",NA
"167","BCO2","male",NA
"168","BDP1L","male",NA
"169","BEAN1","male",NA
"170","BEST3","female",NA
"171","BHLHA15","female",NA
"172","BHMT","male",NA
"173","BNC2","male",NA
"174","BOC","female",NA
"175","BOK","female",NA
"176","BORCS5","female",NA
"177","BRF1","female","hi"
"178","BRIP1","female",NA
"179","BRIX1","male",NA
"180","BTBD6","female",NA
"181","BTBD7","female",NA
"182","BTC","female",NA
"183","BTF3","male",NA
"184","BX255923.2","male",NA
"185","BZRAP1","female",NA
"186","C10ORF10","female",NA
"187","C11H19ORF40","female",NA
"188","C11ORF52","female",NA
"189","C12H3ORF67","male",NA
"190","C12ORF57","female",NA
"191","C12ORF75","male",NA
"192","C14H17ORF103","female",NA
"193","C15H12ORF49","female",NA
"194","C17ORF58","female",NA
"195","C1H12ORF40","male",NA
"196","C1H12ORF5","male","hi"
"197","C1H12ORF63","female",NA
"198","C1HXORF36","female",NA
"199","C1QTNF5","female",NA
"200","C1R","female",NA
"201","C20ORF196","female",NA
"202","C2CD2","female",NA
"203","C2H8ORF46","male","hi"
"204","C3H2ORF43","male","lo"
"205","C3H2orf71","female",NA
"206","C5","female",NA
"207","C5H11ORF58","female",NA
"208","C5H11ORF96","male",NA
"209","C5H14ORF159","female",NA
"210","C5ORF30","male",NA
"211","C6H10ORF118","female",NA
"212","C6H10ORF76","male",NA
"213","C7","male","lo"
"214","C8B","male",NA
"215","C9H2ORF72","female",NA
"216","C9ORF72","male",NA
"217","C9ORF85","male",NA
"218","CA10","female",NA
"219","CA4","female",NA
"220","CA9","male",NA
"221","CAAP1","male",NA
"222","CACFD1","female","hi"
"223","CACNA1D","female","hi"
"224","CADM2","male",NA
"225","CADM3","female",NA
"226","CALB1","female",NA
"227","CALCRL","female","lo"
"228","CAMK4","male",NA
"229","CAMTA1","female","hi"
"230","CAPN14","female",NA
"231","CAPN6","female",NA
"232","CAPN7","female",NA
"233","CAPRIN2","female",NA
"234","CAPSL","male",NA
"235","CARD10","female",NA
"236","CARNMT1","male",NA
"237","CARTPT","male",NA
"238","CASC4","male",NA
"239","CASD1","female",NA
"240","CASKIN2","female",NA
"241","CASP7","female",NA
"242","CAST","male",NA
"243","CBX6","female","hi"
"244","CC2D1B","female",NA
"245","CCBE1","male",NA
"246","CCDC125","male",NA
"247","CCDC169","female",NA
"248","CCDC171","male",NA
"249","CCDC3","female",NA
"250","CCDC78","female",NA
"251","CCDC85C","female",NA
"252","CCL1","male",NA
"253","CCL20","female",NA
"254","CCL28","male",NA
"255","CCL5","male",NA
"256","CCM2L","female",NA
"257","CCNB2","male",NA
"258","CCND1","male",NA
"259","CCND2","male","hi"
"260","CCNE1","female",NA
"261","CCNF","female",NA
"262","CCNH","male",NA
"263","CCSAP","male",NA
"264","CD151","female",NA
"265","CD24","male","hi"
"266","CD274","male",NA
"267","CD34","female","lo"
"268","CD47","male",NA
"269","CD9","female",NA
"270","CD93","female",NA
"271","CDC14B","male",NA
"272","CDC27","female",NA
"273","CDC37L1","male",NA
"274","CDC42","male",NA
"275","CDC42EP1","female","lo"
"276","CDC42SE2","male",NA
"277","CDCA7L","female",NA
"278","CDCP1","male",NA
"279","CDH18","male",NA
"280","CDH19","male",NA
"281","CDH4","female","lo"
"282","CDH5","female",NA
"283","CDH7","female",NA
"284","CDH8","male",NA
"285","CDHR5","male",NA
"286","CDK7","male",NA
"287","CDKN1A","female",NA
"288","CDKN1B","female",NA
"289","CDO1","male",NA
"290","CEBPA","female",NA
"291","CEBPZ","male",NA
"292","CECR5","female",NA
"293","CELF2","female",NA
"294","CELF4","male",NA
"295","CELF5","male","lo"
"296","CENPK","male","hi"
"297","CENPV","male",NA
"298","CEP120","male",NA
"299","CEP126","female",NA
"300","CEP170B","female",NA
"301","CEP41","female",NA
"302","CEP78","male",NA
"303","CEP83","female",NA
"304","CERK","male","hi"
"305","CERS4","female","lo"
"306","CETN3","male","lo"
"307","CETP","male",NA
"308","CFAP44","female","lo"
"309","CFHR2","male","lo"
"310","CHDH","female",NA
"311","CHGA","female",NA
"312","CHKA","female","hi"
"313","CHPF","female","hi"
"314","CHRDL1","male",NA
"315","CHRNA3","male",NA
"316","CHRNA5","male",NA
"317","CHRNA6","male",NA
"318","CHRNA7","male",NA
"319","CHRNB4","male","hi"
"320","CHST15","female",NA
"321","CHST3","female",NA
"322","CHST9","female",NA
"323","CIAPIN1","female",NA
"324","CIDEC","female",NA
"325","CIRBP","female",NA
"326","CISD1","male",NA
"327","CISD2","female",NA
"328","CITED4","female",NA
"329","CKMT1A","female",NA
"330","CKS2","male","hi"
"331","CLDN1","female",NA
"332","CLIC2","female","lo"
"333","CLIC4","male",NA
"334","CLIC6","male","lo"
"335","CLMP","male","lo"
"336","CLTA","male",NA
"337","CLU","male",NA
"338","CLUH","female",NA
"339","CMAS","female","hi"
"340","CMBL","male",NA
"341","CMYA5","male",NA
"342","CNKSR2","male",NA
"343","CNKSR3","female",NA
"344","CNP","male",NA
"345","CNR1","male",NA
"346","CNRIP1","male",NA
"347","CNST","female",NA
"348","CNTFR","female","hi"
"349","CNTLN","male","hi"
"350","CNTN4","female",NA
"351","CNTNAP4","male",NA
"352","CNTNAP5","male",NA
"353","COG1","female",NA
"354","COG6","male",NA
"355","COL12A1","male",NA
"356","COL13A1","female",NA
"357","COL18A1","male",NA
"358","COL26A1","female",NA
"359","COL4A3BP","male",NA
"360","COL4A5","female",NA
"361","COL4A6","female",NA
"362","COL6A1","male","lo"
"363","COL6A2","male","lo"
"364","COL8A1","male",NA
"365","COMMD10","male",NA
"366","COPA","female","hi"
"367","COPB2","female","hi"
"368","COPG1","female",NA
"369","COPG2","male",NA
"370","COPS7B","female",NA
"371","COQ6","female",NA
"372","CORO2A","male",NA
"373","CORO2B","male",NA
"374","CORO6","male",NA
"375","CORO7","female",NA
"376","COTL1","female",NA
"377","COX7C","male",NA
"378","CPEB4","female",NA
"379","CPLX1","male",NA
"380","CPM","male",NA
"381","CPNE8","female","lo"
"382","CPPED1","female",NA
"383","CPQ","female",NA
"384","CPT1A","female",NA
"385","CPT2","female",NA
"386","CPZ","male",NA
"387","CR1L","female",NA
"388","CRAT","female",NA
"389","CREB3","male",NA
"390","CREG2","male",NA
"391","CRHR1","male","lo"
"392","CRISPLD2","male",NA
"393","CRKL","female",NA
"394","CRMP1","male",NA
"395","CROT","female",NA
"396","CRYBA2","female",NA
"397","CRYBG3","female",NA
"398","CSGALNACT1","female",NA
"399","CSMD3","female",NA
"400","CSNK1G2","male",NA
"401","CSRP1","female",NA
"402","CSTF1","female",NA
"403","CSTF3","female","hi"
"404","CTBP1","male","hi"
"405","CTBS","female","hi"
"406","CTC-487M23.8","male",NA
"407","CTC-554D6.1","male",NA
"408","CTD-2287O16.3","male",NA
"409","CTGF","male",NA
"410","CTHRC1","male",NA
"411","CTIF","male",NA
"412","CTNNBL1","female",NA
"413","CTPS2","female",NA
"414","CTSA","female",NA
"415","CTSO","female",NA
"416","CUL1","male",NA
"417","CWC27","male",NA
"418","CYBRD1","female",NA
"419","CYP26A1","male","lo"
"420","CYP2D6","female",NA
"421","CYP4B1L","female","lo"
"422","CYYR1","female",NA
"423","CZH18ORF25","male",NA
"424","CZH5ORF28","male",NA
"425","CZH5ORF34","male",NA
"426","CZH5ORF42","male",NA
"427","CZH5ORF51","male",NA
"428","CZH5ORF63","male",NA
"429","CZH9ORF3","male",NA
"430","CZH9ORF40","male",NA
"431","CZH9ORF64","male",NA
"432","CZH9ORF84","male",NA
"433","DAB2","male",NA
"434","DACT1","female","lo"
"435","DACT2","male","lo"
"436","DAPK1","male","lo"
"437","DAW1","male",NA
"438","DBN1","male",NA
"439","DBX2","female",NA
"440","DCAF10","male","lo"
"441","DCAF12","male",NA
"442","DCAF4","female",NA
"443","DCAF6","female",NA
"444","DCDC2","female",NA
"445","DCHS1","female",NA
"446","DCN","male",NA
"447","DCP2","male",NA
"448","DCTN3","male",NA
"449","DDAH1","female",NA
"450","DDC","female",NA
"451","DDI2","female",NA
"452","DDOST","female","hi"
"453","DDX17","female",NA
"454","DDX31","female",NA
"455","DDX3X","male",NA
"456","DDX4","male",NA
"457","DDX43","female",NA
"458","DECR1","female",NA
"459","DENND2D","female",NA
"460","DENND4C","male",NA
"461","DEPDC5","female",NA
"462","DEPTOR","female",NA
"463","DERL2","female","hi"
"464","DFNB59","female",NA
"465","DGKQ","male",NA
"466","DGKZ","female","lo"
"467","DHCR24","male",NA
"468","DHFR","male",NA
"469","DHODH","female","hi"
"470","DHRS3","male","lo"
"471","DHX29","male",NA
"472","DHX32","male",NA
"473","DIMT1","male",NA
"474","DIO2","male","lo"
"475","DIS3L","female",NA
"476","DLAT","female",NA
"477","DLD","female",NA
"478","DLGAP3","male","lo"
"479","DMGDH","male",NA
"480","DMRTA2","male","lo"
"481","DMXL1","male",NA
"482","DNAH10","male",NA
"483","DNAI1","male",NA
"484","DNAJA1","male",NA
"485","DNAJA4","male",NA
"486","DNAJB5","male",NA
"487","DNAJC1","female","hi"
"488","DNAJC21","male",NA
"489","DNAJC25","male",NA
"490","DNAJC6","male",NA
"491","DNAL1","female",NA
"492","DNAL4","female",NA
"493","DNM1L","female",NA
"494","DOCK8","male",NA
"495","DPAGT1","female",NA
"496","DPH2","female",NA
"497","DPP6","male","lo"
"498","DPT","male",NA
"499","DPY30","male",NA
"500","DRCC1","female",NA
"501","DRD1","male",NA
"502","DSE","male",NA
"503","DSTYK","female",NA
"504","DTWD2","male",NA
"505","DTX1","female",NA
"506","DTYMK","female",NA
"507","DUS1L","female","hi"
"508","DUSP7","male","lo"
"509","DUSP8","male",NA
"510","DYM","female",NA
"511","DYNC1I2","female",NA
"512","DYNC2H1","female",NA
"513","DYSF","female","lo"
"514","E2F3","female",NA
"515","ECEL1","female",NA
"516","ECHDC2","female",NA
"517","ECHS1","female",NA
"518","EDN1","male",NA
"519","EDN3","male","lo"
"520","EEF1A1","female","hi"
"521","EEF2","female","hi"
"522","EEFSEC","female",NA
"523","EEPD1","male","lo"
"524","EFCAB1","female",NA
"525","EFCC1","male","hi"
"526","EFHC1","female",NA
"527","EFNA5","male",NA
"528","EGFL6","female",NA
"529","EGFL7","female","lo"
"530","EGFLAM","male","lo"
"531","EHD3","female",NA
"532","EIF3L","female","hi"
"533","EIF4E3","male",NA
"534","EIF4G2","male","hi"
"535","EIF5","female","hi"
"536","ELAC2","female",NA
"537","ELK3","female","lo"
"538","ELMO3","female",NA
"539","ELN","male",NA
"540","ELOVL1","female",NA
"541","ELOVL5","male",NA
"542","ELOVL7","male",NA
"543","EMB","male",NA
"544","EMCN","female","lo"
"545","EMID1","female",NA
"546","EMILIN3","male",NA
"547","EMP2","male",NA
"548","ENAH","female",NA
"549","ENO1","female",NA
"550","ENO2","female","hi"
"551","ENOPH1","female",NA
"552","ENPP2","male",NA
"553","ENPP6","male","lo"
"554","ENS-3","female",NA
"555","EPAS1","female",NA
"556","EPB41L1","male",NA
"557","EPB41L4A","male",NA
"558","EPG5","male",NA
"559","EPHA1","female",NA
"560","EPHA4","male",NA
"561","EPHB1","female",NA
"562","EPHB2","female",NA
"563","EPHX4","female","hi"
"564","ERAP1","male",NA
"565","ERBB2IP","male","lo"
"566","ERCC6L2","male",NA
"567","ERCC8","male",NA
"568","ERICH5","male",NA
"569","ERLIN2","female",NA
"570","ERMN","male",NA
"571","ERMP1","male",NA
"572","ERRFI1","female",NA
"573","ESAM","female",NA
"574","ETFA","female",NA
"575","ETS1","female","lo"
"576","ETV5","female",NA
"577","EXD3","male",NA
"578","EXOC4","female","hi"
"579","EXOC5","male",NA
"580","EXOSC10","female",NA
"581","EXPH5","female",NA
"582","EXT2","female","hi"
"583","F10","male","lo"
"584","F13A1","male","hi"
"585","F2R","male",NA
"586","F2RL2","male",NA
"587","F8","female",NA
"588","FA2H","male",NA
"589","FAAH","female",NA
"590","FADS2","female",NA
"591","FAM101B","male",NA
"592","FAM102A","female",NA
"593","FAM103A1","male",NA
"594","FAM104A","female",NA
"595","FAM107B","male","lo"
"596","FAM110C","male",NA
"597","FAM114A1","female","hi"
"598","FAM120A","female",NA
"599","FAM120B","female",NA
"600","FAM122A","male",NA
"601","FAM132A","female",NA
"602","FAM13B","male",NA
"603","FAM161B","male",NA
"604","FAM167A","male",NA
"605","FAM168A","male",NA
"606","FAM169A","male",NA
"607","FAM171B","female",NA
"608","FAM172A","male",NA
"609","FAM174A","male",NA
"610","FAM174B","male",NA
"611","FAM179A","female",NA
"612","FAM189A2","male",NA
"613","FAM195A","female",NA
"614","FAM196A","male",NA
"615","FAM20A","male",NA
"616","FAM210B","male",NA
"617","FAM38A","female",NA
"618","FAM63B","male",NA
"619","FAM83B","female",NA
"620","FAM84B","female",NA
"621","FAM89A","male",NA
"622","FAN1","female",NA
"623","FANCC","male","hi"
"624","FARP1","female",NA
"625","FAXC","male",NA
"626","FBLN1","male","lo"
"627","FBN2","male",NA
"628","FBP1","male",NA
"629","FBXL17","male",NA
"630","FBXL3","male",NA
"631","FBXO32","male",NA
"632","FBXO33","female",NA
"633","FBXO4","male",NA
"634","FBXW4","female",NA
"635","FBXW8","female",NA
"636","FCGBP","female",NA
"637","FCHO2","male",NA
"638","FDX1L","female",NA
"639","FEM1C","male",NA
"640","FEN1","male",NA
"641","FER","male",NA
"642","FGF10","male",NA
"643","FGF5","female",NA
"644","FGGY","female",NA
"645","FGL2","male","lo"
"646","FHIT","female",NA
"647","FICD","female","hi"
"648","FILIP1L","male","lo"
"649","FITM2","male",NA
"650","FKBP9","female",NA
"651","FKTN","male",NA
"652","FLI1","female","lo"
"653","FLRT3","female",NA
"654","FLT1","female",NA
"655","FLT4","female","lo"
"656","FLVCR2","female",NA
"657","FNDC1","male","lo"
"658","FNDC3B","female","hi"
"659","FNDC4","male",NA
"660","FOCAD","male",NA
"661","FOXC1","male",NA
"662","FOXN4","female",NA
"663","FOXP1","female",NA
"664","FOXP2","female",NA
"665","FREM1","male",NA
"666","FREM3","male",NA
"667","FRMD1","female",NA
"668","FRMD3","male",NA
"669","FRMD4B","female","lo"
"670","FRMPD1","male",NA
"671","FRZB","female",NA
"672","FSD1L","male",NA
"673","FSHB","female",NA
"674","FST","male",NA
"675","FTL","male","hi"
"676","FUT8","female",NA
"677","FXN","male",NA
"678","FYB","male",NA
"679","FYN","female","lo"
"680","FZD7","male",NA
"681","FZD8","female",NA
"682","GAB1","male","hi"
"683","GAB2","male","hi"
"684","GAB3","female",NA
"685","GABRA5","female",NA
"686","GABRG1","female","lo"
"687","GABRG3","female",NA
"688","GAD2","male",NA
"689","GADD45B","male",NA
"690","GADL1","female","hi"
"691","GAK","male",NA
"692","GALC","female",NA
"693","GALNT1","male",NA
"694","GALNT5","male","lo"
"695","GALNT6","female",NA
"696","GALT","male",NA
"697","GAMT","female",NA
"698","GAS1","male","lo"
"699","GATA2","female","lo"
"700","GBA2","male",NA
"701","GBAS","female",NA
"702","GC","female",NA
"703","GCH1","male","hi"
"704","GCLC","male","hi"
"705","GCN1","female",NA
"706","GCNT1","male",NA
"707","GCNT4","male",NA
"708","GCOM1","male","lo"
"709","GDAP1L1","male",NA
"710","GDAP2","female","lo"
"711","GDPD2","male",NA
"712","GFM1","female",NA
"713","GFM2","male",NA
"714","GFRAL","male",NA
"715","GHRHR","female",NA
"716","GHRL","male","lo"
"717","GIN1","male",NA
"718","GIPC2","female",NA
"719","GJA3","female",NA
"720","GJA4","female","lo"
"721","GJB5","male",NA
"722","GK","male","hi"
"723","GLCCI1","female",NA
"724","GLDC","male","lo"
"725","GLG1","female","hi"
"726","GLIPR2","male",NA
"727","GLP1R","male",NA
"728","GLRA4","male","lo"
"729","GLUD1","female",NA
"730","GMPPA","female",NA
"731","GNA11","female","hi"
"732","GNA12","female",NA
"733","GNAQ","male",NA
"734","GNAZ","male",NA
"735","GNE","male",NA
"736","GNG10","male",NA
"737","GNG13","male",NA
"738","GNG2","male","lo"
"739","GNG4","male","hi"
"740","GNPTAB","female",NA
"741","GOLM1","male",NA
"742","GOLPH3","male",NA
"743","GORASP2","female","hi"
"744","GOT2","female",NA
"745","GPBP1L1","female",NA
"746","GPC3","male","lo"
"747","GPC5","male",NA
"748","GPC6","female","hi"
"749","GPD1L2","male",NA
"750","GPD2","male","lo"
"751","GPER1","male",NA
"752","GPHN","male",NA
"753","GPM6B","male",NA
"754","GPR112","female",NA
"755","GPR137B","female",NA
"756","GPR161","male",NA
"757","GPR56","female",NA
"758","GPR61","male",NA
"759","GPR63","female",NA
"760","GPR64","female",NA
"761","GPR85","female",NA
"762","GPRIN2","male",NA
"763","GPSM1","female",NA
"764","GPT2","male",NA
"765","GPX3","male",NA
"766","GPX8","male",NA
"767","GRB14","male","lo"
"768","GREB1","female",NA
"769","GRHPR","male",NA
"770","GRIA1","female",NA
"771","GRIA3","female",NA
"772","GRID2IP","female",NA
"773","GRIN1","female",NA
"774","GRIN2C","female",NA
"775","GRIN3A","male",NA
"776","GRIP1","male","hi"
"777","GRP","male",NA
"778","GRTP1","female","lo"
"779","GSN","male","lo"
"780","GSTZ1","female",NA
"781","GTF2B","female",NA
"782","GTF2H2","male",NA
"783","GTF2H5","male",NA
"784","GULP1","male",NA
"785","H2AFJ","male","lo"
"786","H3F3C","male",NA
"787","HABP4","male",NA
"788","HAPLN2","male",NA
"789","HAUS6","male",NA
"790","HCN1","male",NA
"791","HDAC4","female",NA
"792","HDAC8","female",NA
"793","HDHD2","male",NA
"794","HDLBP","female","hi"
"795","HEATR1","female",NA
"796","HELB","female",NA
"797","HEPH","female",NA
"798","HERPUD2","female",NA
"799","HES4","male",NA
"800","HGSNAT","female",NA
"801","HHLA2","female",NA
"802","HIBCH","female",NA
"803","HINT1","male",NA
"804","HINT2","male",NA
"805","HINT3","male",NA
"806","HIST1H2B5L","female",NA
"807","HIST1H2B7","female",NA
"808","HIVEP1","female",NA
"809","HM13","female","hi"
"810","HMGCR","male",NA
"811","HNRNPD","female",NA
"812","HNRNPK","male",NA
"813","HOOK3","male",NA
"814","HP1BP3","female",NA
"815","HPRT1","male","hi"
"816","HS3ST1","female",NA
"817","HS3ST5","female","hi"
"818","HS6ST3","male","hi"
"819","HSD17B4","male",NA
"820","HSDL2","male",NA
"821","HSPB1","male",NA
"822","HSPB3","male",NA
"823","HTR1F","female",NA
"824","HTR2C","male","lo"
"825","HTRA3","female",NA
"826","HYAL3","female",NA
"827","HYI","female",NA
"828","HYOU1","female","hi"
"829","HZGJ","male",NA
"830","IARS2","female",NA
"831","ICA1","female",NA
"832","ID1","female",NA
"833","ID2","female",NA
"834","IDH2","female",NA
"835","IDNK","male",NA
"836","IDUA","male",NA
"837","IER3IP1","male",NA
"838","IFI30","female","hi"
"839","IFITM10","male",NA
"840","IFNGR1","male",NA
"841","IFT122","female",NA
"842","IFT74","male",NA
"843","IGFBP4","male","lo"
"844","IGFBP7","female",NA
"845","IGSF11","female","lo"
"846","IGSF3","male","lo"
"847","IK","male",NA
"848","IKBKAP","male",NA
"849","IKBKE","female",NA
"850","IL12A","male","lo"
"851","IL18","male",NA
"852","IL1RAPL2","male",NA
"853","IL1RL1","male",NA
"854","IL20RA","male",NA
"855","IL22RA1","male",NA
"856","IL31RA","male",NA
"857","IL6ST","male",NA
"858","IMMT","female",NA
"859","INA","male",NA
"860","INADL","male",NA
"861","ING1","female",NA
"862","ING3","female",NA
"863","INHBA","female",NA
"864","INIP","male",NA
"865","INSM1","male","hi"
"866","IPP","male",NA
"867","IQCB1","female",NA
"868","IQCC","female",NA
"869","IQGAP2","male",NA
"870","IRF2BP2","male",NA
"871","IRF7","female",NA
"872","ISCA1","male","hi"
"873","ISLR","male","lo"
"874","ISOC1","male",NA
"875","ITGA1","male",NA
"876","ITGA8","female",NA
"877","ITGB5","male","lo"
"878","ITPR1","female",NA
"879","ITPR2","female",NA
"880","ITPR3","female",NA
"881","ITPRIPL2","male","lo"
"882","JADE3","male",NA
"883","JAG2","female","lo"
"884","JAKMIP3","male",NA
"885","JAM2","male",NA
"886","JAM3","male",NA
"887","JMY","male",NA
"888","KAT2B","male",NA
"889","KATNAL2","male",NA
"890","KATNB1","female",NA
"891","KCNAB1","male","lo"
"892","KCND2","male","lo"
"893","KCNE4","male","lo"
"894","KCNH7","female",NA
"895","KCNJ2","female",NA
"896","KCNJ3","male",NA
"897","KCNJ8","female","lo"
"898","KCNK5","female",NA
"899","KCNMA1","female","hi"
"900","KCNN2","male","lo"
"901","KCNQ1","female",NA
"902","KCNQ5","female",NA
"903","KCTD12","female",NA
"904","KCTD15","male","lo"
"905","KCTD16","female",NA
"906","KCTD2","male",NA
"907","KCTD7","male",NA
"908","KDELR3","female","hi"
"909","KDM2B","female",NA
"910","KDM3B","female",NA
"911","KDM4C","male",NA
"912","KDM6A","female",NA
"913","KHDRBS2","male",NA
"914","KIAA0020","male",NA
"915","KIAA0825","male",NA
"916","KIAA0930","female",NA
"917","KIAA1161","male",NA
"918","KIAA1328","male",NA
"919","KIAA1462","male",NA
"920","KIAA1467","female",NA
"921","KIAA1614","female",NA
"922","KIAA1715","male",NA
"923","KIAA1841","female",NA
"924","KIAA2018","female",NA
"925","KIAA2026","male",NA
"926","KIDINS220","male",NA
"927","KIF1B","female",NA
"928","KIF21B","female",NA
"929","KIF24","male",NA
"930","KIF27","male",NA
"931","KIF2A","male",NA
"932","KIFC3","female",NA
"933","KIN","female",NA
"934","KL","female",NA
"935","KLF10","female",NA
"936","KLF11","female",NA
"937","KLF13","male",NA
"938","KLF4","male","lo"
"939","KLF9","male",NA
"940","KLHL1","male","hi"
"941","KLHL13","male","hi"
"942","KLHL28","male",NA
"943","KLHL29","female",NA
"944","KLHL36","female",NA
"945","KLHL4","female",NA
"946","KLHL5","male",NA
"947","KLHL6","female",NA
"948","KLHL7","female",NA
"949","KREMEN1","female",NA
"950","KRT19","female",NA
"951","LAMA5","female",NA
"952","LAMP5","female",NA
"953","LANCL1","female","lo"
"954","LANCL2","male","hi"
"955","LAS1L","female",NA
"956","LDLRAD4","male",NA
"957","LGALS1","female",NA
"958","LGALS8","male",NA
"959","LGALSL","male",NA
"960","LGI2","female","lo"
"961","LIAS","female",NA
"962","LIN54","female",NA
"963","LIPG","female",NA
"964","LMAN1","female","hi"
"965","LMAN2","female",NA
"966","LMBR1L","female",NA
"967","LMBRD2","male",NA
"968","LMNB1","male","hi"
"969","LMO2","female",NA
"970","LNPEP","male",NA
"971","LOC100857197","male",NA
"972","LOC100857280","female",NA
"973","LOC100857445","female",NA
"974","LOC100857745","male",NA
"975","LOC100857781","female",NA
"976","LOC100857837","female",NA
"977","LOC100857902","male",NA
"978","LOC100858077","male",NA
"979","LOC100858107","male",NA
"980","LOC100858115","male","hi"
"981","LOC100858127","male",NA
"982","LOC100858579","male",NA
"983","LOC100858626","female",NA
"984","LOC100858799","male",NA
"985","LOC100858919","male","lo"
"986","LOC100858941","male",NA
"987","LOC100859020","female",NA
"988","LOC100859272","female",NA
"989","LOC100859284","male",NA
"990","LOC100859434","female",NA
"991","LOC100859478","female",NA
"992","LOC100859904","male",NA
"993","LOC100859906","male",NA
"994","LOC101747901","male",NA
"995","LOC101748065","male",NA
"996","LOC101748153","female",NA
"997","LOC101748283","male",NA
"998","LOC101748344","female",NA
"999","LOC101748527","female",NA
"1000","LOC101748559","male","hi"
"1001","LOC101748614","male",NA
"1002","LOC101748788","male",NA
"1003","LOC101749001","male",NA
"1004","LOC101749175","female",NA
"1005","LOC101749230","male","hi"
"1006","LOC101749375","female",NA
"1007","LOC101749492","male",NA
"1008","LOC101750188","female",NA
"1009","LOC101750393","male",NA
"1010","LOC101751203","female",NA
"1011","LOC101752289","female",NA
"1012","LOC107049015","male","lo"
"1013","LOC107049275","female",NA
"1014","LOC107049309","male",NA
"1015","LOC107049315","male","lo"
"1016","LOC107049317","male",NA
"1017","LOC107049322","male",NA
"1018","LOC107049324","male",NA
"1019","LOC107049327","female",NA
"1020","LOC107049346","male",NA
"1021","LOC107049717","female",NA
"1022","LOC107050049","female","hi"
"1023","LOC107050292","female",NA
"1024","LOC107050350","male",NA
"1025","LOC107050373","male","lo"
"1026","LOC107050569","male",NA
"1027","LOC107050608","male",NA
"1028","LOC107050724","female","hi"
"1029","LOC107050945","male",NA
"1030","LOC107051128","male",NA
"1031","LOC107051161","male","lo"
"1032","LOC107051489","male",NA
"1033","LOC107052324","male",NA
"1034","LOC107052389","male",NA
"1035","LOC107052863","female",NA
"1036","LOC107053040","male","hi"
"1037","LOC107053246","female",NA
"1038","LOC107053893","female",NA
"1039","LOC107054425","female",NA
"1040","LOC107055115","female",NA
"1041","LOC107055116","female",NA
"1042","LOC107055438","female",NA
"1043","LOC107055637","female",NA
"1044","LOC107055731","female",NA
"1045","LOC107056260","female",NA
"1046","LOC107057057","female",NA
"1047","LOC107057566","male",NA
"1048","LOC107057567","female",NA
"1049","LOC395159","female",NA
"1050","LOC415324","female",NA
"1051","LOC415852","female",NA
"1052","LOC416086","female",NA
"1053","LOC416696","female",NA
"1054","LOC417372","male",NA
"1055","LOC417414","female",NA
"1056","LOC418189","female",NA
"1057","LOC418414","male",NA
"1058","LOC419250","male",NA
"1059","LOC419429","female",NA
"1060","LOC420716","female",NA
"1061","LOC420860","male",NA
"1062","LOC421106","female","hi"
"1063","LOC421419","female",NA
"1064","LOC421690","female",NA
"1065","LOC421975","female",NA
"1066","LOC422151","female","hi"
"1067","LOC422171","female",NA
"1068","LOC422316","female",NA
"1069","LOC422320","female","lo"
"1070","LOC422926","female","hi"
"1071","LOC423247","female",NA
"1072","LOC423752","female","lo"
"1073","LOC424167","female",NA
"1074","LOC424300","female",NA
"1075","LOC424919","male","lo"
"1076","LOC425531","female",NA
"1077","LOC426699","female",NA
"1078","LOC427201","male",NA
"1079","LOC427400","male",NA
"1080","LOC427439","female",NA
"1081","LOC427799","male",NA
"1082","LOC427826","female",NA
"1083","LOC430303","female",NA
"1084","LOC431243","male",NA
"1085","LOC768709","male","lo"
"1086","LOC769052","female",NA
"1087","LOC769421","female",NA
"1088","LOC769726","male",NA
"1089","LOC770345","male","lo"
"1090","LOC770429","female",NA
"1091","LOC770492","female",NA
"1092","LOC771069","female",NA
"1093","LOC771735","female",NA
"1094","LOC772243","female",NA
"1095","LOC776275","female",NA
"1096","LONP2","male",NA
"1097","LONRF3","male",NA
"1098","LOXHD1","male",NA
"1099","LPL","male",NA
"1100","LPPR1","male",NA
"1101","LRAT","male","lo"
"1102","LRCH3","male",NA
"1103","LRP12","male","hi"
"1104","LRP2","female",NA
"1105","LRP8","male",NA
"1106","LRPPRC","female",NA
"1107","LRRC1","female",NA
"1108","LRRC16A","female",NA
"1109","LRRC17","male","lo"
"1110","LRRC19","male",NA
"1111","LRRC3B","male","lo"
"1112","LRRC3C","female",NA
"1113","LRRC58","female",NA
"1114","LRRC70","male",NA
"1115","LRRC8A","male",NA
"1116","LRRC8C","female",NA
"1117","LRRC8D","female","lo"
"1118","LRRIQ1","female",NA
"1119","LRRN1","male",NA
"1120","LRRTM1","female",NA
"1121","LRTM2","female",NA
"1122","LSAMP","female","lo"
"1123","LSM12","male",NA
"1124","LSP1","male",NA
"1125","LTBP2","female",NA
"1126","LUM","male","lo"
"1127","LYRM7","male","lo"
"1128","LYVE1","male",NA
"1129","MAMDC2","female",NA
"1130","MAML2","female",NA
"1131","MANBA","female",NA
"1132","MANSC4","female",NA
"1133","MAOA","female",NA
"1134","MAP1A","male",NA
"1135","MAP1B","male",NA
"1136","MAP2K4","female",NA
"1137","MAP2K5","female",NA
"1138","MAP3K1","male","lo"
"1139","MAP3K5","male",NA
"1140","MAPK13","female",NA
"1141","MAPK14","female",NA
"1142","MAPKAPK2","male",NA
"1143","MARCH3","male",NA
"1144","MARCKS","male","lo"
"1145","MARCKSL1","female",NA
"1146","MARVELD2","male",NA
"1147","MAST4","male",NA
"1148","MATN2","female",NA
"1149","MBLAC2","male",NA
"1150","MBP","male",NA
"1151","MBTPS1","female",NA
"1152","MCC","male",NA
"1153","MCCC2","male",NA
"1154","MCHR1","female",NA
"1155","MDGA2","female",NA
"1156","MEAF6","female",NA
"1157","MECR","female",NA
"1158","MED10","female",NA
"1159","MED18","male",NA
"1160","MELK","male",NA
"1161","MEST","female","hi"
"1162","MET","female",NA
"1163","Metazoa_SRP","male",NA
"1164","METRNL","female","hi"
"1165","METTL24","male","lo"
"1166","METTL8","female",NA
"1167","METTL9","female","hi"
"1168","MFAP3","male",NA
"1169","MFI2","female",NA
"1170","MFN1","female",NA
"1171","MFN2","female",NA
"1172","MFSD6","male",NA
"1173","MFSD7","male",NA
"1174","MGAT4C","female","hi"
"1175","MGAT5","male",NA
"1176","MIB2","female",NA
"1177","MICAL2","female",NA
"1178","MICALL1","female",NA
"1179","MICU2","female",NA
"1180","MIER3","female",NA
"1181","MLC1","male",NA
"1182","MLF1","male",NA
"1183","MLLT3","male",NA
"1184","MMGT1","female",NA
"1185","MMP2","male","lo"
"1186","MMRN2","female","lo"
"1187","MNX1","female",NA
"1188","MOCS2","male",NA
"1189","MORC3","female",NA
"1190","MPDZ","male",NA
"1191","MPND","female",NA
"1192","MPP4","female",NA
"1193","MPPED1","male",NA
"1194","MRAP2","male","lo"
"1195","MREG","female",NA
"1196","MRPL17","male",NA
"1197","MRPL2","female",NA
"1198","MRPL35","female",NA
"1199","MRPL47","female","hi"
"1200","MRPL50","male",NA
"1201","MRPS22","female",NA
"1202","MRPS27","male",NA
"1203","MRPS36","female",NA
"1204","MRVI1","female",NA
"1205","MSH3","male",NA
"1206","MSLN","female",NA
"1207","MTHFD1","female",NA
"1208","MTHFD2","male","hi"
"1209","MTMR12","male",NA
"1210","MTMR9","male",NA
"1211","MTTP","female",NA
"1212","MTUS1","female",NA
"1213","MTX3","male",NA
"1214","MUT","female",NA
"1215","MYBBP1A","female",NA
"1216","MYCL","female",NA
"1217","MYCT1","female","lo"
"1218","MYH1C","female",NA
"1219","MYLIP","male",NA
"1220","MYLK","male",NA
"1221","MYLK3","male",NA
"1222","MYO1C","female",NA
"1223","MYO3AL","male","lo"
"1224","MYO7A","male","lo"
"1225","MYO7B","male",NA
"1226","MYO7L2","female",NA
"1227","MYRIP","female",NA
"1228","MYT1L","male",NA
"1229","N4BP1","female",NA
"1230","NAA35","male",NA
"1231","NAA60","female",NA
"1232","NADK2","male",NA
"1233","NADSYN1","female",NA
"1234","NAGA","female",NA
"1235","NANS","male",NA
"1236","NARS","male",NA
"1237","NAV2","male","lo"
"1238","NCAM1","male",NA
"1239","NCAM2","male",NA
"1240","NCBP1","male",NA
"1241","NCLN","female","hi"
"1242","NCOA4","female",NA
"1243","NCS1","male","hi"
"1244","NDNF","male",NA
"1245","NDRG1","female",NA
"1246","NDST3","male",NA
"1247","NDUFAF2","male",NA
"1248","NDUFS1","female","hi"
"1249","NDUFS4","male",NA
"1250","NEBL","male","hi"
"1251","NECAP2","female",NA
"1252","NEFH","female",NA
"1253","NEGR1","female",NA
"1254","NELFA","female",NA
"1255","NELL1","female",NA
"1256","NETO2","male",NA
"1257","NFE2L2","male",NA
"1258","NFIB","male","lo"
"1259","NFIL3","male",NA
"1260","NFKB1","female",NA
"1261","NFKBIA","female",NA
"1262","NFYC","male",NA
"1263","NHSL1","female",NA
"1264","NID1","male",NA
"1265","NIN","male",NA
"1266","NIPA1","female",NA
"1267","NIPA2","female",NA
"1268","NIPSNAP3A","male","lo"
"1269","NLN","male",NA
"1270","NMNAT1","female",NA
"1271","NMRK1","male",NA
"1272","NOC2L","male",NA
"1273","NOC3L","female",NA
"1274","NOL6","male",NA
"1275","NOLC1","female",NA
"1276","NOS3","female",NA
"1277","NPBWR2","male",NA
"1278","NPC1","female",NA
"1279","NPC2","female",NA
"1280","NPDC1","male",NA
"1281","NPM3","female","hi"
"1282","NPR3","male",NA
"1283","NPY5R","male",NA
"1284","NR0B1","male",NA
"1285","NR2F2","male",NA
"1286","NR4A2","male",NA
"1287","NR5A2","female",NA
"1288","NRARP","female",NA
"1289","NREP","male",NA
"1290","NRG4","female",NA
"1291","NRK","female","lo"
"1292","NRSN1","female","hi"
"1293","NSMF","female",NA
"1294","NSUN6","female",NA
"1295","NT5C2","male","hi"
"1296","NTAN1","male","lo"
"1297","NTF3","female",NA
"1298","NTN4","female",NA
"1299","NTNG1","female",NA
"1300","NTRK2","male",NA
"1301","NTRK3","male",NA
"1302","NTSR1","male",NA
"1303","NUBPL","female",NA
"1304","NUDCD1","female",NA
"1305","NUDT12","male",NA
"1306","NUDT2","male",NA
"1307","NUP155","male",NA
"1308","NUP205","female",NA
"1309","NUP88","male",NA
"1310","NUP93","female",NA
"1311","NWD2","male",NA
"1312","NXNL2","male",NA
"1313","NXPH2","male",NA
"1314","OGDHL","female",NA
"1315","OIP5","female",NA
"1316","OLFM2","male","hi"
"1317","OLFM3","male","lo"
"1318","OLFML3","male","lo"
"1319","OPRM1","female",NA
"1320","ORC3","female",NA
"1321","OSBPL8","female",NA
"1322","OSMR","male","lo"
"1323","OSTF1","male",NA
"1324","OTOA","female",NA
"1325","OTOP1","male","lo"
"1326","OVOL2","female",NA
"1327","OVSTL","female","hi"
"1328","OXCT1","male",NA
"1329","P2RX5","female",NA
"1330","P4HA1","male",NA
"1331","P4HB","female","hi"
"1332","PACSIN1","male",NA
"1333","PAIP1","male",NA
"1334","PAK1","male",NA
"1335","PAK6","male",NA
"1336","PALM","male",NA
"1337","PAMR1","female",NA
"1338","PAPD4","male",NA
"1339","PAPD7","female",NA
"1340","PAPLN","female",NA
"1341","PARG","female",NA
"1342","PARM1","female",NA
"1343","PARP8","male",NA
"1344","PARVB","female",NA
"1345","PAX6","male",NA
"1346","PAX7","male","hi"
"1347","PAXIP1","female",NA
"1348","PCBP3","female",NA
"1349","PCCB","female",NA
"1350","PCDH10","male","hi"
"1351","PCDH20","female",NA
"1352","PCGF3","male",NA
"1353","PCMT1","male",NA
"1354","PCNT","female",NA
"1355","PCNXL4","female",NA
"1356","PCSK2","female",NA
"1357","PCTP","male",NA
"1358","PCYT1A","female",NA
"1359","PCYT1B","female","hi"
"1360","PDCD11","female","hi"
"1361","PDDC1","male",NA
"1362","PDE3B","male","hi"
"1363","PDE4D","male","hi"
"1364","PDE8A","male","hi"
"1365","PDE8B","male","hi"
"1366","PDE9A","male",NA
"1367","PDGFD","female","hi"
"1368","PDGFRA","male",NA
"1369","PDIA4","female","hi"
"1370","PDIA6","female","hi"
"1371","PDK4","female",NA
"1372","PDLIM3","male","lo"
"1373","PDLIM4","male","lo"
"1374","PDXDC1","female","hi"
"1375","PDYN","female",NA
"1376","PDZRN3","female",NA
"1377","PECAM1","female","lo"
"1378","PELI2","female",NA
"1379","PELO","male",NA
"1380","PEX5L","female",NA
"1381","PEX6","male",NA
"1382","PFKFB3","female",NA
"1383","PGBD5","female","lo"
"1384","PGK1","male",NA
"1385","PGM5","male",NA
"1386","PGR","female",NA
"1387","PGRMC1","male",NA
"1388","PHACTR3","male",NA
"1389","PHAX","male",NA
"1390","PHC1","female",NA
"1391","PHC3","female",NA
"1392","PHF19","female",NA
"1393","PHF21B","female",NA
"1394","PHLDA1","male","hi"
"1395","PIAS2","male",NA
"1396","PIAS4","male",NA
"1397","PID1","male",NA
"1398","PIDD1","female",NA
"1399","PIGG","male","lo"
"1400","PIGL","female",NA
"1401","PIGN","female",NA
"1402","PIGO","male",NA
"1403","PIGQ","female","hi"
"1404","PIGS","female",NA
"1405","PIK3C3","male",NA
"1406","PIK3IP1","female",NA
"1407","PIK3R2","male",NA
"1408","PIK3R3","female",NA
"1409","PIP5K1B","male",NA
"1410","PISD","female",NA
"1411","PITPNA","male",NA
"1412","PITPNM2","male",NA
"1413","PJA2","male",NA
"1414","PKDCCb","female",NA
"1415","PKIA","female","lo"
"1416","PKN2","female",NA
"1417","PLA2R1","female",NA
"1418","PLAA","male",NA
"1419","PLAT","female",NA
"1420","PLAU","male","lo"
"1421","PLCB1","female","hi"
"1422","PLCB2","female","hi"
"1423","PLCB4","male",NA
"1424","PLCE1","female",NA
"1425","PLCG1","male","lo"
"1426","PLCH1","female",NA
"1427","PLCXD3","male",NA
"1428","PLEK2","female",NA
"1429","PLEKHG1","male","hi"
"1430","PLEKHG5","female","lo"
"1431","PLEKHH1","female",NA
"1432","PLIN2","male",NA
"1433","PLK2","male",NA
"1434","PLLP","male",NA
"1435","PLP1","male",NA
"1436","PLVAP","female",NA
"1437","PM20D2","female",NA
"1438","PMM1","male","hi"
"1439","PNPLA2","female",NA
"1440","PODXL","female","lo"
"1441","POLA1","female","hi"
"1442","POLDIP3","female",NA
"1443","POLK","male",NA
"1444","POLR1A","female","hi"
"1445","POLR1C","female",NA
"1446","POLR1E","male",NA
"1447","POLR2B","female",NA
"1448","POLR3G","male","lo"
"1449","POMGNT2","male",NA
"1450","POMT1","female",NA
"1451","POR","female",NA
"1452","PPAP2A","male",NA
"1453","PPAPDC1A","male","lo"
"1454","PPIC","male","hi"
"1455","PPIL2","female",NA
"1456","PPL","female",NA
"1457","PPP1CB","male",NA
"1458","PPP1R14C","female",NA
"1459","PPP1R14D","female",NA
"1460","PPP1R1C","female",NA
"1461","PPP1R3B","female","lo"
"1462","PPP1R9A","female",NA
"1463","PPP2CA","male",NA
"1464","PPP2R3A","female",NA
"1465","PPP3CA","male",NA
"1466","PPP3CB","female",NA
"1467","PPTC7","female",NA
"1468","PPWD1","male",NA
"1469","PQLC1","female",NA
"1470","PRCP","female",NA
"1471","PRDM1","female",NA
"1472","PRDM5","female","hi"
"1473","PREPL","female",NA
"1474","PRKAA1","male",NA
"1475","PRKAR1A","male",NA
"1476","PRKAR2A","female",NA
"1477","PRKG2","female",NA
"1478","PRLH","female",NA
"1479","PRLHR","female",NA
"1480","PRLR","male",NA
"1481","PROM1","female",NA
"1482","PRRC1","male",NA
"1483","PSAP","female",NA
"1484","PSAT1","male",NA
"1485","PSD3","male",NA
"1486","PSIP1","male",NA
"1487","PTAR1","male",NA
"1488","PTCD2","male",NA
"1489","PTCH1","male",NA
"1490","PTCHD1","female",NA
"1491","PTGR1","male",NA
"1492","PTHLH","male",NA
"1493","PTK2","male",NA
"1494","PTMA","male","hi"
"1495","PTMS","male",NA
"1496","PTN","male",NA
"1497","PTPLAD2","male",NA
"1498","PTPLB","male",NA
"1499","PTPN5","male",NA
"1500","PTPRR","female",NA
"1501","PTPRZ1","female",NA
"1502","PXDNL","male","lo"
"1503","PXN","female","lo"
"1504","QARS","female",NA
"1505","QDPR","male","hi"
"1506","QPCT","female","hi"
"1507","QRSL1","male","hi"
"1508","QTRTD1","female",NA
"1509","RAB11A","female","lo"
"1510","RAB20","female",NA
"1511","RAB21","male",NA
"1512","RAB36","male","lo"
"1513","RAB3C","male",NA
"1514","RAB40B","female",NA
"1515","RAD1","male",NA
"1516","RAD17","male",NA
"1517","RAD21","male",NA
"1518","RAD23B","male","lo"
"1519","RAI14","male",NA
"1520","RAI2","female",NA
"1521","RALBP1","male",NA
"1522","RALGAPB","male",NA
"1523","RALY","male",NA
"1524","RAMP2","female",NA
"1525","RAP1A","male","hi"
"1526","RAPGEF3","female",NA
"1527","RASA1","male",NA
"1528","RASA4","female",NA
"1529","RASAL1","female",NA
"1530","RASD1","male",NA
"1531","RASEF","male",NA
"1532","RASGEF1A","male",NA
"1533","RASGRF1","male",NA
"1534","RASGRP1","male",NA
"1535","RASL10A","female",NA
"1536","RASL11A","female",NA
"1537","RASL11B","female",NA
"1538","RASSF2","male",NA
"1539","RAVER2","female",NA
"1540","RBFOX1","female",NA
"1541","RBM5","female",NA
"1542","RBP4B","male",NA
"1543","RBPMS","male",NA
"1544","RCBTB2","male","lo"
"1545","RCL1","male",NA
"1546","RCOR1","female",NA
"1547","RD3","male",NA
"1548","RDX","female","lo"
"1549","RECQL5","female",NA
"1550","REEP1","female",NA
"1551","REEP6","female",NA
"1552","REG4","female","lo"
"1553","RELL1","female",NA
"1554","REPS2","male",NA
"1555","RETSAT","female",NA
"1556","RFESD","male",NA
"1557","RFK","male",NA
"1558","RFX3","male",NA
"1559","RGMB","male",NA
"1560","RGP1","male",NA
"1561","RGS1","male",NA
"1562","RGS16","male",NA
"1563","RGS2","male",NA
"1564","RGS5","female","lo"
"1565","RGS6","female",NA
"1566","RGS7BP","male",NA
"1567","RHBDL3","male",NA
"1568","RHOBTB3","male","hi"
"1569","RHOJ","female",NA
"1570","RHOU","male","lo"
"1571","RIC1","male",NA
"1572","RICTOR","male",NA
"1573","RIOK2","male",NA
"1574","RIPK3","female","hi"
"1575","RIT2","male",NA
"1576","RMI1","male",NA
"1577","RMND5A","female",NA
"1578","RND2","female",NA
"1579","RNF11","male",NA
"1580","RNF128","female",NA
"1581","RNF13","female",NA
"1582","RNF146","male",NA
"1583","RNF165","male","lo"
"1584","RNF169","female",NA
"1585","RNF170","male",NA
"1586","RNF180","male",NA
"1587","RNF19A","female",NA
"1588","RNF2","male",NA
"1589","RNF20","male",NA
"1590","RNF207","female",NA
"1591","RNF216","female",NA
"1592","RNF32","female",NA
"1593","RNF38","male",NA
"1594","RNF4","male",NA
"1595","RNPEP","female",NA
"1596","ROBO4","female","lo"
"1597","RP11-1085N6.3","female",NA
"1598","RP11-145E5.5","male",NA
"1599","RP11-195F19.29","female",NA
"1600","RP11-296A16.1","male",NA
"1601","RP11-330H6.5","male",NA
"1602","RP11-505K9.4","female",NA
"1603","RP11-514P8.6","female",NA
"1604","RP11-552F3.12","female",NA
"1605","RP11-561B11.2","female",NA
"1606","RP11-598P20.5","male",NA
"1607","RPA1","male","hi"
"1608","RPE65","female",NA
"1609","RPIA","female",NA
"1610","RPL10A","female",NA
"1611","RPL22L1","female",NA
"1612","RPL37","male",NA
"1613","RPL8","female",NA
"1614","RPN2","female","hi"
"1615","RPS2","female","hi"
"1616","RPS23","male",NA
"1617","RPS3","female",NA
"1618","RPS3A","female",NA
"1619","RPS4X","female",NA
"1620","RPS6","male",NA
"1621","RPS7","female",NA
"1622","RPSA","female","hi"
"1623","RSPH10B","female",NA
"1624","RSPO3","female",NA
"1625","RTN1","male","lo"
"1626","RTN4RL1","female",NA
"1627","RUSC2","male",NA
"1628","S1PR3","male",NA
"1629","SAP30","female",NA
"1630","SARM1","female","hi"
"1631","SAT1","female",NA
"1632","SATB2","male","lo"
"1633","SCAMP1","male",NA
"1634","SCARF1","female",NA
"1635","SCD","male",NA
"1636","SCEL","male",NA
"1637","SCG5","male",NA
"1638","SCGN","male",NA
"1639","SCHIP1","male","lo"
"1640","SCN3B","male","hi"
"1641","SCN4B","male",NA
"1642","SCNN1D","female",NA
"1643","SCP2","female",NA
"1644","SCT","male",NA
"1645","SDC4","female",NA
"1646","SDHA","female",NA
"1647","SEBOX","female",NA
"1648","SEC14L5","male","hi"
"1649","SEC24D","female","hi"
"1650","SEC61A2","female","hi"
"1651","SEC63","female","hi"
"1652","SECISBP2","male",NA
"1653","SEL1L","female","hi"
"1654","SEMA3A","female",NA
"1655","SEMA4D","male",NA
"1656","SEMA6A","male",NA
"1657","SEPT12","female",NA
"1658","SEPT6","female",NA
"1659","SERPINB5","female","hi"
"1660","SERPINC1","female",NA
"1661","SERPIND1","male",NA
"1662","SETBP1","male",NA
"1663","SETD9","male",NA
"1664","SEZ6L","female",NA
"1665","SFRP4","female",NA
"1666","SFTPA1","male",NA
"1667","SGCG","female",NA
"1668","SGK2","female",NA
"1669","SGMS2","female",NA
"1670","SGTB","male",NA
"1671","SH2D3C","female",NA
"1672","SH2D4A","female",NA
"1673","SH3BGRL2","male",NA
"1674","SH3GL1","female",NA
"1675","SH3GL2","female",NA
"1676","SH3TC1","female",NA
"1677","SHANK3","male",NA
"1678","SHB","male",NA
"1679","SHC3","male","hi"
"1680","SHE","female",NA
"1681","SHISA2","female",NA
"1682","SHISA9","female",NA
"1683","SIGMAR1","male",NA
"1684","SIK1","male","hi"
"1685","SIK2","male",NA
"1686","SIL1","female",NA
"1687","SIPA1L1","female",NA
"1688","SIX4","female",NA
"1689","SIX6","male",NA
"1690","SKA2","male",NA
"1691","SKAP2","male",NA
"1692","SKIV2L2","male",NA
"1693","SKP2","male",NA
"1694","SLC12A2","male",NA
"1695","SLC14A2","male",NA
"1696","SLC16A3","male",NA
"1697","SLC19A3","female",NA
"1698","SLC1A3","male",NA
"1699","SLC25A20","female","hi"
"1700","SLC25A25","male",NA
"1701","SLC25A29","female",NA
"1702","SLC25A30","female",NA
"1703","SLC25A46","male",NA
"1704","SLC25A47","female",NA
"1705","SLC25A48","male",NA
"1706","SLC25A51","male",NA
"1707","SLC26A8","female",NA
"1708","SLC27A4","female",NA
"1709","SLC29A4","male",NA
"1710","SLC2A13","male","lo"
"1711","SLC2A9","male",NA
"1712","SLC30A2","female",NA
"1713","SLC30A5","male",NA
"1714","SLC30A7","female","hi"
"1715","SLC31A2","female",NA
"1716","SLC35B1","female","hi"
"1717","SLC35D2","male",NA
"1718","SLC35F5","female",NA
"1719","SLC35G1","female","lo"
"1720","SLC38A8","female",NA
"1721","SLC38A9","male",NA
"1722","SLC39A6","female",NA
"1723","SLC40A1","female","lo"
"1724","SLC41A3","female","hi"
"1725","SLC44A1","male",NA
"1726","SLC44A3","female",NA
"1727","SLC45A1","female",NA
"1728","SLC5A6","female",NA
"1729","SLC6A2","female",NA
"1730","SLC6A4","female",NA
"1731","SLC6A6","female",NA
"1732","SLC7A1","female",NA
"1733","SLC7A10","female",NA
"1734","SLC7A14","female",NA
"1735","SLC9A5","female",NA
"1736","SLCO4C1","male",NA
"1737","SLCO5A1","female",NA
"1738","SLIRP","female",NA
"1739","SLIT2","female",NA
"1740","SLITRK5","male",NA
"1741","SLX4IP","female",NA
"1742","SMAD2","female","lo"
"1743","SMAD7","male",NA
"1744","SMARCA2","male",NA
"1745","SMARCA5","female",NA
"1746","SMARCD3","female",NA
"1747","SMC2","male","hi"
"1748","SMC5","male",NA
"1749","SMCR8","female",NA
"1750","SMIM15","male",NA
"1751","SMIM3","male",NA
"1752","SMN","male",NA
"1753","SMU1","male",NA
"1754","SMYD1","female","hi"
"1755","SNAI2","female",NA
"1756","SNAPC3","male",NA
"1757","SNCAIP","male",NA
"1758","SNRK","male",NA
"1759","SNRNP48","female",NA
"1760","SNTB2","female",NA
"1761","SNX2","male",NA
"1762","SNX24","male",NA
"1763","SNX25","male",NA
"1764","SNX30","male",NA
"1765","SOAT1","female",NA
"1766","SOCS2","male","lo"
"1767","SOCS4","male",NA
"1768","SORBS2","male",NA
"1769","SORCS1","female",NA
"1770","SORL1","female",NA
"1771","SOUL","male","lo"
"1772","SOX10","male",NA
"1773","SOX18","female","lo"
"1774","SOX7","female",NA
"1775","SOX8","male",NA
"1776","SPAG6","female",NA
"1777","SPATA17","female",NA
"1778","SPATA18","female",NA
"1779","SPEF2","male",NA
"1780","SPERT","male",NA
"1781","SPG7","female",NA
"1782","SPINK5","female",NA
"1783","SPON1","male",NA
"1784","SPRY3","female",NA
"1785","SPRYD7","female",NA
"1786","SPTLC1","male",NA
"1787","SPTY2D1","female",NA
"1788","SRD5A1","female","hi"
"1789","SREK1","male",NA
"1790","SREK1IP1","male",NA
"1791","SRFBP1","male",NA
"1792","SRGAP1","male",NA
"1793","SRP72","female","hi"
"1794","SRRM4","male",NA
"1795","SRSF5","female",NA
"1796","SSBP2","male",NA
"1797","ST3GAL6","female",NA
"1798","ST5","female",NA
"1799","ST6GALNAC5","female","hi"
"1800","ST8SIA1","male",NA
"1801","ST8SIA2","male",NA
"1802","ST8SIA4","male",NA
"1803","ST8SIA5","male",NA
"1804","STARD13","female",NA
"1805","STARD4","male",NA
"1806","STAT4","male",NA
"1807","STEAP1","male","hi"
"1808","STK11IP","female",NA
"1809","STK17A","male","lo"
"1810","STK25","female",NA
"1811","STK32B","male",NA
"1812","STRADA","male",NA
"1813","STT3B","female","hi"
"1814","STXBP4","female",NA
"1815","STXBP6","female",NA
"1816","SUB1","male",NA
"1817","SUB1L1","male",NA
"1818","SUCO","female",NA
"1819","SULF1","female","lo"
"1820","SULT1B","female",NA
"1821","SULT6B1","male",NA
"1822","SUMO3","male",NA
"1823","SURF4","female","hi"
"1824","SUSD1","male",NA
"1825","SUSD3","female",NA
"1826","SUV39H2","female",NA
"1827","SV2B","male","hi"
"1828","SVEP1","male",NA
"1829","SYN3","male","hi"
"1830","SYNDIG1L","male",NA
"1831","SYNE1","female",NA
"1832","SYNGR1","male",NA
"1833","SYNGR3","male",NA
"1834","SYNPO2","male","lo"
"1835","SYNPR","male","hi"
"1836","SYPL2","female",NA
"1837","SYT12","male",NA
"1838","SYT15","male","lo"
"1839","SYT17","male",NA
"1840","SYT4","male",NA
"1841","SYTL4","male",NA
"1842","SZRD1","female",NA
"1843","TACC2","female",NA
"1844","TACR1","female",NA
"1845","TADA1","female",NA
"1846","TAF1B","female",NA
"1847","TAF4","female",NA
"1848","TAGLN","male","lo"
"1849","TANC1","female",NA
"1850","TARBP1","female",NA
"1851","TARS","male",NA
"1852","TBC1D13","female",NA
"1853","TBC1D16","female",NA
"1854","TBC1D30","male","hi"
"1855","TBC1D8B","female",NA
"1856","TBC1D9","female",NA
"1857","TBCA","male",NA
"1858","TBCCD1","female",NA
"1859","TBL2","female",NA
"1860","TBX19","male",NA
"1861","TCN2","female",NA
"1862","TDG","male",NA
"1863","TDO2","female",NA
"1864","TDRD7","male",NA
"1865","TEC","male",NA
"1866","TECPR1","female",NA
"1867","TECPR2","female",NA
"1868","TECRL","female",NA
"1869","TERT","female",NA
"1870","TESK1","male",NA
"1871","TEX10","female",NA
"1872","TEX12","male",NA
"1873","TFAP2C","female",NA
"1874","TGFBI","male","lo"
"1875","TGIF1","female",NA
"1876","TH","male",NA
"1877","THAP1","male",NA
"1878","THBD","female",NA
"1879","THBS4","male","lo"
"1880","THRB","male","hi"
"1881","THSD7A","male",NA
"1882","TIE1","female","lo"
"1883","TINAGL1","female","lo"
"1884","TJP2","male",NA
"1885","TLN2","male",NA
"1886","TM6SF1","female",NA
"1887","TMBIM1","female",NA
"1888","TMC1","male",NA
"1889","TMC3","female",NA
"1890","TMCC2","male",NA
"1891","TMCC3","female",NA
"1892","TMCO1","female","hi"
"1893","TMED10","female","hi"
"1894","TMED7","female","hi"
"1895","TMEM100","male",NA
"1896","TMEM106B","female",NA
"1897","TMEM117","male",NA
"1898","TMEM123","male","lo"
"1899","TMEM130","male",NA
"1900","TMEM132B","male",NA
"1901","TMEM135","male","lo"
"1902","TMEM150C","female",NA
"1903","TMEM158","male",NA
"1904","TMEM161B","male",NA
"1905","TMEM163","male",NA
"1906","TMEM167A","male","hi"
"1907","TMEM17","female",NA
"1908","TMEM170B","male",NA
"1909","TMEM171","male",NA
"1910","TMEM175","male",NA
"1911","TMEM192","female",NA
"1912","TMEM2","male",NA
"1913","TMEM200A","male","lo"
"1914","TMEM201","female",NA
"1915","TMEM204","female",NA
"1916","TMEM209","female",NA
"1917","TMEM214","female","hi"
"1918","TMEM241","female","hi"
"1919","TMEM246","male","lo"
"1920","TMEM255B","female","hi"
"1921","TMEM38B","male","lo"
"1922","TMEM40","male",NA
"1923","TMEM41B","female","hi"
"1924","TMEM47","female",NA
"1925","TMEM50B","female",NA
"1926","TMEM51","female",NA
"1927","TMEM64","female","lo"
"1928","TMEM69","female",NA
"1929","TMEM88B","male",NA
"1930","TMEM8A","female",NA
"1931","TMEM8B","male",NA
"1932","TMLHE","female",NA
"1933","TMOD1","male",NA
"1934","TMOD2","male",NA
"1935","TMOD3","male","hi"
"1936","TMPRSS11F","female",NA
"1937","TMPRSS3","male","lo"
"1938","TMTC1","female","lo"
"1939","TMTC4","male",NA
"1940","TNFAIP8","male","lo"
"1941","TNFAIP8L1","male","lo"
"1942","TNFRSF9","female","hi"
"1943","TNFSF13B","male",NA
"1944","TNK2","male",NA
"1945","TNNC1","male",NA
"1946","TNPO1","male","hi"
"1947","TNR","female",NA
"1948","TOB1","male",NA
"1949","TOLLIP","male",NA
"1950","TOM1","female",NA
"1951","TOMM5","male",NA
"1952","TOPORS","male",NA
"1953","TOR1AIP2","female",NA
"1954","TOX","male","lo"
"1955","TP53I3","female",NA
"1956","TPBG","male",NA
"1957","TPCN1","male",NA
"1958","TPGS2","male",NA
"1959","TPI1","female",NA
"1960","TPM2","male",NA
"1961","TPST2","female",NA
"1962","TPTE2","female",NA
"1963","TRADD","female",NA
"1964","TRAIL-LIKE","male",NA
"1965","TRAM1","female","hi"
"1966","TRAPPC13","male",NA
"1967","TRAT1","female",NA
"1968","TRERF1","female",NA
"1969","TRHR","female",NA
"1970","TRIM23","male",NA
"1971","TRIM36","male",NA
"1972","TRIM54","female",NA
"1973","TRIM59","male",NA
"1974","TRIM66","female",NA
"1975","TRIP4","female",NA
"1976","TRMT10B","male",NA
"1977","TRMT61A","female",NA
"1978","TROJAN","male",NA
"1979","TRPA1","male","hi"
"1980","TRPC4","female",NA
"1981","TRPC5","female",NA
"1982","TRPM2","female",NA
"1983","TRPM3","male",NA
"1984","TRPM5","female",NA
"1985","TRPM6","male","lo"
"1986","TRPV6","female",NA
"1987","TSC1","female",NA
"1988","TSEN2","female",NA
"1989","TSPAN7","male",NA
"1990","TSTD2","male",NA
"1991","TTC19","female",NA
"1992","TTC28","female",NA
"1993","TTC33","male",NA
"1994","TTC37","male",NA
"1995","TTC39B","male",NA
"1996","TTC7B","female","lo"
"1997","TTF2","male",NA
"1998","TTYH3","male","lo"
"1999","TUBE1","female",NA
"2000","TUSC1","male",NA
"2001","TVP23A","male",NA
"2002","TWF2","female","lo"
"2003","TXN","male",NA
"2004","TXNDC5","female","hi"
"2005","TXNIP","female",NA
"2006","TYRP1","male",NA
"2007","UACA","male","lo"
"2008","UBA5","female","hi"
"2009","UBA6","female",NA
"2010","UBAC1","female",NA
"2011","UBE2R2","male",NA
"2012","UBE3C","female",NA
"2013","UBE4B","female",NA
"2014","UBIAD1","female",NA
"2015","UBQLN1","male",NA
"2016","UBQLN4","female",NA
"2017","UBXN2A","female",NA
"2018","UBXN6","female",NA
"2019","UCK1","male",NA
"2020","UCK2","female","hi"
"2021","UGCG","male",NA
"2022","UGGT1","female","hi"
"2023","UGGT2","female","hi"
"2024","UGP2","male",NA
"2025","UGT8","male",NA
"2026","UGT8L","female","lo"
"2027","ULK4","female",NA
"2028","UMOD","female","hi"
"2029","UMPS","female",NA
"2030","UNC119","male","hi"
"2031","UNC13C","male","hi"
"2032","UNC5D","female",NA
"2033","UPK1B","female",NA
"2034","UPP1","male",NA
"2035","UQCRC2","female",NA
"2036","UQCRQ","female",NA
"2037","URAH","female",NA
"2038","UROC1","female",NA
"2039","USH1C","female",NA
"2040","USO1","female","hi"
"2041","USP12","female",NA
"2042","USP12-like","female",NA
"2043","USP15","female",NA
"2044","USP4","female",NA
"2045","UTP15","male",NA
"2046","VAPA","female",NA
"2047","VASN","female",NA
"2048","VAT1L","male",NA
"2049","VCAN","male",NA
"2050","VCP","female","hi"
"2051","VDAC1","male","hi"
"2052","VDAC3","male",NA
"2053","VEGFA","female",NA
"2054","VEGFC","female",NA
"2055","VIPAS39","female",NA
"2056","VLDLR","male",NA
"2057","VMA21","male",NA
"2058","VNN1","female",NA
"2059","VOPP1","female",NA
"2060","VPS13A","male",NA
"2061","VPS41","female",NA
"2062","VRK3","female",NA
"2063","VTN","female",NA
"2064","VWA5B2","male",NA
"2065","VWA8","female",NA
"2066","VWC2L","male",NA
"2067","WASF1","male",NA
"2068","WBP2NL","female",NA
"2069","WDPCP","female",NA
"2070","WDR1","male",NA
"2071","WDR3","female",NA
"2072","WDR36","male",NA
"2073","WDR37","female",NA
"2074","WDR41","male",NA
"2075","WDR63","female",NA
"2076","WDR70","male",NA
"2077","WDR74","female",NA
"2078","WDR90","male",NA
"2079","WDR91","female",NA
"2080","WDR92","male",NA
"2081","WFIKKN1","female",NA
"2082","WFS1","female",NA
"2083","WNT2","female",NA
"2084","WNT5A","female",NA
"2085","WNT5B","male",NA
"2086","WNT9A","male",NA
"2087","WSB2","female","hi"
"2088","WSCD2","female",NA
"2089","XKRX","female","lo"
"2090","XPA","male",NA
"2091","XPC","female",NA
"2092","XPNPEP1","female",NA
"2093","XPO5","female",NA
"2094","XPOT","female",NA
"2095","XRCC4","male",NA
"2096","XRRA1","female",NA
"2097","YIF1B","male",NA
"2098","YIPF5","female","hi"
"2099","YPEL5","male",NA
"2100","YTHDC2","male",NA
"2101","YY1","female",NA
"2102","ZBTB5","female",NA
"2103","ZBTB7C","male",NA
"2104","ZBTB8OS","female",NA
"2105","ZC3H12A","female",NA
"2106","ZCCHC6","male",NA
"2107","ZCCHC7","male",NA
"2108","ZCCHC9","male",NA
"2109","ZDHHC14","male",NA
"2110","ZDHHC15","female",NA
"2111","ZDHHC21","male",NA
"2112","ZDHHC6","female",NA
"2113","ZER1","female",NA
"2114","ZFAND5","female",NA
"2115","ZFPM1","female",NA
"2116","ZFYVE16","male",NA
"2117","ZFYVE21","female",NA
"2118","ZMIZ1","female",NA
"2119","ZNF131","female",NA
"2120","ZNF330","female",NA
"2121","ZNF346","female",NA
"2122","ZNF367","male","hi"
"2123","ZNF384","female",NA
"2124","ZNF512","female","hi"
"2125","ZNF516","female",NA
"2126","ZNF568","male",NA
"2127","ZNF608","male",NA
"2128","ZNF703","female",NA
"2129","ZNF821","male",NA
"2130","ZSWIM6","male",NA
"2131","ZSWIM8","female",NA
"2132","ZWILCH","male","hi"
"2133","ABCB5",NA,"hi"
"2134","ABCC3",NA,"hi"
"2135","ABCC8",NA,"hi"
"2136","ABCC9",NA,"hi"
"2137","ABCE1",NA,"hi"
"2138","ABCF2",NA,"hi"
"2139","ABHD3",NA,"lo"
"2140","ABLIM1",NA,"lo"
"2141","ACBD3",NA,"hi"
"2142","ACCS",NA,"lo"
"2143","ACSBG2",NA,"hi"
"2144","ACSL6",NA,"hi"
"2145","ACSS1",NA,"lo"
"2146","ACTN4",NA,"lo"
"2147","ACTR1A",NA,"hi"
"2148","ACTR2",NA,"hi"
"2149","ADAM17",NA,"lo"
"2150","ADAM33",NA,"lo"
"2151","ADAMTS8",NA,"hi"
"2152","ADARB2",NA,"hi"
"2153","ADCY3",NA,"hi"
"2154","ADCY8",NA,"lo"
"2155","ADK",NA,"hi"
"2156","ADRA1D",NA,"lo"
"2157","ADRA2C",NA,"lo"
"2158","ADSL",NA,"hi"
"2159","AFAP1L2",NA,"lo"
"2160","AFF2",NA,"hi"
"2161","AHNAK2",NA,"lo"
"2162","AIFM1",NA,"hi"
"2163","AIMP2",NA,"hi"
"2164","AKAP9",NA,"hi"
"2165","AKIRIN2",NA,"lo"
"2166","AL928654.7",NA,"lo"
"2167","ALDH18A1",NA,"hi"
"2168","ALDH6A1",NA,"hi"
"2169","ALG1",NA,"hi"
"2170","ALG12",NA,"hi"
"2171","ALG14",NA,"hi"
"2172","ALG2",NA,"hi"
"2173","ALG5",NA,"hi"
"2174","ALG8",NA,"hi"
"2175","ALOX5AP",NA,"lo"
"2176","AMFR",NA,"lo"
"2177","ANGPTL2",NA,"lo"
"2178","ANKFY1",NA,"lo"
"2179","ANKLE1",NA,"hi"
"2180","ANKRD12",NA,"hi"
"2181","ANKRD6",NA,"lo"
"2182","ANLN",NA,"hi"
"2183","ANP32E",NA,"hi"
"2184","ANTXR1",NA,"lo"
"2185","AP000350.10",NA,"lo"
"2186","AP1AR",NA,"hi"
"2187","AP2M1",NA,"hi"
"2188","APP",NA,"hi"
"2189","APTX",NA,"hi"
"2190","ARAP2",NA,"hi"
"2191","ARF1",NA,"hi"
"2192","ARF4",NA,"hi"
"2193","ARFGAP3",NA,"hi"
"2194","ARFGEF3",NA,"hi"
"2195","ARGLU1",NA,"hi"
"2196","ARHGAP1",NA,"lo"
"2197","ARHGAP11A",NA,"hi"
"2198","ARHGAP15",NA,"lo"
"2199","ARHGAP19",NA,"hi"
"2200","ARHGAP26",NA,"lo"
"2201","ARHGAP28",NA,"lo"
"2202","ARHGAP36",NA,"lo"
"2203","ARHGDIG",NA,"lo"
"2204","ARL1",NA,"hi"
"2205","ARL2BP",NA,"hi"
"2206","ARL8A",NA,"hi"
"2207","ARPC1B",NA,"lo"
"2208","ASB11",NA,"lo"
"2209","ASB14",NA,"hi"
"2210","ASB9",NA,"hi"
"2211","ASCL1",NA,"lo"
"2212","ASPM",NA,"hi"
"2213","ASS1",NA,"lo"
"2214","ASTN1",NA,"lo"
"2215","ATCAY",NA,"lo"
"2216","ATF4",NA,"hi"
"2217","ATHL1",NA,"lo"
"2218","ATP13A3",NA,"hi"
"2219","ATP5C1",NA,"hi"
"2220","ATP5I",NA,"hi"
"2221","ATP6AP2",NA,"hi"
"2222","ATP6V0C",NA,"hi"
"2223","ATP6V0D1",NA,"hi"
"2224","ATP8A1",NA,"hi"
"2225","ATP8B2",NA,"lo"
"2226","ATP8B3",NA,"lo"
"2227","ATRX",NA,"hi"
"2228","AURKA",NA,"hi"
"2229","B3GALT1",NA,"lo"
"2230","B3GALT2",NA,"hi"
"2231","B3GNT7",NA,"lo"
"2232","B4GALT2",NA,"lo"
"2233","B4GALT6",NA,"lo"
"2234","B4GALT7",NA,"hi"
"2235","BAG2",NA,"lo"
"2236","BAIAP2",NA,"lo"
"2237","BARD1",NA,"hi"
"2238","BCKDHB",NA,"hi"
"2239","BCL2",NA,"hi"
"2240","BET1",NA,"hi"
"2241","BHLHE41",NA,"lo"
"2242","BICC1",NA,"hi"
"2243","BIRC5",NA,"hi"
"2244","BLVRA",NA,"lo"
"2245","BMS1",NA,"hi"
"2246","BNIP3L",NA,"hi"
"2247","BOLA3",NA,"hi"
"2248","BPIFB2",NA,"lo"
"2249","BRCA1",NA,"hi"
"2250","BRI3BP",NA,"lo"
"2251","BTBD1",NA,"hi"
"2252","BTBD10",NA,"hi"
"2253","BTBD17",NA,"lo"
"2254","BTBD3",NA,"lo"
"2255","BTD",NA,"lo"
"2256","BUB1",NA,"hi"
"2257","BUB1B",NA,"hi"
"2258","BZW1",NA,"hi"
"2259","C10H15ORF26",NA,"lo"
"2260","C14ORF4",NA,"lo"
"2261","C16ORF45",NA,"hi"
"2262","C18ORF21",NA,"hi"
"2263","C18ORF32",NA,"hi"
"2264","C1H11ORF70",NA,"lo"
"2265","C1H12ORF23",NA,"hi"
"2266","C1H21ORF33",NA,"lo"
"2267","C1ORF216",NA,"lo"
"2268","C1QTNF2",NA,"lo"
"2269","C1QTNF4",NA,"lo"
"2270","C1QTNF6",NA,"lo"
"2271","C21H1orf233",NA,"hi"
"2272","C28H19ORF10",NA,"hi"
"2273","C2H6ORF62",NA,"hi"
"2274","C2H7ORF63",NA,"hi"
"2275","C2ORF47",NA,"hi"
"2276","C3H6ORF154",NA,"lo"
"2277","C3ORF58",NA,"hi"
"2278","C3ORF70",NA,"lo"
"2279","C4H4ORF21",NA,"hi"
"2280","C4H4ORF50",NA,"lo"
"2281","C4HXORF57",NA,"hi"
"2282","C5H14ORF166",NA,"hi"
"2283","C7ORF50",NA,"hi"
"2284","C8H1ORF21",NA,"hi"
"2285","C8H1ORF27",NA,"hi"
"2286","C8ORF4",NA,"lo"
"2287","C9H3ORF55",NA,"hi"
"2288","CABLES2",NA,"hi"
"2289","CABP1",NA,"hi"
"2290","CACNA1G",NA,"lo"
"2291","CACNA1H",NA,"lo"
"2292","CACYBP",NA,"hi"
"2293","CALB2",NA,"hi"
"2294","CALCA",NA,"hi"
"2295","CALII",NA,"lo"
"2296","CALML4",NA,"lo"
"2297","CALN1",NA,"hi"
"2298","CAMKK2",NA,"lo"
"2299","CAMKV",NA,"hi"
"2300","CAMSAP1",NA,"hi"
"2301","CANX",NA,"hi"
"2302","CAP2",NA,"lo"
"2303","CARHSP1",NA,"lo"
"2304","CARKD",NA,"lo"
"2305","CARS",NA,"hi"
"2306","CARS2",NA,"lo"
"2307","CASC5",NA,"hi"
"2308","CASK",NA,"hi"
"2309","CASP8AP2",NA,"hi"
"2310","CAT",NA,"lo"
"2311","CBLN2",NA,"hi"
"2312","CBS",NA,"hi"
"2313","CCDC102B",NA,"lo"
"2314","CCDC141",NA,"lo"
"2315","CCDC167",NA,"hi"
"2316","CCDC177",NA,"lo"
"2317","CCDC64",NA,"hi"
"2318","CCDC71L",NA,"lo"
"2319","CCDC91",NA,"hi"
"2320","CCK",NA,"lo"
"2321","CCNA2",NA,"hi"
"2322","CCNB3",NA,"hi"
"2323","CCNC",NA,"hi"
"2324","CCNE2",NA,"hi"
"2325","CCNT2",NA,"hi"
"2326","CCSER2",NA,"hi"
"2327","CD164",NA,"hi"
"2328","CD200",NA,"lo"
"2329","CD2AP",NA,"hi"
"2330","CD300A",NA,"lo"
"2331","CD86",NA,"lo"
"2332","CDC20",NA,"hi"
"2333","CDC45",NA,"hi"
"2334","CDC6",NA,"hi"
"2335","CDCA3",NA,"hi"
"2336","CDCA7",NA,"hi"
"2337","CDH1",NA,"lo"
"2338","CDH3",NA,"lo"
"2339","CDK1",NA,"hi"
"2340","CDK5RAP3",NA,"hi"
"2341","CDK8",NA,"hi"
"2342","CDKN3",NA,"hi"
"2343","CDR2",NA,"hi"
"2344","CDT1",NA,"hi"
"2345","CEBPD",NA,"hi"
"2346","CEMIP",NA,"lo"
"2347","CENPA",NA,"hi"
"2348","CENPE",NA,"hi"
"2349","CENPF",NA,"hi"
"2350","CENPI",NA,"hi"
"2351","CENPN",NA,"hi"
"2352","CENPO",NA,"hi"
"2353","CEP104",NA,"lo"
"2354","CEP192",NA,"hi"
"2355","CEP290",NA,"hi"
"2356","CEP55",NA,"hi"
"2357","CERS5",NA,"lo"
"2358","CETN1",NA,"hi"
"2359","CGRRF1",NA,"hi"
"2360","CHCHD3",NA,"hi"
"2361","CHID1",NA,"hi"
"2362","CHL1",NA,"lo"
"2363","CHMP3",NA,"hi"
"2364","CHN1",NA,"lo"
"2365","CHPT1",NA,"lo"
"2366","CHRNA9",NA,"lo"
"2367","CHRNB2",NA,"hi"
"2368","CHST8",NA,"lo"
"2369","CIT",NA,"hi"
"2370","CITED2",NA,"lo"
"2371","CKAP2",NA,"hi"
"2372","CKAP2L",NA,"hi"
"2373","CKAP5",NA,"hi"
"2374","CKS1B",NA,"hi"
"2375","CLDN5",NA,"lo"
"2376","CLEC3A",NA,"hi"
"2377","CLEC3B",NA,"lo"
"2378","CLGN",NA,"hi"
"2379","CLPB",NA,"hi"
"2380","CLPTM1L",NA,"hi"
"2381","CLSPN",NA,"hi"
"2382","CLTCL1",NA,"hi"
"2383","CLVS2",NA,"hi"
"2384","CMIP",NA,"lo"
"2385","CMPK1",NA,"hi"
"2386","CMTM3",NA,"lo"
"2387","CMTM4",NA,"lo"
"2388","CMTM7",NA,"lo"
"2389","CNIH1",NA,"hi"
"2390","CNN2",NA,"lo"
"2391","CNOT11",NA,"hi"
"2392","CNPPD1",NA,"hi"
"2393","COL15A1",NA,"lo"
"2394","COL16A1",NA,"lo"
"2395","COL20A1",NA,"hi"
"2396","COLEC10",NA,"lo"
"2397","COPE",NA,"hi"
"2398","COPS3",NA,"hi"
"2399","COPS4",NA,"hi"
"2400","COPS5",NA,"hi"
"2401","COPS7A",NA,"hi"
"2402","COPS8",NA,"hi"
"2403","COQ3",NA,"hi"
"2404","COX19",NA,"lo"
"2405","CPE",NA,"hi"
"2406","CREB3L1",NA,"hi"
"2407","CRELD2",NA,"hi"
"2408","CREM",NA,"hi"
"2409","CRY1",NA,"lo"
"2410","CSDE1",NA,"hi"
"2411","CSF1",NA,"lo"
"2412","CSF3R",NA,"lo"
"2413","CTNNBIP1",NA,"hi"
"2414","CTPS1",NA,"hi"
"2415","CTSH",NA,"lo"
"2416","CTSL2",NA,"hi"
"2417","CTSS",NA,"lo"
"2418","CUX1",NA,"hi"
"2419","CWC22",NA,"hi"
"2420","CYBB",NA,"lo"
"2421","CYGB",NA,"lo"
"2422","CYP2J2L6",NA,"lo"
"2423","DAB1",NA,"hi"
"2424","DACH2",NA,"hi"
"2425","DAD1",NA,"hi"
"2426","DAPK3",NA,"lo"
"2427","DCK",NA,"hi"
"2428","DCLRE1B",NA,"hi"
"2429","DCX",NA,"hi"
"2430","DCXR",NA,"hi"
"2431","DDO",NA,"lo"
"2432","DDRGK1",NA,"hi"
"2433","DDX24",NA,"hi"
"2434","DEPDC1",NA,"hi"
"2435","DEPDC1B",NA,"hi"
"2436","DEPDC6",NA,"hi"
"2437","DERL1",NA,"hi"
"2438","DES",NA,"lo"
"2439","DESI1",NA,"hi"
"2440","DFNB31",NA,"hi"
"2441","DGCR2",NA,"lo"
"2442","DGKD",NA,"lo"
"2443","DGUOK",NA,"hi"
"2444","DHX36",NA,"hi"
"2445","DIAPH1",NA,"hi"
"2446","DIAPH3",NA,"hi"
"2447","DIRAS1",NA,"hi"
"2448","DIRAS2",NA,"hi"
"2449","DIS3",NA,"hi"
"2450","DLC1",NA,"lo"
"2451","DLGAP5",NA,"hi"
"2452","DLL4",NA,"lo"
"2453","DNA2",NA,"hi"
"2454","DNAJA3",NA,"lo"
"2455","DNAJB11",NA,"hi"
"2456","DNAJB2",NA,"hi"
"2457","DNAJB9",NA,"hi"
"2458","DNAJC12",NA,"hi"
"2459","DNAJC2",NA,"hi"
"2460","DNAJC3",NA,"hi"
"2461","DOC2B",NA,"lo"
"2462","DOK4",NA,"hi"
"2463","DOK5",NA,"hi"
"2464","DPH6",NA,"hi"
"2465","DPH7",NA,"hi"
"2466","DPM1",NA,"hi"
"2467","DPP10",NA,"hi"
"2468","DPP7",NA,"hi"
"2469","DPY19L1",NA,"lo"
"2470","DPYD",NA,"lo"
"2471","DPYSL3",NA,"hi"
"2472","DRG1",NA,"hi"
"2473","DSC2",NA,"hi"
"2474","DTL",NA,"hi"
"2475","DTNBP1",NA,"hi"
"2476","DUSP10",NA,"hi"
"2477","DUSP3",NA,"hi"
"2478","DUSP4",NA,"hi"
"2479","DUSP5",NA,"hi"
"2480","DUT",NA,"hi"
"2481","DYNC1LI1",NA,"hi"
"2482","DYNC2LI1",NA,"hi"
"2483","DYNLT3",NA,"lo"
"2484","DYRK2",NA,"lo"
"2485","E2F1",NA,"hi"
"2486","EBAG9",NA,"hi"
"2487","ECE1",NA,"hi"
"2488","ECE2",NA,"hi"
"2489","ECM2",NA,"lo"
"2490","ECT2",NA,"hi"
"2491","EDEM3",NA,"hi"
"2492","EDNRA",NA,"lo"
"2493","EFEMP1",NA,"lo"
"2494","EFNB2",NA,"lo"
"2495","EFR3A",NA,"hi"
"2496","EFR3B",NA,"hi"
"2497","EFTUD2",NA,"lo"
"2498","EHHADH",NA,"lo"
"2499","EIF1AY",NA,"hi"
"2500","EIF2AK1",NA,"hi"
"2501","EIF2AK3",NA,"hi"
"2502","EIF2AK4",NA,"hi"
"2503","EIF2S1",NA,"hi"
"2504","EIF2S2",NA,"hi"
"2505","EIF2S3L",NA,"hi"
"2506","EIF3A",NA,"hi"
"2507","EIF3B",NA,"hi"
"2508","EIF3D",NA,"hi"
"2509","EIF3E",NA,"hi"
"2510","EIF3M",NA,"hi"
"2511","EIF4H",NA,"hi"
"2512","EIF5B",NA,"hi"
"2513","ELAVL1",NA,"lo"
"2514","ELAVL2",NA,"hi"
"2515","ELAVL4",NA,"hi"
"2516","ELMOD2",NA,"hi"
"2517","ELOVL4",NA,"hi"
"2518","EMC3",NA,"hi"
"2519","EME1",NA,"hi"
"2520","EML1",NA,"lo"
"2521","ENDOD1",NA,"hi"
"2522","ENOX1",NA,"lo"
"2523","ENTPD4",NA,"hi"
"2524","ENTPD5",NA,"hi"
"2525","ENTPD7",NA,"hi"
"2526","ENTPD8L",NA,"lo"
"2527","EPB41L5",NA,"lo"
"2528","EPDR1",NA,"lo"
"2529","EPHX1",NA,"lo"
"2530","EPM2A",NA,"lo"
"2531","EPRS",NA,"hi"
"2532","EPS8",NA,"hi"
"2533","ERG",NA,"hi"
"2534","ERGIC1",NA,"hi"
"2535","ERH",NA,"hi"
"2536","ERI2",NA,"hi"
"2537","ERLEC1",NA,"hi"
"2538","ERO1L",NA,"hi"
"2539","ERO1LB",NA,"hi"
"2540","ERP29",NA,"hi"
"2541","ERP44",NA,"hi"
"2542","ESCO2",NA,"hi"
"2543","ESR1",NA,"lo"
"2544","ESRP1",NA,"hi"
"2545","ETF1",NA,"hi"
"2546","EXO1",NA,"hi"
"2547","FADS6",NA,"lo"
"2548","FAIM2",NA,"lo"
"2549","FAM105A",NA,"lo"
"2550","FAM107A",NA,"lo"
"2551","FAM13A",NA,"lo"
"2552","FAM177A1",NA,"lo"
"2553","FAM180B",NA,"lo"
"2554","FAM18B1",NA,"hi"
"2555","FAM192A",NA,"hi"
"2556","FAM19A1",NA,"hi"
"2557","FAM20C",NA,"hi"
"2558","FAM213A",NA,"hi"
"2559","FAM26F",NA,"lo"
"2560","FAM46A",NA,"hi"
"2561","FAM46C",NA,"lo"
"2562","FAM46D",NA,"hi"
"2563","FAM65A",NA,"lo"
"2564","FAM73A",NA,"hi"
"2565","FAM83G",NA,"hi"
"2566","FAM84A",NA,"hi"
"2567","FAM98A",NA,"hi"
"2568","FANCD2",NA,"hi"
"2569","FANCI",NA,"hi"
"2570","FARSB",NA,"hi"
"2571","FAT4",NA,"lo"
"2572","FBN1",NA,"lo"
"2573","FBRSL1",NA,"lo"
"2574","FBXL2",NA,"lo"
"2575","FBXL7",NA,"lo"
"2576","FBXO3",NA,"hi"
"2577","FBXO5",NA,"hi"
"2578","FBXW2",NA,"hi"
"2579","FCHSD2",NA,"lo"
"2580","FFAR4",NA,"hi"
"2581","FGF6",NA,"hi"
"2582","FGF7",NA,"lo"
"2583","FGFR3",NA,"lo"
"2584","FHL5",NA,"lo"
"2585","FHOD3",NA,"hi"
"2586","FJX1",NA,"lo"
"2587","FKBP11",NA,"hi"
"2588","FKBP1B",NA,"lo"
"2589","FKBP4",NA,"hi"
"2590","FMOD",NA,"lo"
"2591","FN3K",NA,"lo"
"2592","FNDC3A",NA,"hi"
"2593","FOSL2",NA,"hi"
"2594","FOXM1",NA,"hi"
"2595","FRAS1",NA,"lo"
"2596","FRMPD4",NA,"lo"
"2597","FSTL1",NA,"lo"
"2598","FUT11",NA,"lo"
"2599","FXYD2",NA,"hi"
"2600","FZD1",NA,"lo"
"2601","FZD4",NA,"lo"
"2602","G2E3",NA,"hi"
"2603","G3BP2",NA,"hi"
"2604","GABARAPL1",NA,"hi"
"2605","GABRE",NA,"hi"
"2606","GABRP",NA,"lo"
"2607","GAL3ST2",NA,"hi"
"2608","GALE",NA,"hi"
"2609","GALNT7",NA,"hi"
"2610","GARS",NA,"hi"
"2611","GAS2",NA,"lo"
"2612","GAS2L3",NA,"hi"
"2613","GATSL3",NA,"lo"
"2614","GCLM",NA,"hi"
"2615","GCSH",NA,"hi"
"2616","GDF7",NA,"lo"
"2617","GDI2",NA,"hi"
"2618","GDPD1",NA,"hi"
"2619","GFRA1",NA,"lo"
"2620","GGH",NA,"hi"
"2621","GGT5",NA,"lo"
"2622","GH",NA,"lo"
"2623","GINS1",NA,"hi"
"2624","GINS2",NA,"hi"
"2625","GJD2",NA,"hi"
"2626","GK5",NA,"hi"
"2627","GLB1",NA,"hi"
"2628","GLI2",NA,"lo"
"2629","GLIS2",NA,"lo"
"2630","GLMN",NA,"hi"
"2631","GLRX3",NA,"hi"
"2632","GMNN",NA,"hi"
"2633","GMPPB",NA,"hi"
"2634","GMPS",NA,"hi"
"2635","GNB1",NA,"hi"
"2636","GNL3",NA,"hi"
"2637","GNPTG",NA,"hi"
"2638","GOLGA2",NA,"hi"
"2639","GOLGA3",NA,"hi"
"2640","GOLGA4",NA,"hi"
"2641","GOLGA5",NA,"hi"
"2642","GOLGB1",NA,"hi"
"2643","GOLT1B",NA,"hi"
"2644","GOT1",NA,"hi"
"2645","GPATCH1",NA,"hi"
"2646","GPD1L",NA,"lo"
"2647","GPI",NA,"hi"
"2648","GPR123",NA,"hi"
"2649","GPR180",NA,"hi"
"2650","GPR52",NA,"lo"
"2651","GPR75",NA,"lo"
"2652","GPRIN3",NA,"hi"
"2653","GPX4",NA,"hi"
"2654","GRAP2",NA,"lo"
"2655","GRID2",NA,"hi"
"2656","GRIK2",NA,"hi"
"2657","GRXCR1",NA,"hi"
"2658","GSG1L",NA,"lo"
"2659","GSTK1",NA,"lo"
"2660","GTF2H4",NA,"lo"
"2661","GTF2IRD1",NA,"lo"
"2662","GTF3C6",NA,"hi"
"2663","GTPBP4",NA,"hi"
"2664","GUCY1A3",NA,"lo"
"2665","GUCY1B4",NA,"hi"
"2666","GXYLT2",NA,"hi"
"2667","H6PD",NA,"lo"
"2668","HAPLN3",NA,"lo"
"2669","HBS1L",NA,"hi"
"2670","HCLS1",NA,"lo"
"2671","HEG1",NA,"lo"
"2672","HELLS",NA,"hi"
"2673","HERPUD1",NA,"hi"
"2674","HEY1",NA,"lo"
"2675","HEYL",NA,"lo"
"2676","HHATL",NA,"lo"
"2677","HHEX",NA,"lo"
"2678","HIBADH",NA,"lo"
"2679","HIC1",NA,"lo"
"2680","HID1",NA,"hi"
"2681","HIF3A",NA,"lo"
"2682","HJURP",NA,"hi"
"2683","HK2",NA,"hi"
"2684","HLX",NA,"lo"
"2685","HMGB2",NA,"hi"
"2686","HMGN5",NA,"hi"
"2687","HMMR",NA,"hi"
"2688","HNF4A",NA,"lo"
"2689","HNRNPAB",NA,"hi"
"2690","HNRNPH1",NA,"hi"
"2691","HOMER2",NA,"hi"
"2692","HOOK1",NA,"hi"
"2693","HPCAL1",NA,"hi"
"2694","HRH3",NA,"hi"
"2695","HS6ST2",NA,"hi"
"2696","HSD11B1L",NA,"hi"
"2697","HSD17B12",NA,"hi"
"2698","HSDL1",NA,"hi"
"2699","HSP90B1",NA,"hi"
"2700","HSPA13",NA,"hi"
"2701","HSPA14",NA,"hi"
"2702","HSPA5",NA,"hi"
"2703","HTR1B",NA,"lo"
"2704","HTR7",NA,"lo"
"2705","HYAL2",NA,"lo"
"2706","IARS",NA,"hi"
"2707","IBTK",NA,"hi"
"2708","IDH3A",NA,"hi"
"2709","IDI1",NA,"hi"
"2710","IDS",NA,"lo"
"2711","IFIH1",NA,"lo"
"2712","IFRD1",NA,"hi"
"2713","IGSF5",NA,"hi"
"2714","IKBIP",NA,"hi"
"2715","IKZF1",NA,"lo"
"2716","IL12RB2",NA,"lo"
"2717","IL13RA1",NA,"lo"
"2718","IL18R1",NA,"lo"
"2719","IL34",NA,"lo"
"2720","IL6RA",NA,"hi"
"2721","IMPAD1",NA,"hi"
"2722","INCENP",NA,"hi"
"2723","ING4",NA,"lo"
"2724","INPP5A",NA,"hi"
"2725","INPP5D",NA,"lo"
"2726","IPO5",NA,"hi"
"2727","IPO7",NA,"hi"
"2728","IQCG",NA,"hi"
"2729","ISPD",NA,"hi"
"2730","ITFG1",NA,"hi"
"2731","ITGA9",NA,"lo"
"2732","ITGB1BP3",NA,"hi"
"2733","IVNS1ABP",NA,"hi"
"2734","JADE2",NA,"hi"
"2735","JAK3",NA,"lo"
"2736","JMJD8",NA,"hi"
"2737","KARS",NA,"hi"
"2738","KATNAL1",NA,"lo"
"2739","KCNB2",NA,"hi"
"2740","KCND3",NA,"hi"
"2741","KCNJ5",NA,"hi"
"2742","KCNK1",NA,"hi"
"2743","KCNQ3",NA,"hi"
"2744","KCTD14",NA,"hi"
"2745","KCTD21",NA,"hi"
"2746","KCTD8",NA,"lo"
"2747","KDELC2",NA,"hi"
"2748","KIAA0040",NA,"lo"
"2749","KIAA0355",NA,"lo"
"2750","KIAA0922",NA,"hi"
"2751","KIAA1107",NA,"hi"
"2752","KIAA1217",NA,"lo"
"2753","KIAA1524",NA,"hi"
"2754","KIAA1549L",NA,"lo"
"2755","KIF11",NA,"hi"
"2756","KIF15",NA,"hi"
"2757","KIF16B",NA,"hi"
"2758","KIF18A",NA,"hi"
"2759","KIF18B",NA,"hi"
"2760","KIF20A",NA,"hi"
"2761","KIF23",NA,"hi"
"2762","KIF4A",NA,"hi"
"2763","KLHDC3",NA,"hi"
"2764","KLHDC8B",NA,"lo"
"2765","KLHL14",NA,"lo"
"2766","KNSTRN",NA,"hi"
"2767","KNTC1",NA,"hi"
"2768","KPNA2",NA,"hi"
"2769","KRTCAP2",NA,"hi"
"2770","LAMC2",NA,"hi"
"2771","LAMP2",NA,"hi"
"2772","LAPTM4B",NA,"hi"
"2773","LBH",NA,"hi"
"2774","LCK",NA,"lo"
"2775","LCLAT1",NA,"hi"
"2776","LDHA",NA,"hi"
"2777","LEPROTL1",NA,"hi"
"2778","LETM1",NA,"hi"
"2779","LGALS3",NA,"lo"
"2780","LGI1",NA,"lo"
"2781","LGMN",NA,"hi"
"2782","LGR4",NA,"lo"
"2783","LGR5",NA,"lo"
"2784","LIMA1",NA,"lo"
"2785","LIMCH1",NA,"lo"
"2786","LLGL2",NA,"lo"
"2787","LMBR1",NA,"hi"
"2788","LMO4",NA,"lo"
"2789","LMOD1",NA,"lo"
"2790","LOC100857380",NA,"hi"
"2791","LOC100858130",NA,"hi"
"2792","LOC100858320",NA,"lo"
"2793","LOC100858332",NA,"hi"
"2794","LOC100859104",NA,"hi"
"2795","LOC100859371",NA,"hi"
"2796","LOC100859557",NA,"hi"
"2797","LOC100859599",NA,"lo"
"2798","LOC100859605",NA,"hi"
"2799","LOC101748084",NA,"lo"
"2800","LOC101748212",NA,"hi"
"2801","LOC101748326",NA,"hi"
"2802","LOC101748402",NA,"lo"
"2803","LOC101748867",NA,"lo"
"2804","LOC101749223",NA,"lo"
"2805","LOC101749227",NA,"lo"
"2806","LOC101749287",NA,"hi"
"2807","LOC101749531",NA,"hi"
"2808","LOC101749643",NA,"lo"
"2809","LOC101749834",NA,"hi"
"2810","LOC101750288",NA,"hi"
"2811","LOC101750513",NA,"lo"
"2812","LOC101750767",NA,"hi"
"2813","LOC101751235",NA,"hi"
"2814","LOC101751638",NA,"hi"
"2815","LOC101751749",NA,"hi"
"2816","LOC101751823",NA,"hi"
"2817","LOC107048987",NA,"hi"
"2818","LOC107049088",NA,"hi"
"2819","LOC107049099",NA,"hi"
"2820","LOC107049603",NA,"hi"
"2821","LOC107049885",NA,"hi"
"2822","LOC107050106",NA,"lo"
"2823","LOC107050335",NA,"lo"
"2824","LOC107050869",NA,"lo"
"2825","LOC107051182",NA,"hi"
"2826","LOC107051277",NA,"hi"
"2827","LOC107052169",NA,"lo"
"2828","LOC107054175",NA,"lo"
"2829","LOC107054440",NA,"lo"
"2830","LOC107054537",NA,"hi"
"2831","LOC107054798",NA,"hi"
"2832","LOC107054855",NA,"lo"
"2833","LOC107056124",NA,"hi"
"2834","LOC107056239",NA,"lo"
"2835","LOC107057152",NA,"lo"
"2836","LOC107057175",NA,"hi"
"2837","LOC395100",NA,"lo"
"2838","LOC395933",NA,"lo"
"2839","LOC407092",NA,"hi"
"2840","LOC414835",NA,"hi"
"2841","LOC416212",NA,"hi"
"2842","LOC416633",NA,"lo"
"2843","LOC417013",NA,"hi"
"2844","LOC419112",NA,"lo"
"2845","LOC419662",NA,"hi"
"2846","LOC420419",NA,"lo"
"2847","LOC420491",NA,"lo"
"2848","LOC421441",NA,"lo"
"2849","LOC421935",NA,"lo"
"2850","LOC422224",NA,"hi"
"2851","LOC422249",NA,"hi"
"2852","LOC423793",NA,"hi"
"2853","LOC424201",NA,"hi"
"2854","LOC424998",NA,"hi"
"2855","LOC425431",NA,"lo"
"2856","LOC427665",NA,"hi"
"2857","LOC428479",NA,"hi"
"2858","LOC428778",NA,"hi"
"2859","LOC429518",NA,"lo"
"2860","LOC429809",NA,"lo"
"2861","LOC431656",NA,"lo"
"2862","LOC769039",NA,"lo"
"2863","LOC769174",NA,"hi"
"2864","LOC769676",NA,"lo"
"2865","LOC770392",NA,"lo"
"2866","LOC770612",NA,"lo"
"2867","LOXL3",NA,"lo"
"2868","LPCAT2",NA,"lo"
"2869","LPPR5",NA,"hi"
"2870","LRRC32",NA,"lo"
"2871","LRRC59",NA,"hi"
"2872","LRRC7",NA,"hi"
"2873","LRRC75A",NA,"lo"
"2874","LRRCC1",NA,"hi"
"2875","LRRK1",NA,"lo"
"2876","LRRTM3",NA,"hi"
"2877","LRRTM4",NA,"hi"
"2878","LY86",NA,"lo"
"2879","LYPLAL1",NA,"hi"
"2880","LYSMD2",NA,"hi"
"2881","M6PR",NA,"lo"
"2882","MACC1",NA,"lo"
"2883","MAD2L1",NA,"hi"
"2884","MAEA",NA,"hi"
"2885","MAFB",NA,"lo"
"2886","MAK16",NA,"hi"
"2887","MAMLD1",NA,"lo"
"2888","MAN1A1",NA,"hi"
"2889","MANF",NA,"hi"
"2890","MAP2K1",NA,"hi"
"2891","MAP2K3",NA,"hi"
"2892","MAP3K15",NA,"lo"
"2893","MAP6",NA,"hi"
"2894","MAP6D1",NA,"lo"
"2895","MAP7D3",NA,"hi"
"2896","MAPK1IP1L",NA,"lo"
"2897","MARC2",NA,"hi"
"2898","MASTL",NA,"hi"
"2899","MB21D2",NA,"hi"
"2900","MCFD2",NA,"hi"
"2901","MCM10",NA,"hi"
"2902","MCM2",NA,"hi"
"2903","MCM3",NA,"hi"
"2904","MCM5",NA,"hi"
"2905","MCM8",NA,"hi"
"2906","MCU",NA,"hi"
"2907","MDH1",NA,"hi"
"2908","MDM4",NA,"lo"
"2909","MEIS1",NA,"hi"
"2910","MERTK",NA,"lo"
"2911","MESDC2",NA,"hi"
"2912","METAP1D",NA,"hi"
"2913","METTL20",NA,"hi"
"2914","METTL21A",NA,"hi"
"2915","METTL22",NA,"hi"
"2916","MFAP3L",NA,"hi"
"2917","MFRP",NA,"lo"
"2918","MFSD11",NA,"hi"
"2919","MFSD2A",NA,"hi"
"2920","MFSD4",NA,"hi"
"2921","MGLL",NA,"lo"
"2922","MGST2",NA,"lo"
"2923","MIA3",NA,"hi"
"2924","MID1IP1",NA,"lo"
"2925","MINOS1",NA,"hi"
"2926","MIS12",NA,"hi"
"2927","MITD1",NA,"hi"
"2928","MKI67",NA,"hi"
"2929","MKS1",NA,"lo"
"2930","MLEC",NA,"hi"
"2931","MLN",NA,"hi"
"2932","MMP16",NA,"hi"
"2933","MN1",NA,"lo"
"2934","MND1",NA,"hi"
"2935","MOV10",NA,"lo"
"2936","MPHOSPH10",NA,"hi"
"2937","MPP2",NA,"lo"
"2938","MPPED2",NA,"lo"
"2939","MRPL15",NA,"hi"
"2940","MRPL23",NA,"hi"
"2941","MRPL48",NA,"hi"
"2942","MRPS26",NA,"hi"
"2943","MSANTD2",NA,"lo"
"2944","MSANTD4",NA,"hi"
"2945","MSRB3",NA,"lo"
"2946","MSTN",NA,"hi"
"2947","MTFR1",NA,"hi"
"2948","MTMR1",NA,"hi"
"2949","MTPN",NA,"hi"
"2950","MTSS1",NA,"lo"
"2951","MXD3",NA,"hi"
"2952","MYBL1",NA,"hi"
"2953","MYBL2",NA,"hi"
"2954","MYC",NA,"hi"
"2955","MYCN",NA,"lo"
"2956","MYO15A",NA,"lo"
"2957","MYOC",NA,"lo"
"2958","MYOT",NA,"hi"
"2959","N4BP2L1",NA,"lo"
"2960","NAA25",NA,"hi"
"2961","NAA50",NA,"hi"
"2962","NAALADL2",NA,"hi"
"2963","NABP1",NA,"hi"
"2964","NASP",NA,"hi"
"2965","NAT10",NA,"hi"
"2966","NBAS",NA,"hi"
"2967","NBR1",NA,"hi"
"2968","NCAPD3",NA,"hi"
"2969","NCAPG",NA,"hi"
"2970","NCAPH",NA,"hi"
"2971","NCAPH2",NA,"hi"
"2972","NCL",NA,"hi"
"2973","NDC80",NA,"hi"
"2974","NDST4",NA,"hi"
"2975","NDUFC2",NA,"hi"
"2976","NDUFV2",NA,"hi"
"2977","NECAB2",NA,"hi"
"2978","NECAP1",NA,"hi"
"2979","NEFM",NA,"hi"
"2980","NEK2",NA,"hi"
"2981","NET1",NA,"lo"
"2982","NETO1",NA,"hi"
"2983","NEURL1",NA,"hi"
"2984","NFASC",NA,"lo"
"2985","NFYA",NA,"lo"
"2986","NGB",NA,"lo"
"2987","NID2",NA,"lo"
"2988","NIP7",NA,"hi"
"2989","NIPAL3",NA,"hi"
"2990","NISCH",NA,"hi"
"2991","NKAIN3",NA,"hi"
"2992","NKX2-2",NA,"lo"
"2993","NMNAT3",NA,"lo"
"2994","NOCT",NA,"hi"
"2995","NOG",NA,"lo"
"2996","NOL4",NA,"lo"
"2997","NOP14",NA,"hi"
"2998","NOP16",NA,"hi"
"2999","NOP58",NA,"hi"
"3000","NOTCH2",NA,"lo"
"3001","NPAT",NA,"hi"
"3002","NPNT",NA,"lo"
"3003","NPR2",NA,"lo"
"3004","NPTN",NA,"lo"
"3005","NPY1R",NA,"lo"
"3006","NPY2R",NA,"lo"
"3007","NR1H3",NA,"lo"
"3008","NR3C1",NA,"lo"
"3009","NR4A3",NA,"hi"
"3010","NRDE2",NA,"lo"
"3011","NRG3",NA,"lo"
"3012","NRGN",NA,"lo"
"3013","NRIP3",NA,"lo"
"3014","NRN1",NA,"hi"
"3015","NSRP1",NA,"hi"
"3016","NSUN2",NA,"hi"
"3017","NT5C3A",NA,"hi"
"3018","NT5DC2",NA,"hi"
"3019","NT5DC3",NA,"lo"
"3020","NTN1",NA,"hi"
"3021","NTN4L",NA,"hi"
"3022","NUCB2",NA,"hi"
"3023","NUDCD2",NA,"hi"
"3024","NUDT15",NA,"hi"
"3025","NUDT6",NA,"hi"
"3026","NUF2",NA,"hi"
"3027","NUP58",NA,"hi"
"3028","NUS1",NA,"hi"
"3029","NVL",NA,"hi"
"3030","NXN",NA,"lo"
"3031","OAZ1",NA,"hi"
"3032","OBSL1",NA,"lo"
"3033","OCIAD1",NA,"hi"
"3034","OFCC1",NA,"hi"
"3035","OGN",NA,"lo"
"3036","OLA1",NA,"hi"
"3037","OLFM1",NA,"hi"
"3038","OLFML1",NA,"lo"
"3039","OMP",NA,"hi"
"3040","OPN1LW",NA,"lo"
"3041","ORC1",NA,"hi"
"3042","OSBPL11",NA,"hi"
"3043","OSER1",NA,"hi"
"3044","OSR2",NA,"lo"
"3045","OSTC",NA,"hi"
"3046","OTUD7A",NA,"hi"
"3047","OVST",NA,"hi"
"3048","OXSM",NA,"lo"
"3049","OXSR1",NA,"lo"
"3050","PABPC1",NA,"hi"
"3051","PAH",NA,"lo"
"3052","PALD1",NA,"lo"
"3053","PAM",NA,"hi"
"3054","PAPSS1",NA,"hi"
"3055","PARK7",NA,"hi"
"3056","PARVA",NA,"hi"
"3057","PASD1",NA,"hi"
"3058","PASK",NA,"hi"
"3059","PBK",NA,"hi"
"3060","PCBP2",NA,"lo"
"3061","PCDH7",NA,"hi"
"3062","PCLO",NA,"hi"
"3063","PCMTD2",NA,"lo"
"3064","PCNA",NA,"hi"
"3065","PCNP",NA,"lo"
"3066","PCP4",NA,"hi"
"3067","PCSK1",NA,"hi"
"3068","PCYOX1",NA,"hi"
"3069","PDCD4",NA,"hi"
"3070","PDE10A",NA,"hi"
"3071","PDE11A",NA,"hi"
"3072","PDE1C",NA,"hi"
"3073","PDGFRL",NA,"hi"
"3074","PDIA3",NA,"hi"
"3075","PDLIM7",NA,"lo"
"3076","PER3",NA,"lo"
"3077","PEX10",NA,"hi"
"3078","PGAM1",NA,"hi"
"3079","PGM2L1",NA,"hi"
"3080","PGM3",NA,"hi"
"3081","PGRMC2",NA,"hi"
"3082","PHF14",NA,"hi"
"3083","PHGDH",NA,"hi"
"3084","PHLDB1",NA,"lo"
"3085","PIGA",NA,"hi"
"3086","PIGB",NA,"hi"
"3087","PIGK",NA,"hi"
"3088","PIGM",NA,"hi"
"3089","PIK3AP1",NA,"lo"
"3090","PIM3",NA,"hi"
"3091","PINK1",NA,"lo"
"3092","PINLYP",NA,"lo"
"3093","PIP4K2A",NA,"lo"
"3094","PITRM1",NA,"hi"
"3095","PITX2",NA,"lo"
"3096","PITX3",NA,"lo"
"3097","PKD2",NA,"lo"
"3098","PKIB",NA,"lo"
"3099","PKNOX2",NA,"lo"
"3100","PKP3",NA,"lo"
"3101","PLA2G4E",NA,"lo"
"3102","PLA2G7",NA,"hi"
"3103","PLCD1",NA,"lo"
"3104","PLEKHA6",NA,"lo"
"3105","PLEKHB1",NA,"hi"
"3106","PLEKHG3",NA,"lo"
"3107","PLEKHO2",NA,"lo"
"3108","PLK1",NA,"hi"
"3109","PLK3",NA,"hi"
"3110","PLS1",NA,"hi"
"3111","PLS3",NA,"hi"
"3112","PLXDC2",NA,"lo"
"3113","PLXNC1",NA,"lo"
"3114","PM5",NA,"hi"
"3115","PMM2",NA,"hi"
"3116","PNRC2",NA,"hi"
"3117","POFUT2",NA,"hi"
"3118","POGZ",NA,"lo"
"3119","POLR3E",NA,"hi"
"3120","POU3F2",NA,"hi"
"3121","POU3F3",NA,"hi"
"3122","PPA1",NA,"hi"
"3123","PPIB",NA,"hi"
"3124","PPM1E",NA,"hi"
"3125","PPM1F",NA,"lo"
"3126","PPM1M",NA,"lo"
"3127","PPP1R16B",NA,"lo"
"3128","PRC1",NA,"hi"
"3129","PRDX3",NA,"hi"
"3130","PRDX4",NA,"hi"
"3131","PRELID1",NA,"hi"
"3132","PRICKLE1",NA,"lo"
"3133","PRICKLE2",NA,"lo"
"3134","PRIMPOL",NA,"hi"
"3135","PRKAB2",NA,"lo"
"3136","PRKCB",NA,"lo"
"3137","PRKCD",NA,"lo"
"3138","PRL",NA,"hi"
"3139","PROCA1",NA,"lo"
"3140","PROCR",NA,"hi"
"3141","PROS1",NA,"hi"
"3142","PROSER2",NA,"lo"
"3143","PRPH2",NA,"lo"
"3144","PRPS2",NA,"hi"
"3145","PRR15",NA,"lo"
"3146","PRR7",NA,"lo"
"3147","PSD",NA,"lo"
"3148","PSD2",NA,"lo"
"3149","PSMA3",NA,"hi"
"3150","PSMB3",NA,"hi"
"3151","PSMC1",NA,"hi"
"3152","PSMC2",NA,"hi"
"3153","PSMC3",NA,"hi"
"3154","PSMD6",NA,"hi"
"3155","PSMD7",NA,"hi"
"3156","PSME3",NA,"hi"
"3157","PSPH",NA,"hi"
"3158","PTGFR",NA,"hi"
"3159","PTPN14",NA,"lo"
"3160","PTPRF",NA,"lo"
"3161","PTPRO",NA,"lo"
"3162","PTPRVP",NA,"lo"
"3163","PTRH2",NA,"hi"
"3164","PTTG1",NA,"hi"
"3165","PVRL3",NA,"lo"
"3166","PWWP2A",NA,"lo"
"3167","PXDC1",NA,"lo"
"3168","PXDN",NA,"lo"
"3169","PYCR2",NA,"hi"
"3170","PYGL",NA,"lo"
"3171","RAB1A",NA,"hi"
"3172","RAB26",NA,"hi"
"3173","RAB28",NA,"hi"
"3174","RAB2A",NA,"hi"
"3175","RAB30",NA,"hi"
"3176","RAB32",NA,"lo"
"3177","RAB3B",NA,"lo"
"3178","RAB3GAP2",NA,"hi"
"3179","RAB5C",NA,"lo"
"3180","RACGAP1",NA,"hi"
"3181","RAD51AP1",NA,"hi"
"3182","RADIL",NA,"hi"
"3183","RANBP1",NA,"hi"
"3184","RANBP10",NA,"hi"
"3185","RANGAP1",NA,"hi"
"3186","RAPGEF5",NA,"lo"
"3187","RARB",NA,"lo"
"3188","RARRES1",NA,"lo"
"3189","RASSF1",NA,"hi"
"3190","RASSF3",NA,"hi"
"3191","RASSF5",NA,"hi"
"3192","RASSF6",NA,"hi"
"3193","RAX",NA,"lo"
"3194","RB1",NA,"hi"
"3195","RB1CC1",NA,"hi"
"3196","RBBP8",NA,"hi"
"3197","RBM25",NA,"hi"
"3198","RBM47",NA,"lo"
"3199","RCAN2",NA,"hi"
"3200","RCAN3",NA,"lo"
"3201","RCN1",NA,"hi"
"3202","REEP5",NA,"hi"
"3203","REL",NA,"lo"
"3204","RERGL",NA,"lo"
"3205","REST",NA,"hi"
"3206","REV1",NA,"lo"
"3207","RFC5",NA,"hi"
"3208","RGS11",NA,"lo"
"3209","RGS18",NA,"lo"
"3210","RGS3",NA,"lo"
"3211","RGS4",NA,"lo"
"3212","RHBDL1",NA,"lo"
"3213","RHPN2",NA,"lo"
"3214","RIN3",NA,"lo"
"3215","RINT1",NA,"hi"
"3216","RNF145",NA,"lo"
"3217","RNF149",NA,"lo"
"3218","RNF157",NA,"hi"
"3219","RNF182",NA,"hi"
"3220","RNF34",NA,"lo"
"3221","ROM1",NA,"lo"
"3222","ROR1",NA,"lo"
"3223","RP11-155D18.12",NA,"lo"
"3224","RP11-156P1.2",NA,"hi"
"3225","RP11-196G11.1",NA,"hi"
"3226","RP11-292K15.2",NA,"hi"
"3227","RP11-407N17.3",NA,"hi"
"3228","RP11-574K11.31",NA,"hi"
"3229","RP11-690P14.4",NA,"lo"
"3230","RPA2",NA,"hi"
"3231","RPGR",NA,"hi"
"3232","RPL11",NA,"hi"
"3233","RPL27A",NA,"hi"
"3234","RPL4",NA,"hi"
"3235","RPL6",NA,"hi"
"3236","RPN1",NA,"hi"
"3237","RPP25",NA,"lo"
"3238","RPP40",NA,"hi"
"3239","RPS21",NA,"hi"
"3240","RPS6KA6",NA,"hi"
"3241","RRAGB",NA,"lo"
"3242","RRBP1",NA,"hi"
"3243","RRM1",NA,"hi"
"3244","RRM2",NA,"hi"
"3245","RRP15",NA,"hi"
"3246","RSU1",NA,"lo"
"3247","RTCA",NA,"hi"
"3248","RTN4",NA,"hi"
"3249","RTN4IP1",NA,"hi"
"3250","RTN4R",NA,"lo"
"3251","RTN4RL2",NA,"hi"
"3252","RUNX1T1",NA,"hi"
"3253","RXRG",NA,"hi"
"3254","S100A16",NA,"lo"
"3255","SAFB",NA,"hi"
"3256","SAMD11",NA,"lo"
"3257","SAMM50",NA,"hi"
"3258","SAMSN1",NA,"lo"
"3259","SAR1A",NA,"hi"
"3260","SARNP",NA,"lo"
"3261","SAXO1",NA,"hi"
"3262","SC5D",NA,"hi"
"3263","SCARA3",NA,"lo"
"3264","SCARB1",NA,"lo"
"3265","SCARB2",NA,"lo"
"3266","SCFD1",NA,"hi"
"3267","SCG3",NA,"hi"
"3268","SCRN1",NA,"lo"
"3269","SCRN3",NA,"hi"
"3270","SCUBE2",NA,"lo"
"3271","SDF2L1",NA,"hi"
"3272","SDF4",NA,"hi"
"3273","SEC11C",NA,"hi"
"3274","SEC13",NA,"hi"
"3275","SEC23B",NA,"hi"
"3276","SEC61G",NA,"hi"
"3277","SELK",NA,"hi"
"3278","SEMA3G",NA,"lo"
"3279","SEMA4G",NA,"lo"
"3280","SEP15",NA,"hi"
"3281","SEPP1",NA,"hi"
"3282","SEPT3",NA,"hi"
"3283","SERINC1",NA,"hi"
"3284","SERINC2",NA,"lo"
"3285","SERP1",NA,"hi"
"3286","SERPINE2",NA,"lo"
"3287","SERPINH1",NA,"lo"
"3288","SETD3",NA,"hi"
"3289","SETD8",NA,"hi"
"3290","SFRP5",NA,"hi"
"3291","SGK223",NA,"lo"
"3292","SGOL1",NA,"hi"
"3293","SGSM3",NA,"hi"
"3294","SH3BP2",NA,"lo"
"3295","SH3PXD2B",NA,"lo"
"3296","SHCBP1",NA,"hi"
"3297","SHOX2",NA,"hi"
"3298","SHPRH",NA,"hi"
"3299","SHROOM4",NA,"lo"
"3300","SIRT5",NA,"hi"
"3301","SIX3",NA,"hi"
"3302","SKA1",NA,"hi"
"3303","SKA3",NA,"hi"
"3304","SKIDA1",NA,"lo"
"3305","SLAMF1",NA,"lo"
"3306","SLBP",NA,"hi"
"3307","SLC10A4",NA,"lo"
"3308","SLC12A7",NA,"hi"
"3309","SLC16A1",NA,"hi"
"3310","SLC16A9",NA,"lo"
"3311","SLC17A5",NA,"hi"
"3312","SLC17A9",NA,"hi"
"3313","SLC1A4",NA,"hi"
"3314","SLC23A2",NA,"hi"
"3315","SLC24A2",NA,"lo"
"3316","SLC25A1",NA,"lo"
"3317","SLC25A21",NA,"hi"
"3318","SLC25A22",NA,"hi"
"3319","SLC25A34",NA,"hi"
"3320","SLC25A5",NA,"hi"
"3321","SLC30A8",NA,"hi"
"3322","SLC33A1",NA,"hi"
"3323","SLC35D1",NA,"lo"
"3324","SLC37A4",NA,"lo"
"3325","SLC38A2",NA,"hi"
"3326","SLC41A2",NA,"hi"
"3327","SLC44A5",NA,"lo"
"3328","SLC6A1",NA,"lo"
"3329","SLC6A15",NA,"hi"
"3330","SLC6A17",NA,"lo"
"3331","SLC6A7",NA,"lo"
"3332","SLC7A3",NA,"hi"
"3333","SLC7A5",NA,"hi"
"3334","SLC7A6",NA,"hi"
"3335","SLC9A2",NA,"lo"
"3336","SLC9A3R2",NA,"lo"
"3337","SLCO1C1",NA,"lo"
"3338","SLCO4A1",NA,"hi"
"3339","SLITRK6",NA,"hi"
"3340","SMARCD1",NA,"lo"
"3341","SMC6",NA,"hi"
"3342","SMCO4",NA,"hi"
"3343","SMG8",NA,"hi"
"3344","SMIM18",NA,"hi"
"3345","SMIM5",NA,"lo"
"3346","SMIM8",NA,"hi"
"3347","SMNDC1",NA,"hi"
"3348","SMO",NA,"lo"
"3349","SMPD3",NA,"hi"
"3350","SMTNL1",NA,"hi"
"3351","SND1",NA,"hi"
"3352","SNTB1",NA,"lo"
"3353","SNX14",NA,"hi"
"3354","SNX7",NA,"lo"
"3355","SOD1",NA,"hi"
"3356","SOSTDC1",NA,"hi"
"3357","SOX2",NA,"lo"
"3358","SPATA5",NA,"hi"
"3359","SPC24",NA,"hi"
"3360","SPC25",NA,"hi"
"3361","SPCS2",NA,"hi"
"3362","SPCS3",NA,"hi"
"3363","SPEG",NA,"hi"
"3364","SPNS3",NA,"lo"
"3365","SPP1",NA,"lo"
"3366","SPPL2A",NA,"hi"
"3367","SPRY1",NA,"hi"
"3368","SPSB4",NA,"lo"
"3369","SRGAP3",NA,"lo"
"3370","SRM",NA,"hi"
"3371","SRP14",NA,"hi"
"3372","SRP54",NA,"hi"
"3373","SRP68",NA,"hi"
"3374","SRPR",NA,"hi"
"3375","SRPRB",NA,"hi"
"3376","SRSF1",NA,"hi"
"3377","SRSF3",NA,"lo"
"3378","SS18",NA,"lo"
"3379","SSB",NA,"hi"
"3380","SSFA2",NA,"lo"
"3381","SSPN",NA,"lo"
"3382","SSPO",NA,"hi"
"3383","SSR1",NA,"hi"
"3384","SSR2",NA,"hi"
"3385","SSR3",NA,"hi"
"3386","SSR4",NA,"hi"
"3387","SSTR1",NA,"hi"
"3388","STAB1",NA,"lo"
"3389","STAC",NA,"hi"
"3390","STC1",NA,"hi"
"3391","STEAP2",NA,"hi"
"3392","STK10",NA,"lo"
"3393","STK16",NA,"hi"
"3394","STK3",NA,"hi"
"3395","STRA6",NA,"lo"
"3396","STRA8",NA,"lo"
"3397","STX17",NA,"lo"
"3398","SUMF2",NA,"hi"
"3399","SV2A",NA,"hi"
"3400","SVIL",NA,"lo"
"3401","SYNPO",NA,"lo"
"3402","SYT13",NA,"hi"
"3403","TACC1",NA,"lo"
"3404","TACC3",NA,"hi"
"3405","TACR2",NA,"lo"
"3406","TACR3",NA,"hi"
"3407","TALDO1",NA,"hi"
"3408","TAOK1",NA,"lo"
"3409","TAX1BP1",NA,"hi"
"3410","TBCE",NA,"hi"
"3411","TBX20",NA,"lo"
"3412","TBX3",NA,"lo"
"3413","TCAIM",NA,"lo"
"3414","TCEA3",NA,"lo"
"3415","TCERG1L",NA,"hi"
"3416","TCP1",NA,"hi"
"3417","TCTN1",NA,"lo"
"3418","TEAD1",NA,"hi"
"3419","TEK",NA,"lo"
"3420","TEKT3",NA,"lo"
"3421","TENM2",NA,"hi"
"3422","TESC",NA,"hi"
"3423","TFDP1",NA,"hi"
"3424","TFPI2",NA,"hi"
"3425","TGDS",NA,"hi"
"3426","TGFB3",NA,"lo"
"3427","TGFBR2",NA,"lo"
"3428","TGFBR3",NA,"lo"
"3429","TGM2",NA,"lo"
"3430","TGS1",NA,"hi"
"3431","THADA",NA,"hi"
"3432","THAP5",NA,"hi"
"3433","THOC1",NA,"hi"
"3434","THSD4",NA,"lo"
"3435","TJP3",NA,"lo"
"3436","TK1",NA,"hi"
"3437","TLL1",NA,"lo"
"3438","TM2D3",NA,"hi"
"3439","TM9SF3",NA,"hi"
"3440","TMC5",NA,"hi"
"3441","TMEM116",NA,"lo"
"3442","TMEM181",NA,"hi"
"3443","TMEM184B",NA,"hi"
"3444","TMEM196",NA,"hi"
"3445","TMEM208",NA,"hi"
"3446","TMEM240",NA,"hi"
"3447","TMEM243",NA,"lo"
"3448","TMEM258",NA,"hi"
"3449","TMEM39A",NA,"hi"
"3450","TMEM50A",NA,"hi"
"3451","TMEM52B",NA,"hi"
"3452","TMEM57",NA,"hi"
"3453","TMEM59",NA,"hi"
"3454","TMEM62",NA,"lo"
"3455","TMF1",NA,"hi"
"3456","TMPRSS13",NA,"hi"
"3457","TMSB10",NA,"hi"
"3458","TN",NA,"lo"
"3459","TNC",NA,"lo"
"3460","TNFAIP3",NA,"lo"
"3461","TNFRSF25",NA,"lo"
"3462","TNKS",NA,"hi"
"3463","TNKS2",NA,"hi"
"3464","TNNI1",NA,"lo"
"3465","TOMM20",NA,"hi"
"3466","TOP2A",NA,"hi"
"3467","TP53I11",NA,"lo"
"3468","TP53INP1",NA,"lo"
"3469","TP73",NA,"lo"
"3470","TPP2",NA,"hi"
"3471","TPRG1L",NA,"lo"
"3472","TPRN",NA,"lo"
"3473","TPT1",NA,"hi"
"3474","TRA2B",NA,"hi"
"3475","TRABD",NA,"hi"
"3476","TRAF3IP1",NA,"hi"
"3477","TRAF3IP2",NA,"lo"
"3478","TRAF7",NA,"lo"
"3479","TRAFD1",NA,"lo"
"3480","TRAIP",NA,"hi"
"3481","TRAK2",NA,"lo"
"3482","TRIAP1",NA,"hi"
"3483","TRIB1",NA,"hi"
"3484","TRIM24",NA,"lo"
"3485","TRIM35",NA,"hi"
"3486","TRIM45",NA,"lo"
"3487","TRIP11",NA,"hi"
"3488","TRIP13",NA,"hi"
"3489","TRMT1L",NA,"hi"
"3490","TRPV2",NA,"lo"
"3491","TSHB",NA,"hi"
"3492","TSHZ1",NA,"hi"
"3493","TSNAXIP1",NA,"lo"
"3494","TSPAN13",NA,"hi"
"3495","TSPAN4",NA,"lo"
"3496","TSPAN6",NA,"lo"
"3497","TSPAN9",NA,"lo"
"3498","TSPO",NA,"lo"
"3499","TSR3",NA,"hi"
"3500","TSTA3",NA,"hi"
"3501","TTC13",NA,"hi"
"3502","TTC17",NA,"hi"
"3503","TTC27",NA,"hi"
"3504","TTC3",NA,"hi"
"3505","TTC9",NA,"lo"
"3506","TTK",NA,"hi"
"3507","TTL",NA,"hi"
"3508","TUBA1C",NA,"hi"
"3509","TUBD1",NA,"hi"
"3510","TUBG1",NA,"hi"
"3511","TULP4",NA,"lo"
"3512","TUSC3",NA,"hi"
"3513","TWIST2",NA,"lo"
"3514","TXNDC11",NA,"hi"
"3515","TXNDC17",NA,"hi"
"3516","TXNL1",NA,"hi"
"3517","TYMS",NA,"hi"
"3518","UAP1",NA,"hi"
"3519","UBE2A",NA,"hi"
"3520","UBE2C",NA,"hi"
"3521","UBE2E1",NA,"lo"
"3522","UBE2V1",NA,"hi"
"3523","UBR7",NA,"hi"
"3524","UCHL1",NA,"hi"
"3525","UCHL5",NA,"hi"
"3526","UFC1",NA,"hi"
"3527","UFL1",NA,"hi"
"3528","UFM1",NA,"hi"
"3529","UHRF1BP1L",NA,"hi"
"3530","ULK3",NA,"lo"
"3531","UMODL1",NA,"hi"
"3532","UNC13D",NA,"lo"
"3533","UNC5C",NA,"hi"
"3534","URI1",NA,"lo"
"3535","USMG5",NA,"hi"
"3536","USP1",NA,"hi"
"3537","USP16",NA,"hi"
"3538","USP30",NA,"hi"
"3539","USP35",NA,"hi"
"3540","USP48",NA,"hi"
"3541","UTP23",NA,"hi"
"3542","VAMP3",NA,"lo"
"3543","VAT1",NA,"lo"
"3544","VCL",NA,"lo"
"3545","VEPH1",NA,"hi"
"3546","VGLL4",NA,"lo"
"3547","VIMP",NA,"hi"
"3548","VIP",NA,"lo"
"3549","VIPR1",NA,"hi"
"3550","VPS50",NA,"hi"
"3551","VRK2",NA,"lo"
"3552","VSIG4",NA,"lo"
"3553","VWA2",NA,"lo"
"3554","WBP1L",NA,"lo"
"3555","WBSCR17",NA,"lo"
"3556","WDR33",NA,"lo"
"3557","WDR4",NA,"hi"
"3558","WDR60",NA,"hi"
"3559","WDR75",NA,"hi"
"3560","WDR81",NA,"hi"
"3561","WFDC1",NA,"lo"
"3562","WIPF3",NA,"lo"
"3563","WIPI1",NA,"hi"
"3564","WNT3",NA,"lo"
"3565","WSCD1",NA,"hi"
"3566","WWTR1",NA,"lo"
"3567","XBP1",NA,"hi"
"3568","XRCC6",NA,"hi"
"3569","YAP1",NA,"lo"
"3570","YBX1",NA,"hi"
"3571","YIPF1",NA,"hi"
"3572","YIPF3",NA,"hi"
"3573","YME1L1",NA,"hi"
"3574","ZC3H13",NA,"hi"
"3575","ZC3H15",NA,"hi"
"3576","ZC3HAV1",NA,"lo"
"3577","ZC3HAV1L",NA,"hi"
"3578","ZCRB1",NA,"hi"
"3579","ZDHHC3",NA,"hi"
"3580","ZEB2",NA,"lo"
"3581","ZMYND11",NA,"lo"
"3582","ZNF292",NA,"lo"
"3583","ZNF385B",NA,"lo"
"3584","ZNF804A",NA,"hi"
"3585","ZXDC",NA,"lo"
"3586","ZYX",NA,"lo"
