"study","treatment","sex","hormone","plasma_conc","okay"
"characterization","control","male","prolactin",3.82944,"okay"
"characterization","control","male","prolactin",3.280352,"okay"
"characterization","control","male","prolactin",4.14752,"okay"
"characterization","control","male","prolactin",25.346912,"okay"
"characterization","control","female","prolactin",21.528352,"okay"
"characterization","control","male","prolactin",14.92048,"okay"
"characterization","control","female","prolactin",85.278112,"okay"
"characterization","control","female","prolactin",36.152768,"okay"
"characterization","control","female","prolactin",39.488064,"okay"
"characterization","control","female","prolactin",22.830848,"okay"
"characterization","control","female","prolactin",34.142592,"okay"
"characterization","control","female","prolactin",16.733088,"okay"
"characterization","control","male","prolactin",20.110336,"okay"
"characterization","control","female","prolactin",19.5856,"okay"
"characterization","control","male","prolactin",5.38144,"okay"
"characterization","control","male","prolactin",4.272128,"okay"
"characterization","control","female","prolactin",56.98368,"okay"
"characterization","control","male","prolactin",72.25184,"okay"
"characterization","control","male","prolactin",3.0176,"okay"
"characterization","control","male","prolactin",17.883552,"okay"
"characterization","control","female","prolactin",38.631456,"okay"
"characterization","control","male","prolactin",2.88064,"okay"
"characterization","control","male","prolactin",2.02048,"okay"
"characterization","hatch","male","prolactin",29.04608,"okay"
"characterization","hatch","female","prolactin",42.46528,"okay"
"characterization","inc.d9","male","prolactin",35.690176,"okay"
"characterization","inc.d9","female","prolactin",33.863456,"okay"
"characterization","inc.d17","male","prolactin",60.093472,"okay"
"characterization","inc.d3","male","prolactin",3.648128,"okay"
"characterization","inc.d3","female","prolactin",91.76992,"okay"
"characterization","hatch","male","prolactin",56.977472,"okay"
"characterization","hatch","female","prolactin",63.40896,"okay"
"characterization","n5","female","prolactin",79.330432,"okay"
"characterization","inc.d17","male","prolactin",72.730912,"okay"
"characterization","inc.d17","female","prolactin",72.338144,"okay"
"characterization","inc.d17","male","prolactin",68.148288,"okay"
"characterization","inc.d17","female","prolactin",62.366976,"okay"
"characterization","inc.d17","male","prolactin",14.945504,"okay"
"characterization","inc.d17","female","prolactin",81.035232,"okay"
"characterization","inc.d9","female","prolactin",23.921856,"okay"
"characterization","inc.d9","male","prolactin",23.462048,"okay"
"characterization","inc.d17","female","prolactin",89.042432,"okay"
"characterization","inc.d17","male","prolactin",63.516736,"okay"
"characterization","inc.d3","male","prolactin",28.92784,"okay"
"characterization","inc.d3","female","prolactin",12.12096,"okay"
"characterization","inc.d3","male","prolactin",7.893984,"okay"
"characterization","inc.d3","female","prolactin",16.75376,"okay"
"characterization","inc.d3","male","prolactin",5.42128,"okay"
"characterization","inc.d3","female","prolactin",20.72512,"okay"
"characterization","bldg","male","prolactin",7.373376,"okay"
"characterization","bldg","female","prolactin",8.149248,"okay"
"characterization","inc.d17","female","prolactin",38.028896,"okay"
"characterization","inc.d17","male","prolactin",33.644864,"okay"
"characterization","inc.d9","female","prolactin",18.084992,"okay"
"characterization","inc.d9","male","prolactin",15.293472,"okay"
"characterization","inc.d9","male","prolactin",10.872512,"okay"
"characterization","inc.d9","female","prolactin",13.09664,"okay"
"characterization","inc.d9","female","prolactin",35.126048,"okay"
"characterization","inc.d9","male","prolactin",19.914336,"okay"
"characterization","n9","female","prolactin",43.35392,"okay"
"characterization","n9","male","prolactin",30.90624,"okay"
"characterization","inc.d17","male","prolactin",100.912736,"okay"
"characterization","inc.d17","female","prolactin",94.74912,"okay"
"characterization","inc.d9","male","prolactin",14.971488,"okay"
"characterization","inc.d9","female","prolactin",17.550528,"okay"
"characterization","hatch","female","prolactin",92.220896,"okay"
"characterization","hatch","male","prolactin",77.012544,"okay"
"characterization","inc.d3","male","prolactin",6.202624,"okay"
"characterization","inc.d3","female","prolactin",26.286432,"okay"
"characterization","inc.d17","female","prolactin",14.46784,"okay"
"characterization","inc.d17","male","prolactin",16.66784,"okay"
"characterization","inc.d17","female","prolactin",98.980032,"okay"
"characterization","inc.d17","male","prolactin",42.11888,"okay"
"characterization","bldg","female","prolactin",9.317952,"okay"
"characterization","bldg","male","prolactin",6.364352,"okay"
"characterization","bldg","female","prolactin",3.8944,"okay"
"characterization","bldg","male","prolactin",6.000416,"okay"
"characterization","bldg","female","prolactin",20.374976,"okay"
"characterization","bldg","male","prolactin",5.56448,"okay"
"characterization","lay","male","prolactin",24.222688,"okay"
"characterization","lay","female","prolactin",14.525568,"okay"
"characterization","inc.d17","male","prolactin",19.936832,"okay"
"characterization","inc.d17","female","prolactin",19.032064,"okay"
"characterization","bldg","male","prolactin",6.053696,"okay"
"characterization","bldg","female","prolactin",3.584128,"okay"
"characterization","hatch","female","prolactin",92.909632,"okay"
"characterization","inc.d9","female","prolactin",8.33888,"okay"
"characterization","inc.d9","male","prolactin",21.292608,"okay"
"characterization","hatch","male","prolactin",85.14816,"okay"
"characterization","n9","female","prolactin",54.155232,"okay"
"characterization","n9","male","prolactin",24.27712,"okay"
"characterization","n5","female","prolactin",42.670144,"okay"
"characterization","n5","male","prolactin",27.685792,"okay"
"manipulation","m.inc.d9","female","prolactin",29.565504,"okay"
"manipulation","m.inc.d9","male","prolactin",11.61184,"okay"
"characterization","hatch","female","prolactin",93.479936,"okay"
"characterization","hatch","male","prolactin",81.486176,"okay"
"characterization","inc.d9","female","prolactin",30.28672,"okay"
"characterization","inc.d9","female","prolactin",16.804352,"okay"
"characterization","inc.d9","male","prolactin",12.383872,"okay"
"characterization","inc.d3","female","prolactin",29.284512,"okay"
"characterization","inc.d3","male","prolactin",15.563872,"okay"
"characterization","inc.d17","female","prolactin",112.998528,"okay"
"characterization","inc.d17","male","prolactin",97.43184,"okay"
"characterization","inc.d9","female","prolactin",11.888864,"okay"
"characterization","inc.d9","male","prolactin",27.214784,"okay"
"characterization","inc.d9","male","prolactin",32.438336,"okay"
"characterization","inc.d9","female","prolactin",28.936704,"okay"
"characterization","inc.d9","male","prolactin",11.727072,"okay"
"manipulation","m.inc.d9","female","prolactin",39.82912,"okay"
"manipulation","m.inc.d9","male","prolactin",7.207104,"okay"
"characterization","n9","female","prolactin",58.863456,"okay"
"characterization","n9","male","prolactin",21.62016,"okay"
"manipulation","m.inc.d9","female","prolactin",31.36816,"okay"
"manipulation","m.inc.d9","male","prolactin",12.7872,"okay"
"characterization","n9","female","prolactin",50.02944,"okay"
"characterization","n9","male","prolactin",45.020608,"okay"
"characterization","inc.d3","male","prolactin",11.453792,"okay"
"characterization","inc.d3","female","prolactin",27.507392,"okay"
"characterization","inc.d9","male","prolactin",16.404192,"okay"
"characterization","inc.d9","female","prolactin",27.246912,"okay"
"characterization","n5","female","prolactin",76.74208,"okay"
"characterization","n5","male","prolactin",50.69904,"okay"
"manipulation","m.inc.d9","female","prolactin",8.9072,"okay"
"manipulation","m.inc.d9","male","prolactin",34.391264,"okay"
"manipulation","m.inc.d9","female","prolactin",10.90304,"okay"
"characterization","n5","female","prolactin",62.48096,"okay"
"characterization","n5","male","prolactin",46.99392,"okay"
"characterization","inc.d3","female","prolactin",6.01184,"okay"
"characterization","inc.d3","male","prolactin",6.026688,"okay"
"characterization","inc.d3","male","prolactin",25.574752,"okay"
"characterization","inc.d3","female","prolactin",47.96032,"okay"
"characterization","n5","female","prolactin",39.0656,"okay"
"characterization","n5","male","prolactin",42.4472,"okay"
"characterization","hatch","female","prolactin",85.755872,"okay"
"characterization","hatch","male","prolactin",84.437888,"okay"
"characterization","inc.d3","male","prolactin",14.849056,"okay"
"characterization","inc.d3","female","prolactin",12.921664,"okay"
"manipulation","m.inc.d17","female","prolactin",5.843808,"okay"
"manipulation","m.inc.d17","male","prolactin",76.725664,"okay"
"manipulation","m.inc.d9","female","prolactin",19.856416,"okay"
"manipulation","m.inc.d9","male","prolactin",6.67264,"okay"
"characterization","n9","female","prolactin",59.31456,"okay"
"characterization","n9","male","prolactin",53.652768,"okay"
"manipulation","m.inc.d9","female","prolactin",36.791488,"okay"
"manipulation","m.inc.d9","male","prolactin",8.450368,"okay"
"characterization","bldg","male","prolactin",5.54,"okay"
"characterization","bldg","female","prolactin",29.7952,"okay"
"manipulation","prolong","female","prolactin",86.713664,"okay"
"manipulation","prolong","male","prolactin",85.174144,"okay"
"manipulation","prolong","female","prolactin",78.750016,"okay"
"manipulation","prolong","male","prolactin",64.076448,"okay"
"characterization","n5","male","prolactin",82.727456,"okay"
"manipulation","m.inc.d9","female","prolactin",14.305184,"okay"
"manipulation","m.inc.d9","male","prolactin",3.4768,"okay"
"manipulation","prolong","female","prolactin",44.22816,"okay"
"manipulation","prolong","male","prolactin",61.34784,"okay"
"characterization","hatch","female","prolactin",71.09216,"okay"
"characterization","hatch","male","prolactin",87.136832,"okay"
"characterization","bldg","female","prolactin",8.057216,"okay"
"characterization","bldg","male","prolactin",10.42176,"okay"
"manipulation","m.n2","female","prolactin",15.25856,"okay"
"manipulation","m.n2","male","prolactin",36.242432,"okay"
"characterization","bldg","female","prolactin",14.377984,"okay"
"characterization","bldg","male","prolactin",3.594976,"okay"
"characterization","hatch","male","prolactin",65.243904,"okay"
"characterization","hatch","female","prolactin",58.678496,"okay"
"characterization","hatch","male","prolactin",90.944,"okay"
"characterization","hatch","female","prolactin",80.77456,"okay"
"manipulation","m.inc.d9","male","prolactin",13.781024,"okay"
"manipulation","m.inc.d9","female","prolactin",3.351552,"okay"
"manipulation","prolong","female","prolactin",58.53696,"okay"
"manipulation","prolong","male","prolactin",47.51216,"okay"
"characterization","bldg","female","prolactin",8.124512,"okay"
"characterization","bldg","male","prolactin",3.12768,"okay"
"characterization","n5","female","prolactin",42.88768,"okay"
"characterization","n5","male","prolactin",76.224352,"okay"
"characterization","n5","male","prolactin",61.0336,"okay"
"characterization","n5","female","prolactin",50.757952,"okay"
"characterization","bldg","female","prolactin",20.533312,"okay"
"characterization","bldg","male","prolactin",12.30304,"okay"
"characterization","n5","female","prolactin",59.952992,"okay"
"characterization","n5","male","prolactin",68.092896,"okay"
"manipulation","m.inc.d3","male","prolactin",4.935392,"okay"
"manipulation","m.inc.d3","female","prolactin",19.35712,"okay"
"manipulation","m.n2","male","prolactin",4.257696,"okay"
"manipulation","m.n2","female","prolactin",9.31136,"okay"
"manipulation","m.inc.d8","male","prolactin",13.278304,"okay"
"manipulation","m.inc.d8","female","prolactin",35.96416,"okay"
"manipulation","m.inc.d3","female","prolactin",9.533664,"okay"
"manipulation","m.inc.d3","male","prolactin",7.240544,"okay"
"characterization","n5","female","prolactin",16.460064,"okay"
"characterization","n5","male","prolactin",56.575072,"okay"
"manipulation","m.inc.d3","female","prolactin",21.311648,"okay"
"manipulation","m.inc.d3","male","prolactin",8.9168,"okay"
"characterization","n9","female","prolactin",44.811776,"okay"
"characterization","n9","male","prolactin",10.36096,"okay"
"characterization","hatch","female","prolactin",86.72352,"okay"
"characterization","hatch","male","prolactin",74.314656,"okay"
"characterization","n9","female","prolactin",16.23936,"okay"
"characterization","n9","male","prolactin",42.55328,"okay"
"characterization","n5","female","prolactin",76.54208,"okay"
"characterization","n5","male","prolactin",48.13168,"okay"
"characterization","n9","female","prolactin",19.978016,"okay"
"characterization","n9","male","prolactin",39.976,"okay"
"characterization","n9","female","prolactin",55.27808,"okay"
"characterization","n9","male","prolactin",43.243328,"okay"
"manipulation","m.inc.d3","female","prolactin",17.149024,"okay"
"manipulation","m.inc.d3","male","prolactin",8.32896,"okay"
"manipulation","m.inc.d3","female","prolactin",16.70208,"okay"
"manipulation","m.inc.d3","male","prolactin",13.641856,"okay"
"characterization","lay","male","prolactin",11.742112,"okay"
"characterization","lay","female","prolactin",8.020768,"okay"
"manipulation","prolong","male","prolactin",73.615456,"okay"
"manipulation","prolong","female","prolactin",86.443904,"okay"
"manipulation","m.inc.d8","female","prolactin",39.301344,"okay"
"manipulation","m.inc.d8","male","prolactin",19.800352,"okay"
"manipulation","extend","male","prolactin",80.689792,"okay"
"manipulation","extend","female","prolactin",80.959968,"okay"
"manipulation","prolong","female","prolactin",72.593536,"okay"
"manipulation","prolong","male","prolactin",74.772256,"okay"
"manipulation","m.inc.d17","female","prolactin",29.656544,"okay"
"manipulation","m.inc.d17","male","prolactin",8.875456,"okay"
"manipulation","m.inc.d3","male","prolactin",5.19968,"okay"
"manipulation","m.inc.d3","female","prolactin",6.350784,"okay"
"manipulation","m.inc.d17","female","prolactin",25.365664,"okay"
"manipulation","m.inc.d3","male","prolactin",4.709728,"okay"
"manipulation","m.inc.d3","female","prolactin",16.85984,"okay"
"manipulation","m.inc.d8","female","prolactin",7.999904,"okay"
"manipulation","m.inc.d8","male","prolactin",6.755936,"okay"
"manipulation","m.inc.d8","male","prolactin",18.431712,"okay"
"manipulation","m.n2","male","prolactin",18.35024,"okay"
"manipulation","m.inc.d8","male","prolactin",14.69952,"okay"
"manipulation","m.inc.d8","female","prolactin",20.54288,"okay"
"manipulation","m.inc.d8","male","prolactin",19.66464,"okay"
"characterization","lay","male","prolactin",7.66912,"okay"
"characterization","lay","female","prolactin",5.466592,"okay"
"manipulation","prolong","female","prolactin",85.615008,"okay"
"manipulation","prolong","male","prolactin",93.70144,"okay"
"manipulation","prolong","female","prolactin",84.423168,"okay"
"manipulation","prolong","male","prolactin",3.78176,"okay"
"manipulation","m.n2","female","prolactin",23.31088,"okay"
"manipulation","m.n2","male","prolactin",17.711968,"okay"
"manipulation","m.inc.d17","female","prolactin",12.87712,"okay"
"manipulation","m.inc.d17","male","prolactin",15.224864,"okay"
"manipulation","m.n2","male","prolactin",11.66816,"okay"
"manipulation","m.n2","female","prolactin",47.694496,"okay"
"manipulation","extend","female","prolactin",100.680672,"okay"
"manipulation","extend","male","prolactin",60.716864,"okay"
"manipulation","extend","female","prolactin",48.435488,"okay"
"manipulation","extend","male","prolactin",35.153952,"okay"
"manipulation","m.n2","female","prolactin",14.789728,"okay"
"manipulation","m.n2","male","prolactin",28.879616,"okay"
"manipulation","prolong","female","prolactin",68.542976,"okay"
"manipulation","prolong","male","prolactin",4.662336,"okay"
"manipulation","m.inc.d8","female","prolactin",11.66816,"okay"
"manipulation","m.inc.d8","male","prolactin",6.331616,"okay"
"manipulation","prolong","female","prolactin",43.81344,"okay"
"manipulation","prolong","male","prolactin",35.267392,"okay"
"manipulation","m.inc.d17","female","prolactin",31.838592,"okay"
"characterization","lay","male","prolactin",16.298784,"okay"
"characterization","lay","female","prolactin",6.87648,"okay"
"manipulation","m.inc.d17","male","prolactin",65.159232,"okay"
"manipulation","m.inc.d17","female","prolactin",21.174336,"okay"
"manipulation","m.inc.d17","female","prolactin",13.28,"okay"
"manipulation","m.inc.d17","male","prolactin",3.439808,"okay"
"manipulation","extend","female","prolactin",72.760032,"okay"
"manipulation","extend","male","prolactin",66.895328,"okay"
"manipulation","m.inc.d8","female","prolactin",27.468288,"okay"
"manipulation","m.inc.d8","male","prolactin",8.105536,"okay"
"manipulation","m.inc.d3","male","prolactin",11.476288,"okay"
"manipulation","m.inc.d3","female","prolactin",9.19424,"okay"
"manipulation","m.inc.d17","female","prolactin",10.535776,"okay"
"manipulation","m.inc.d17","male","prolactin",6.680096,"okay"
"manipulation","m.inc.d17","female","prolactin",49.70528,"okay"
"manipulation","m.inc.d17","male","prolactin",16.624224,"okay"
"manipulation","m.inc.d17","female","prolactin",58.222144,"okay"
"manipulation","m.inc.d17","male","prolactin",31.806688,"okay"
"manipulation","m.inc.d3","male","prolactin",6.29952,"okay"
"manipulation","m.inc.d3","female","prolactin",27.04864,"okay"
"manipulation","m.inc.d8","female","prolactin",14.665024,"okay"
"manipulation","m.inc.d8","male","prolactin",25.9472,"okay"
"manipulation","m.inc.d17","female","prolactin",11.305088,"okay"
"manipulation","m.inc.d17","male","prolactin",7.400256,"okay"
"manipulation","m.inc.d3","female","prolactin",7.247936,"okay"
"manipulation","m.inc.d3","male","prolactin",3.51104,"okay"
"manipulation","m.n2","female","prolactin",90.747968,"okay"
"manipulation","m.n2","male","prolactin",61.937152,"okay"
"manipulation","m.inc.d8","female","prolactin",16.68368,"okay"
"manipulation","m.inc.d8","male","prolactin",15.86336,"okay"
"manipulation","extend","female","prolactin",59.991168,"okay"
"manipulation","extend","male","prolactin",60.524096,"okay"
"manipulation","extend","female","prolactin",46.984384,"okay"
"manipulation","extend","male","prolactin",45.066208,"okay"
"characterization","lay","female","prolactin",6.078336,"okay"
"characterization","lay","male","prolactin",15.193696,"okay"
"manipulation","m.n2","male","prolactin",4.752768,"okay"
"characterization","lay","female","prolactin",4.42272,"okay"
"characterization","lay","male","prolactin",31.757472,"okay"
"characterization","lay","female","prolactin",5.849024,"okay"
"characterization","lay","male","prolactin",4.196544,"okay"
"characterization","lay","male","prolactin",26.94272,"okay"
"characterization","lay","female","prolactin",7.455616,"okay"
"manipulation","m.inc.d8","male","prolactin",8.00848,"okay"
"manipulation","m.n2","female","prolactin",11.46544,"okay"
"manipulation","m.n2","male","prolactin",4.884064,"okay"
"characterization","lay","female","prolactin",28.275584,"okay"
"characterization","lay","male","prolactin",11.070784,"okay"
"manipulation","m.n2","female","prolactin",21.036768,"okay"
"manipulation","m.n2","male","prolactin",10.812672,"okay"
"manipulation","extend","female","prolactin",65.041184,"okay"
"manipulation","extend","male","prolactin",74.042784,"okay"
"characterization","lay","male","prolactin",3.160896,"okay"
"characterization","lay","female","prolactin",10.178816,"okay"
"manipulation","extend","male","prolactin",64.986656,"okay"
"manipulation","extend","female","prolactin",82.0288,"okay"
"manipulation","extend","male","prolactin",38.171456,"okay"
"manipulation","extend","female","prolactin",120.349888,"okay"
"manipulation","extend","male","prolactin",59.700096,"okay"
"manipulation","m.inc.d9","female","prolactin",8.70192,"okay"
"manipulation","m.inc.d9","male","prolactin",16.47488,"okay"
"characterization","n9","female","prolactin",63.695584,"okay"
"characterization","n9","male","prolactin",39.593792,"okay"
"characterization","control","female","cort",0.896923849442877,"okay"
"characterization","control","female","estradiol",0.0521975450525916,"okay"
"characterization","control","female","progesterone",2.85682920560841,"okay"
"characterization","control","male","cort",1.21202607077952,"okay"
"characterization","control","male","progesterone",0.225078512900608,"okay"
"characterization","control","male","cort",1.15401736159298,"okay"
"characterization","control","male","progesterone",0.34370682678558,"okay"
"characterization","control","male","cort",1.81537813970996,"okay"
"characterization","control","male","progesterone",0.701920025614268,"okay"
"characterization","control","male","cort",0.846679637234861,"okay"
"characterization","hatch","male","cort",3.33161482854323,"okay"
"characterization","hatch","male","progesterone",0.108119140250043,"okay"
"characterization","hatch","male","progesterone",0.119064842731118,"okay"
"characterization","hatch","male","testosterone",3.32675929475017,"okay"
"characterization","hatch","male","testosterone",3.20309452087331,"okay"
"characterization","hatch","female","cort",1.38850068095066,"okay"
"characterization","hatch","female","estradiol",0.202442576587232,"okay"
"characterization","inc.d9","male","cort",4.91378452355791,"okay"
"characterization","inc.d9","male","cort",1.13976130463481,"okay"
"characterization","inc.d9","male","progesterone",0.120535123241333,"okay"
"characterization","inc.d9","male","progesterone",0.27103980743857,"okay"
"characterization","inc.d9","male","testosterone",0.285172054491938,"okay"
"characterization","inc.d9","female","cort",6.16817105337211,"okay"
"characterization","inc.d9","female","cort",2.00001812148528,"okay"
"characterization","inc.d9","female","estradiol",0.211448606706357,"okay"
"characterization","inc.d9","female","progesterone",0.357165529824806,"okay"
"characterization","inc.d17","female","cort",2.96667309279194,"okay"
"characterization","inc.d17","male","cort",6.62557735603824,"okay"
"characterization","inc.d3","male","cort",6.97699913952624,"okay"
"manipulation","m.inc.d3","female","cort",6.58529453508859,"okay"
"manipulation","m.inc.d3","female","estradiol",0.145801338028566,"okay"
"manipulation","m.inc.d3","female","progesterone",0.20499587564441,"okay"
"manipulation","m.inc.d3","female","progesterone",1.78604489536896,"okay"
"manipulation","m.inc.d3","female","progesterone",0.49372857660662,"okay"
"characterization","hatch","male","testosterone",0.179879616909463,"okay"
"characterization","hatch","male","progesterone",0.360124531380147,"okay"
"characterization","hatch","male","progesterone",1.7469802697398,"okay"
"characterization","hatch","male","progesterone",1.67869447101088,"okay"
"characterization","hatch","male","testosterone",0.136665798400588,"okay"
"characterization","hatch","male","cort",2.14719494667365,"okay"
"characterization","hatch","female","cort",1.42220372887252,"okay"
"characterization","hatch","female","estradiol",0.140386018140559,"okay"
"characterization","hatch","female","progesterone",0.125970747308665,"okay"
"characterization","hatch","female","progesterone",1.70391840349653,"okay"
"characterization","n5","female","progesterone",0.226788367450566,"okay"
"characterization","n5","female","cort",0.581076274389543,"okay"
"characterization","n5","female","estradiol",0.148595635962685,"okay"
"characterization","n5","female","progesterone",0.176023838196182,"okay"
"characterization","n5","female","progesterone",0.0784707973120791,"okay"
"characterization","inc.d17","male","progesterone",0.643503265391276,"okay"
"characterization","inc.d17","male","testosterone",0.223412637387209,"okay"
"characterization","inc.d17","male","cort",1.63229816818803,"okay"
"characterization","inc.d17","female","cort",1.73178177851457,"okay"
"characterization","inc.d17","female","estradiol",0.147264259471536,"okay"
"characterization","inc.d17","female","progesterone",0.140832874225146,"okay"
"characterization","inc.d17","male","cort",1.64411201792838,"okay"
"characterization","inc.d17","male","cort",2.00574391729967,"okay"
"characterization","inc.d17","female","cort",1.38246845265177,"okay"
"characterization","inc.d17","female","estradiol",0.0568383310493204,"okay"
"characterization","inc.d17","female","progesterone",0.279842879926576,"okay"
"characterization","inc.d17","male","cort",1.1139562400433,"okay"
"characterization","inc.d17","male","progesterone",0.273195754043415,"okay"
"characterization","inc.d17","male","progesterone",0.829263487860253,"okay"
"characterization","inc.d17","male","progesterone",1.16231897457895,"okay"
"characterization","inc.d17","male","progesterone",1.43291275384534,"okay"
"characterization","inc.d17","male","testosterone",0.468574294478315,"okay"
"characterization","inc.d17","male","testosterone",0.460275317478829,"okay"
"characterization","inc.d17","female","cort",1.60267895028991,"okay"
"characterization","inc.d17","female","estradiol",0.153818320148384,"okay"
"characterization","inc.d17","female","progesterone",0.234954868297451,"okay"
"characterization","inc.d9","female","cort",3.96607949974656,"okay"
"characterization","inc.d9","female","cort",1.74485267380159,"okay"
"characterization","inc.d9","female","estradiol",0.172455936400847,"okay"
"characterization","inc.d9","female","progesterone",1.80312119464579,"okay"
"characterization","inc.d9","male","cort",0.77519738252172,"okay"
"characterization","inc.d9","male","progesterone",0.256181526322837,"okay"
"characterization","inc.d17","female","cort",3.25734687769902,"okay"
"characterization","inc.d17","female","estradiol",0.148279778158484,"okay"
"characterization","inc.d17","female","progesterone",0.410477980288093,"okay"
"characterization","inc.d17","female","progesterone",1.65927324792724,"okay"
"characterization","inc.d17","male","cort",4.45113831631614,"okay"
"characterization","inc.d17","male","progesterone",0.318084425070106,"okay"
"characterization","inc.d17","male","testosterone",3.09244215741223,"okay"
"characterization","inc.d17","male","progesterone",0.0973292750545926,"okay"
"characterization","inc.d17","male","progesterone",1.45439001579601,"okay"
"characterization","inc.d3","male","cort",2.09154362208787,"okay"
"characterization","inc.d3","male","progesterone",0.260917983159247,"okay"
"characterization","inc.d3","female","cort",2.69337602025904,"okay"
"characterization","inc.d3","female","estradiol",0.14497992197331,"okay"
"characterization","inc.d3","female","progesterone",0.174063201715828,"okay"
"characterization","inc.d3","female","progesterone",1.41455196067175,"okay"
"characterization","inc.d3","male","progesterone",3.2469665623773,"okay"
"characterization","inc.d3","male","testosterone",1.60917422795349,"okay"
"characterization","inc.d3","male","cort",1.75977247990501,"okay"
"characterization","inc.d3","female","cort",1.89596861953326,"okay"
"characterization","inc.d3","female","estradiol",0.837670531847224,"okay"
"characterization","inc.d3","female","progesterone",0.295871834410401,"okay"
"characterization","inc.d3","male","progesterone",0.324264765274093,"okay"
"characterization","inc.d3","male","cort",2.06236857692309,"okay"
"characterization","inc.d3","male","progesterone",1.18531083655456,"okay"
"characterization","inc.d3","male","testosterone",0.493348358477186,"okay"
"characterization","inc.d3","female","cort",1.2240927382182,"okay"
"characterization","inc.d3","female","estradiol",0.430640583101167,"okay"
"characterization","bldg","male","cort",0.540148558371981,"okay"
"characterization","bldg","male","progesterone",0.217894120196006,"okay"
"characterization","bldg","female","cort",1.09473834897201,"okay"
"characterization","bldg","female","estradiol",0.240469199353032,"okay"
"characterization","bldg","female","progesterone",0.30883620189961,"okay"
"characterization","inc.d17","female","cort",1.47806290241001,"okay"
"characterization","inc.d17","female","estradiol",0.626673062644038,"okay"
"characterization","inc.d17","female","progesterone",0.140378835343008,"okay"
"characterization","inc.d17","female","progesterone",0.332188413161199,"okay"
"characterization","inc.d17","male","cort",2.19230198440979,"okay"
"characterization","inc.d9","female","progesterone",0.61393814068375,"okay"
"characterization","inc.d9","female","progesterone",0.194831247495801,"okay"
"characterization","inc.d9","male","cort",2.77641781745684,"okay"
"characterization","inc.d9","male","progesterone",0.127233530687726,"okay"
"characterization","inc.d9","male","testosterone",0.413050539894668,"okay"
"characterization","inc.d9","male","cort",4.44026044207787,"okay"
"characterization","inc.d9","male","cort",1.88527788515082,"okay"
"characterization","inc.d9","male","progesterone",1.31312873964334,"okay"
"characterization","inc.d9","male","progesterone",1.78632561136652,"okay"
"characterization","inc.d9","male","testosterone",1.97222270991463,"okay"
"characterization","inc.d9","female","cort",1.07951260857172,"okay"
"characterization","inc.d9","female","estradiol",0.147753193481173,"okay"
"characterization","inc.d9","female","progesterone",0.162919385751162,"okay"
"characterization","inc.d9","female","cort",2.69969245229206,"okay"
"characterization","inc.d9","female","cort",4.98462079203036,"okay"
"characterization","inc.d9","female","cort",1.42471821621362,"okay"
"characterization","inc.d9","female","estradiol",0.128427642756546,"okay"
"characterization","inc.d9","female","progesterone",0.249414000399133,"okay"
"characterization","inc.d9","male","testosterone",0.712294191275079,"okay"
"characterization","inc.d9","male","cort",2.31578794151924,"okay"
"characterization","inc.d9","male","cort",1.0440314623262,"okay"
"characterization","n9","female","cort",0.824423377067004,"okay"
"characterization","n9","female","estradiol",0.690467479104325,"okay"
"characterization","n9","female","progesterone",0.486981757912323,"okay"
"characterization","n9","male","cort",1.61643957601509,"okay"
"characterization","n9","male","progesterone",0.0354990454133011,"okay"
"characterization","n9","male","progesterone",1.28661587399748,"okay"
"characterization","n9","male","testosterone",3.17653474707292,"okay"
"characterization","inc.d17","male","progesterone",0.1667218500247,"okay"
"characterization","inc.d17","male","cort",1.94639606096861,"okay"
"characterization","inc.d17","female","progesterone",0.128802163650998,"okay"
"characterization","inc.d17","female","cort",5.94842527580549,"okay"
"characterization","inc.d17","female","estradiol",0.159154196431683,"okay"
"characterization","inc.d9","male","cort",0.826477167699476,"okay"
"characterization","inc.d9","male","progesterone",0.111428158724262,"okay"
"characterization","inc.d9","male","testosterone",0.400865931825966,"okay"
"characterization","inc.d9","female","cort",1.92272013670515,"okay"
"characterization","inc.d9","female","estradiol",0.148813621727429,"okay"
"characterization","inc.d9","female","progesterone",0.239890200172563,"okay"
"characterization","hatch","female","cort",2.57555676420332,"okay"
"characterization","hatch","female","estradiol",0.215699354676054,"okay"
"characterization","hatch","female","progesterone",0.116384958654823,"okay"
"characterization","hatch","female","progesterone",1.36184603273901,"okay"
"characterization","hatch","male","cort",5.07721272989643,"okay"
"characterization","inc.d3","male","cort",0.94783591996228,"okay"
"manipulation","m.inc.d3","female","cort",2.60229625890005,"okay"
"manipulation","m.inc.d3","female","estradiol",0.675810428544706,"okay"
"manipulation","m.inc.d3","female","progesterone",0.347943754219085,"okay"
"characterization","inc.d17","female","cort",1.15197029057967,"okay"
"characterization","inc.d17","female","estradiol",0.147318751262047,"okay"
"characterization","inc.d17","female","progesterone",0.137195574782464,"okay"
"characterization","inc.d17","male","cort",1.05573073498928,"okay"
"characterization","inc.d17","male","progesterone",0.196291204719406,"okay"
"characterization","inc.d17","female","progesterone",0.550929203575581,"okay"
"characterization","inc.d17","female","cort",4.47890699561592,"okay"
"characterization","inc.d17","female","estradiol",0.574981050257304,"okay"
"characterization","inc.d17","male","cort",1.2747513104562,"okay"
"characterization","inc.d17","male","progesterone",0.260078573109423,"okay"
"characterization","bldg","female","cort",0.533776334599018,"okay"
"characterization","bldg","female","estradiol",0.183025322953186,"okay"
"characterization","bldg","female","progesterone",0.128428245278235,"okay"
"characterization","bldg","male","cort",1.82817081459131,"okay"
"characterization","bldg","male","progesterone",0.293188079374149,"okay"
"characterization","bldg","female","progesterone",0.10008864453317,"okay"
"characterization","bldg","female","cort",4.78393741241551,"okay"
"characterization","bldg","female","estradiol",0.161187690812819,"okay"
"characterization","bldg","male","cort",1.42698452348898,"okay"
"characterization","bldg","male","progesterone",1.0054381234692,"okay"
"characterization","bldg","male","progesterone",1.38568024252372,"okay"
"characterization","bldg","male","testosterone",0.44571967583928,"okay"
"characterization","bldg","female","cort",0.756394772312484,"okay"
"characterization","bldg","female","estradiol",0.703096087628906,"okay"
"characterization","bldg","female","progesterone",0.187550221467542,"okay"
"characterization","bldg","female","progesterone",0.570267386425534,"okay"
"characterization","bldg","female","progesterone",1.60163236458264,"okay"
"characterization","bldg","male","cort",4.2696294480039,"okay"
"characterization","bldg","male","progesterone",0.110143318340728,"okay"
"characterization","bldg","male","testosterone",0.904483623628454,"okay"
"characterization","lay","male","cort",0.77481543299632,"okay"
"characterization","lay","female","cort",1.66879674240749,"okay"
"characterization","lay","female","estradiol",0.145744027189404,"okay"
"characterization","lay","female","progesterone",0.323179463410611,"okay"
"characterization","inc.d17","male","cort",1.46580865458549,"okay"
"characterization","inc.d17","male","progesterone",0.107755477314724,"okay"
"characterization","inc.d17","male","progesterone",1.27617100750265,"okay"
"characterization","inc.d17","male","testosterone",2.45182655117753,"okay"
"characterization","inc.d17","female","cort",1.74161669609098,"okay"
"characterization","inc.d17","female","estradiol",0.297524183169308,"okay"
"characterization","inc.d17","female","progesterone",0.155180567536416,"okay"
"characterization","inc.d17","female","progesterone",1.13404081617077,"okay"
"characterization","bldg","male","cort",0.866336933343049,"okay"
"characterization","bldg","male","progesterone",0.136918074583106,"okay"
"characterization","bldg","male","testosterone",0.840399202095991,"okay"
"characterization","bldg","female","cort",0.821743848069099,"okay"
"characterization","bldg","female","estradiol",0.262663108606393,"okay"
"characterization","bldg","female","progesterone",0.356444747997087,"okay"
"characterization","hatch","female","cort",1.91935734233837,"okay"
"characterization","hatch","female","estradiol",0.146923309749645,"okay"
"characterization","hatch","female","progesterone",0.555792306107321,"okay"
"characterization","hatch","female","progesterone",1.43537281290554,"okay"
"characterization","hatch","female","progesterone",0.482671020814649,"okay"
"characterization","inc.d9","female","cort",1.00169588382817,"okay"
"characterization","inc.d9","female","estradiol",0.147094285590357,"okay"
"characterization","inc.d9","female","progesterone",0.133716833745599,"okay"
"characterization","inc.d9","male","cort",0.830503989357405,"okay"
"characterization","inc.d9","male","progesterone",0.23066352270396,"okay"
"characterization","inc.d9","male","progesterone",1.01300840551149,"okay"
"characterization","inc.d9","male","testosterone",0.138593063064672,"okay"
"characterization","hatch","male","cort",2.99326323774053,"okay"
"characterization","hatch","male","progesterone",0.123803687350034,"okay"
"characterization","hatch","male","testosterone",0.119680353640428,"okay"
"characterization","n9","female","cort",1.64887247686299,"okay"
"characterization","n9","female","estradiol",0.330415810950447,"okay"
"characterization","n9","female","progesterone",0.175208674232941,"okay"
"characterization","n9","female","progesterone",0.414109718858097,"okay"
"characterization","n9","male","progesterone",1.88820812107956,"okay"
"characterization","n9","male","testosterone",2.36703163806663,"okay"
"characterization","n9","male","cort",2.14886878063914,"okay"
"characterization","n9","male","progesterone",0.0973307992445745,"okay"
"characterization","n5","female","cort",3.83384415121502,"okay"
"characterization","n5","female","estradiol",0.0505936669439398,"okay"
"characterization","n5","female","progesterone",0.433142933163546,"okay"
"characterization","n5","female","progesterone",1.02886568514865,"okay"
"characterization","n5","male","cort",1.97681756250707,"okay"
"characterization","n5","male","progesterone",0.250291922162481,"okay"
"characterization","n5","male","progesterone",0.413224383035965,"okay"
"manipulation","m.inc.d9","female","cort",0.826176244071664,"okay"
"manipulation","m.inc.d9","female","estradiol",0.0378496470577202,"okay"
"manipulation","m.inc.d9","female","progesterone",0.110916731607411,"okay"
"manipulation","m.inc.d9","male","cort",0.941178682652815,"okay"
"manipulation","m.inc.d9","male","progesterone",0.365160410926604,"okay"
"characterization","hatch","female","cort",4.33358177672554,"okay"
"characterization","hatch","female","estradiol",0.994276675590492,"okay"
"characterization","hatch","female","progesterone",0.484563812291576,"okay"
"characterization","hatch","male","cort",1.9524395999203,"okay"
"characterization","hatch","male","progesterone",1.34884535704805,"okay"
"characterization","hatch","male","testosterone",0.422905993208479,"okay"
"characterization","inc.d9","female","cort",5.14450846233021,"okay"
"characterization","inc.d9","female","cort",1.69814112873088,"okay"
"characterization","inc.d9","female","estradiol",0.0572304231264463,"okay"
"characterization","inc.d9","female","progesterone",0.11197850265468,"okay"
"characterization","inc.d9","female","cort",1.67791823157431,"okay"
"characterization","inc.d9","female","cort",1.1158148560517,"okay"
"characterization","inc.d9","female","estradiol",0.217383835410772,"okay"
"characterization","inc.d9","female","progesterone",0.456400735681732,"okay"
"characterization","inc.d9","female","progesterone",1.30702971361946,"okay"
"characterization","inc.d9","male","cort",1.80797194096521,"okay"
"characterization","inc.d9","male","testosterone",2.81055143993119,"okay"
"characterization","inc.d9","male","progesterone",0.677149564847295,"okay"
"characterization","inc.d3","female","cort",1.51130303802061,"okay"
"characterization","inc.d3","female","estradiol",0.147310412760314,"okay"
"characterization","inc.d3","female","progesterone",0.261894321251214,"okay"
"characterization","inc.d3","male","cort",3.16198020786422,"okay"
"characterization","inc.d3","male","progesterone",1.47125662241528,"okay"
"characterization","inc.d3","male","testosterone",0.0798936081318878,"okay"
"characterization","inc.d17","female","cort",1.41168932222923,"okay"
"characterization","inc.d17","female","estradiol",0.144340639957575,"okay"
"characterization","inc.d17","female","progesterone",0.192460049012643,"okay"
"characterization","inc.d17","male","cort",1.85406470720718,"okay"
"characterization","inc.d17","male","progesterone",0.506493395499366,"okay"
"characterization","inc.d17","male","progesterone",1.32783653195234,"okay"
"characterization","inc.d17","male","testosterone",2.16059814289863,"okay"
"characterization","inc.d9","female","estradiol",0.0443770703400838,"okay"
"characterization","inc.d9","female","progesterone",0.205555502604729,"okay"
"characterization","inc.d9","female","cort",2.36691307094232,"okay"
"characterization","inc.d9","female","cort",1.01087827036415,"okay"
"characterization","inc.d9","male","cort",1.71428660631883,"okay"
"characterization","inc.d9","male","progesterone",0.280208206881947,"okay"
"characterization","inc.d9","male","testosterone",0.964377698590011,"okay"
"characterization","inc.d9","male","progesterone",0.199467128005414,"okay"
"characterization","inc.d9","male","progesterone",0.113894661210906,"okay"
"characterization","inc.d9","male","cort",1.04586327487809,"okay"
"characterization","inc.d9","male","progesterone",0.189387202844512,"okay"
"characterization","inc.d9","female","cort",6.76618436101236,"okay"
"characterization","inc.d9","female","cort",2.75638208823737,"okay"
"characterization","inc.d9","female","estradiol",0.145545890737043,"okay"
"characterization","inc.d9","female","progesterone",0.773974075669531,"okay"
"characterization","inc.d9","male","cort",1.9394303566498,"okay"
"characterization","inc.d9","male","cort",0.92407504471906,"okay"
"characterization","inc.d9","male","progesterone",0.28076411441258,"okay"
"manipulation","m.inc.d9","female","cort",0.557704285676197,"okay"
"manipulation","m.inc.d9","female","estradiol",0.131527056484361,"okay"
"manipulation","m.inc.d9","female","progesterone",2.23759298592268,"okay"
"manipulation","m.inc.d9","female","progesterone",1.37783416151319,"okay"
"manipulation","m.inc.d9","male","cort",1.0182990615566,"okay"
"manipulation","m.inc.d9","male","progesterone",0.204648266264888,"okay"
"characterization","n9","female","cort",1.34200932249829,"okay"
"characterization","n9","female","estradiol",1.0696446039571,"okay"
"characterization","n9","female","progesterone",0.155281709906881,"okay"
"characterization","n9","male","cort",1.36316723183788,"okay"
"characterization","n9","male","progesterone",0.985422984360116,"okay"
"characterization","n9","male","progesterone",1.09097946418104,"okay"
"characterization","n9","male","testosterone",4.20966527770948,"okay"
"manipulation","m.inc.d9","female","cort",0.487857793288769,"okay"
"manipulation","m.inc.d9","female","estradiol",0.25820258441639,"okay"
"manipulation","m.inc.d9","female","progesterone",0.428439710160897,"okay"
"manipulation","m.inc.d9","male","cort",0.851764901652397,"okay"
"manipulation","m.inc.d9","male","progesterone",0.169625523024508,"okay"
"manipulation","m.inc.d9","male","progesterone",1.47668296414494,"okay"
"manipulation","m.inc.d9","male","testosterone",6.72983782685822,"okay"
"characterization","n9","female","cort",0.986555589735562,"okay"
"characterization","n9","female","estradiol",0.183660992314858,"okay"
"characterization","n9","female","progesterone",0.205108494092452,"okay"
"characterization","n9","male","cort",0.824835609062584,"okay"
"characterization","n9","male","progesterone",0.581429296823981,"okay"
"characterization","n9","male","progesterone",1.07784559673105,"okay"
"characterization","n9","male","testosterone",0.360142006420036,"okay"
"characterization","inc.d3","male","cort",1.30830787162342,"okay"
"characterization","inc.d3","male","progesterone",0.269527164735979,"okay"
"characterization","inc.d3","female","cort",5.04243184534546,"okay"
"characterization","inc.d3","female","progesterone",0.311538513553318,"okay"
"characterization","inc.d9","male","cort",1.67404673669832,"okay"
"characterization","inc.d9","male","progesterone",0.071864518454725,"okay"
"characterization","inc.d9","male","progesterone",1.01854593342308,"okay"
"characterization","inc.d9","male","testosterone",1.16410689537292,"okay"
"characterization","inc.d9","female","cort",2.80712555305494,"okay"
"characterization","inc.d9","female","cort",0.918064064527241,"okay"
"characterization","inc.d9","female","estradiol",0.15130205896285,"okay"
"characterization","inc.d9","female","progesterone",0.796216293023898,"okay"
"characterization","inc.d9","female","progesterone",0.144875427116217,"okay"
"characterization","n5","female","cort",1.16640463107451,"okay"
"characterization","n5","female","estradiol",0.154736150756051,"okay"
"characterization","n5","female","progesterone",0.631187216874267,"okay"
"characterization","n5","female","progesterone",1.13280136125381,"okay"
"characterization","n5","male","progesterone",0.569232841786397,"okay"
"characterization","n5","male","cort",1.73184671566761,"okay"
"manipulation","m.inc.d9","female","cort",1.52806173539424,"okay"
"manipulation","m.inc.d9","female","estradiol",0.0378985305426861,"okay"
"manipulation","m.inc.d9","female","progesterone",0.476304248981471,"okay"
"manipulation","m.inc.d9","female","cort",0.8906501360091,"okay"
"manipulation","m.inc.d9","female","estradiol",0.118084488166879,"okay"
"manipulation","m.inc.d9","female","progesterone",0.353429908769761,"okay"
"manipulation","m.inc.d9","female","progesterone",1.74514073781025,"okay"
"characterization","n5","female","cort",1.36329478966671,"okay"
"characterization","n5","female","estradiol",0.147480223822805,"okay"
"characterization","n5","male","cort",2.88547772203928,"okay"
"characterization","inc.d3","female","cort",0.762062320880003,"okay"
"characterization","inc.d3","female","estradiol",0.461252770446162,"okay"
"characterization","inc.d3","male","cort",0.974628527928913,"okay"
"characterization","inc.d3","male","progesterone",0.333866954738402,"okay"
"characterization","inc.d3","male","cort",3.22861586763666,"okay"
"characterization","inc.d3","male","progesterone",0.376440068807004,"okay"
"characterization","inc.d3","female","cort",3.36487132963292,"okay"
"characterization","inc.d3","female","estradiol",0.158034052501638,"okay"
"characterization","inc.d3","female","progesterone",0.918606829686618,"okay"
"characterization","n5","female","cort",5.33746236395688,"okay"
"characterization","n5","male","cort",3.36179221908104,"okay"
"characterization","n5","male","progesterone",0.967213937123539,"okay"
"characterization","hatch","male","cort",0.955508340528323,"okay"
"characterization","inc.d3","male","cort",0.816709857946648,"okay"
"characterization","inc.d3","male","progesterone",0.284939861571234,"okay"
"characterization","inc.d3","male","progesterone",1.07168752137793,"okay"
"characterization","inc.d3","male","testosterone",1.01373101296861,"okay"
"characterization","inc.d3","female","cort",1.11233596650998,"okay"
"characterization","inc.d3","female","estradiol",0.14860221120889,"okay"
"characterization","inc.d3","female","progesterone",0.312516695909894,"okay"
"manipulation","m.inc.d17","female","cort",1.80398894243648,"okay"
"manipulation","m.inc.d17","female","progesterone",0.107712152965311,"okay"
"manipulation","m.inc.d17","male","cort",0.989920482424325,"okay"
"manipulation","m.inc.d17","male","progesterone",0.131241922805999,"okay"
"manipulation","m.inc.d17","male","testosterone",0.720569272753608,"okay"
"manipulation","m.inc.d9","female","cort",0.825485653795766,"okay"
"manipulation","m.inc.d9","female","estradiol",0.048126625279278,"okay"
"manipulation","m.inc.d9","female","progesterone",2.30471741057403,"okay"
"manipulation","m.inc.d9","female","progesterone",1.69480533409257,"okay"
"manipulation","m.inc.d9","male","cort",0.881956939843506,"okay"
"manipulation","m.inc.d9","male","progesterone",2.33175779338881,"okay"
"manipulation","m.inc.d9","male","testosterone",0.310071147564102,"okay"
"characterization","bldg","female","estradiol",0.156692959442966,"okay"
"characterization","bldg","female","cort",0.499621078737337,"okay"
"characterization","bldg","female","progesterone",0.152710920100097,"okay"
"characterization","n9","female","cort",0.518463745207687,"okay"
"characterization","n9","female","estradiol",0.439255656948194,"okay"
"characterization","n9","female","progesterone",0.413956833450728,"okay"
"characterization","n9","female","cort",1.19486333806663,"okay"
"characterization","n9","female","progesterone",0.278688146330133,"okay"
"manipulation","m.inc.d9","female","cort",1.114539182791,"okay"
"manipulation","m.inc.d9","female","estradiol",0.129053260037146,"okay"
"manipulation","m.inc.d9","female","progesterone",0.928817692173168,"okay"
"manipulation","m.inc.d9","male","cort",0.941945156419573,"okay"
"manipulation","m.inc.d9","male","progesterone",0.259754614257966,"okay"
"characterization","bldg","male","cort",1.53623677988799,"okay"
"characterization","bldg","male","progesterone",1.1512176683844,"okay"
"characterization","bldg","male","testosterone",1.32851321954606,"okay"
"characterization","bldg","female","cort",1.88411982422314,"okay"
"characterization","bldg","female","estradiol",0.932986991799871,"okay"
"characterization","bldg","female","progesterone",0.55234536370195,"okay"
"manipulation","prolong","female","cort",1.08713722586319,"okay"
"manipulation","prolong","female","estradiol",0.0406471310838899,"okay"
"manipulation","prolong","female","progesterone",0.115275696496072,"okay"
"manipulation","prolong","male","cort",1.98365277541493,"okay"
"manipulation","prolong","male","progesterone",0.241907978836189,"okay"
"manipulation","prolong","male","progesterone",0.699023687934459,"okay"
"manipulation","prolong","female","cort",3.01581880249171,"okay"
"manipulation","prolong","female","estradiol",0.0964791604794556,"okay"
"manipulation","prolong","female","progesterone",0.240894815271814,"okay"
"manipulation","prolong","male","cort",0.938867990084505,"okay"
"manipulation","prolong","male","progesterone",0.270160205077167,"okay"
"characterization","n5","male","cort",7.38537481736141,"okay"
"characterization","n5","male","progesterone",0.511275602422823,"okay"
"characterization","n5","female","cort",3.29687175303228,"okay"
"characterization","n5","female","estradiol",0.22161666765906,"okay"
"manipulation","m.inc.d9","female","cort",1.79457393867631,"okay"
"manipulation","m.inc.d9","female","estradiol",0.166962733694083,"okay"
"manipulation","m.inc.d9","female","progesterone",1.30617626501006,"okay"
"manipulation","m.inc.d9","female","progesterone",1.42208816807755,"okay"
"manipulation","m.inc.d9","male","cort",0.791456899551091,"okay"
"manipulation","m.inc.d9","male","progesterone",0.327587173581516,"okay"
"manipulation","m.inc.d9","male","progesterone",1.97658865604,"okay"
"manipulation","m.inc.d9","male","testosterone",2.76423579560079,"okay"
"manipulation","prolong","female","cort",2.4115610849499,"okay"
"manipulation","prolong","female","estradiol",0.0409309544323675,"okay"
"manipulation","prolong","female","progesterone",0.291736054185104,"okay"
"manipulation","prolong","male","cort",0.655096789427706,"okay"
"manipulation","prolong","male","progesterone",1.46402695095204,"okay"
"characterization","hatch","female","cort",3.42966126212521,"okay"
"characterization","hatch","female","progesterone",1.84411856782566,"okay"
"characterization","hatch","female","progesterone",1.63907835758425,"okay"
"characterization","hatch","male","cort",0.903480987492575,"okay"
"characterization","hatch","male","progesterone",0.172979058087594,"okay"
"characterization","hatch","male","progesterone",0.906645599592669,"okay"
"characterization","hatch","male","testosterone",0.165016515615458,"okay"
"characterization","bldg","female","cort",0.942241576517779,"okay"
"characterization","bldg","female","progesterone",0.191971096688416,"okay"
"characterization","bldg","female","estradiol",0.160335132444962,"okay"
"characterization","bldg","male","cort",1.11546654918941,"okay"
"characterization","bldg","male","progesterone",0.191156499367793,"okay"
"characterization","bldg","male","testosterone",2.71233699056465,"okay"
"manipulation","m.n2","female","cort",4.60254912457553,"okay"
"manipulation","m.n2","female","estradiol",0.172746291550755,"okay"
"manipulation","m.n2","female","progesterone",0.310332079217767,"okay"
"manipulation","m.n2","male","cort",2.95403202178625,"okay"
"manipulation","m.n2","male","progesterone",2.40631005789693,"okay"
"manipulation","m.n2","male","testosterone",5.29249149993707,"okay"
"characterization","bldg","female","cort",0.979206841886066,"okay"
"characterization","bldg","female","progesterone",2.45584566859619,"okay"
"characterization","bldg","female","estradiol",0.835757717732357,"okay"
"characterization","hatch","male","cort",1.12317462926948,"okay"
"characterization","hatch","male","progesterone",0.337418127274953,"okay"
"characterization","hatch","female","cort",1.69328670822243,"okay"
"characterization","hatch","male","cort",0.85864177596624,"okay"
"characterization","hatch","male","progesterone",0.0977224087616403,"okay"
"characterization","hatch","male","progesterone",1.24337020377592,"okay"
"characterization","hatch","male","testosterone",2.12767608518424,"okay"
"characterization","hatch","female","estradiol",0.188040202674366,"okay"
"characterization","hatch","female","progesterone",0.309108124186777,"okay"
"characterization","hatch","female","cort",3.08791966045898,"okay"
"manipulation","m.inc.d9","male","progesterone",1.76024209160805,"okay"
"manipulation","m.inc.d9","male","testosterone",2.27334238841962,"okay"
"manipulation","m.inc.d9","male","cort",3.28127862827297,"okay"
"manipulation","m.inc.d9","female","cort",0.499590883793477,"okay"
"manipulation","m.inc.d9","female","estradiol",0.107689222825381,"okay"
"manipulation","m.inc.d9","female","progesterone",0.32635565815946,"okay"
"manipulation","prolong","female","cort",1.0321464677568,"okay"
"manipulation","prolong","female","estradiol",0.122583763810646,"okay"
"manipulation","prolong","female","progesterone",0.111685995181582,"okay"
"manipulation","prolong","male","cort",1.98872824681385,"okay"
"manipulation","prolong","male","progesterone",0.395224593976153,"okay"
"manipulation","prolong","male","progesterone",1.6166279013997,"okay"
"manipulation","prolong","male","testosterone",0.276750417588674,"okay"
"characterization","bldg","female","cort",0.885793948503881,"okay"
"characterization","bldg","female","progesterone",0.162053149030501,"okay"
"characterization","bldg","female","progesterone",1.8418728326689,"okay"
"characterization","bldg","female","estradiol",0.0712430846077496,"okay"
"characterization","bldg","male","cort",1.40422299033151,"okay"
"characterization","n5","female","cort",3.57442191162184,"okay"
"characterization","n5","female","estradiol",0.158072606680863,"okay"
"characterization","n5","female","progesterone",1.11917787412101,"okay"
"characterization","n5","female","progesterone",1.99122801048852,"okay"
"characterization","n5","male","progesterone",0.100295570874492,"okay"
"characterization","n5","male","cort",1.34395597909155,"okay"
"characterization","n5","male","testosterone",0.120503104754616,"okay"
"characterization","n5","male","cort",1.3023743151812,"okay"
"characterization","n5","male","progesterone",0.790610665821227,"okay"
"characterization","n5","female","cort",0.828662555716607,"okay"
"characterization","n5","female","estradiol",0.48232719252816,"okay"
"characterization","n5","female","progesterone",0.516814665377536,"okay"
"characterization","n5","female","progesterone",1.4723038185095,"okay"
"characterization","bldg","female","cort",0.485389920172438,"okay"
"characterization","bldg","female","progesterone",0.230254369515072,"okay"
"characterization","bldg","female","estradiol",0.041515661376511,"okay"
"characterization","bldg","male","cort",1.23374386086877,"okay"
"characterization","bldg","male","progesterone",0.287889154495179,"okay"
"characterization","n5","female","cort",4.03042215343659,"okay"
"characterization","n5","female","estradiol",0.356315748264219,"okay"
"characterization","n5","female","progesterone",0.99387719729352,"okay"
"characterization","n5","male","cort",3.51437327038092,"okay"
"characterization","n5","male","progesterone",0.4872192180575,"okay"
"characterization","n5","male","testosterone",0.297239407810588,"okay"
"manipulation","m.inc.d3","male","cort",1.28138899384774,"okay"
"manipulation","m.inc.d3","male","progesterone",0.211691994913531,"okay"
"manipulation","m.inc.d3","female","progesterone",0.943160380314978,"okay"
"manipulation","m.inc.d3","female","cort",4.31935245178515,"okay"
"manipulation","m.inc.d3","female","estradiol",0.0404546755509103,"okay"
"manipulation","m.n2","male","cort",1.36555130848489,"okay"
"manipulation","m.n2","male","progesterone",4.19689436363105,"okay"
"manipulation","m.n2","male","progesterone",1.40257914912639,"okay"
"manipulation","m.n2","male","testosterone",0.87176923720656,"okay"
"manipulation","m.n2","female","cort",0.94309429337915,"okay"
"manipulation","m.n2","female","estradiol",0.0883333442878783,"okay"
"manipulation","m.n2","female","progesterone",0.382505697444878,"okay"
"manipulation","m.inc.d8","male","progesterone",0.352061363867609,"okay"
"manipulation","m.inc.d8","male","testosterone",1.40497064773982,"okay"
"manipulation","m.inc.d8","male","cort",2.0275209264609,"okay"
"manipulation","m.inc.d8","female","cort",1.21584992733781,"okay"
"manipulation","m.inc.d8","female","progesterone",0.394555946186606,"okay"
"manipulation","m.inc.d3","female","progesterone",0.220284495523839,"okay"
"manipulation","m.inc.d3","female","estradiol",0.508125107545197,"okay"
"manipulation","m.inc.d3","female","cort",2.20613866258958,"okay"
"manipulation","m.inc.d3","male","progesterone",0.0897139990669323,"okay"
"manipulation","m.inc.d3","male","cort",4.63829508123388,"okay"
"characterization","n5","female","cort",2.81253657212658,"okay"
"characterization","n5","female","estradiol",0.163314291366902,"okay"
"characterization","n5","female","progesterone",0.122295264100492,"okay"
"characterization","n5","female","progesterone",1.39445393748386,"okay"
"characterization","n5","male","cort",7.23417039412954,"okay"
"manipulation","m.inc.d3","female","cort",3.79990150187327,"okay"
"manipulation","m.inc.d3","female","estradiol",0.132062295126917,"okay"
"manipulation","m.inc.d3","female","progesterone",1.13026969928197,"okay"
"manipulation","m.inc.d3","male","cort",1.08637203351475,"okay"
"manipulation","m.inc.d3","male","progesterone",0.261214389117853,"okay"
"characterization","n9","female","cort",0.963176960098999,"okay"
"characterization","n9","female","estradiol",0.168726509985389,"okay"
"characterization","n9","female","progesterone",0.251568225324532,"okay"
"characterization","n9","male","cort",4.58109971323024,"okay"
"characterization","hatch","female","cort",3.24633618297687,"okay"
"characterization","hatch","female","estradiol",0.322931077595149,"okay"
"characterization","hatch","female","progesterone",0.261359484075517,"okay"
"characterization","hatch","male","cort",1.54246303475763,"okay"
"characterization","hatch","male","progesterone",0.119223651485952,"okay"
"characterization","hatch","male","testosterone",2.44563640051636,"okay"
"characterization","n9","female","cort",2.25852327250825,"okay"
"characterization","n9","female","estradiol",0.314926722731165,"okay"
"characterization","n9","female","progesterone",1.5335690510729,"okay"
"characterization","n9","female","progesterone",1.76041990056585,"okay"
"characterization","n9","male","cort",0.993417748128327,"okay"
"characterization","n9","male","progesterone",0.229015279640311,"okay"
"characterization","n9","male","progesterone",1.59352355897228,"okay"
"characterization","n9","male","testosterone",0.345452414720057,"okay"
"characterization","n5","female","cort",3.05002155582648,"okay"
"characterization","n5","female","estradiol",0.362882381483895,"okay"
"characterization","n5","female","progesterone",0.716478498292989,"okay"
"characterization","n5","male","cort",1.74371167207667,"okay"
"characterization","n5","male","progesterone",0.297339217846921,"okay"
"characterization","n9","female","estradiol",1.11563953673152,"okay"
"characterization","n9","male","cort",1.30553926308056,"okay"
"characterization","n9","female","cort",2.63290844858737,"okay"
"characterization","n9","female","estradiol",0.322960209197693,"okay"
"characterization","n9","female","progesterone",1.87078043514722,"okay"
"characterization","n9","female","progesterone",0.382546910773697,"okay"
"manipulation","m.inc.d3","female","cort",0.645488964684768,"okay"
"manipulation","m.inc.d3","female","estradiol",0.0399120974896313,"okay"
"manipulation","m.inc.d3","female","progesterone",0.333345328101367,"okay"
"manipulation","m.inc.d3","male","cort",0.865585754786261,"okay"
"manipulation","m.inc.d3","male","progesterone",0.452998229414917,"okay"
"manipulation","m.inc.d3","female","estradiol",0.0416658851632384,"okay"
"manipulation","m.inc.d3","female","cort",1.11027830359844,"okay"
"manipulation","m.inc.d3","male","cort",3.59794503382898,"okay"
"characterization","lay","male","cort",3.81187465009187,"okay"
"characterization","lay","male","progesterone",0.577941434402726,"okay"
"characterization","lay","female","cort",1.91401396009517,"okay"
"characterization","lay","female","estradiol",0.268995776895304,"okay"
"characterization","lay","female","progesterone",0.466162317157059,"okay"
"manipulation","prolong","male","cort",7.34280836602451,"okay"
"manipulation","prolong","male","progesterone",0.265482860847473,"okay"
"manipulation","prolong","female","cort",1.04226937832118,"okay"
"manipulation","prolong","female","estradiol",0.0358256516822743,"okay"
"manipulation","prolong","female","progesterone",0.144404761304326,"okay"
"manipulation","m.inc.d8","female","progesterone",0.217198630239825,"okay"
"manipulation","m.inc.d8","female","progesterone",0.298122222583404,"okay"
"manipulation","m.inc.d8","female","cort",1.38749086919405,"okay"
"manipulation","m.inc.d8","female","estradiol",0.0414231659379989,"okay"
"manipulation","m.inc.d8","male","cort",2.24232156396347,"okay"
"manipulation","extend","male","cort",1.44945527349691,"okay"
"manipulation","extend","female","cort",1.17736495269056,"okay"
"manipulation","extend","female","estradiol",0.126688582259792,"okay"
"manipulation","extend","female","progesterone",0.165126197934363,"okay"
"manipulation","prolong","female","cort",1.26741079070749,"okay"
"manipulation","prolong","female","estradiol",0.0754661500368988,"okay"
"manipulation","prolong","male","cort",3.02429332691265,"okay"
"manipulation","prolong","male","progesterone",0.103706041910787,"okay"
"manipulation","prolong","male","testosterone",0.375019978014336,"okay"
"manipulation","m.inc.d17","female","progesterone",0.502330107083132,"okay"
"manipulation","m.inc.d17","female","cort",3.33911965655735,"okay"
"manipulation","m.inc.d17","female","estradiol",0.14136256893799,"okay"
"manipulation","m.inc.d17","male","cort",1.54246864992473,"okay"
"manipulation","m.inc.d3","male","cort",2.42068734285308,"okay"
"manipulation","m.inc.d3","female","progesterone",0.512125873657188,"okay"
"manipulation","m.inc.d3","female","cort",0.74455639769473,"okay"
"manipulation","m.inc.d3","female","estradiol",0.0406592087293668,"okay"
"manipulation","m.inc.d17","male","progesterone",0.277202818831043,"okay"
"manipulation","m.inc.d17","female","cort",0.795751965703172,"okay"
"manipulation","m.inc.d17","female","estradiol",0.150320821621834,"okay"
"manipulation","m.inc.d17","female","progesterone",0.664458429330617,"okay"
"manipulation","m.inc.d3","male","progesterone",1.26576382388294,"okay"
"manipulation","m.inc.d3","male","cort",13.2726019014462,"okay"
"manipulation","m.inc.d3","female","progesterone",1.12648004967324,"okay"
"manipulation","m.inc.d3","female","cort",4.19867302966388,"okay"
"manipulation","m.inc.d3","female","estradiol",0.0936936779681232,"okay"
"manipulation","m.inc.d8","female","progesterone",0.262380156278177,"okay"
"manipulation","m.inc.d8","female","cort",1.71038379818496,"okay"
"manipulation","m.inc.d8","female","estradiol",0.0382454638795242,"okay"
"manipulation","m.inc.d8","male","cort",1.63012005063753,"okay"
"manipulation","m.inc.d8","male","cort",4.48946240497328,"okay"
"manipulation","m.inc.d8","male","cort",1.96434080440264,"okay"
"manipulation","m.n2","female","cort",0.917066658742272,"okay"
"manipulation","m.n2","female","estradiol",0.236276454318093,"okay"
"manipulation","m.n2","female","progesterone",0.178221678633527,"okay"
"manipulation","m.n2","female","progesterone",1.57738372167712,"okay"
"manipulation","m.n2","male","progesterone",0.176496199601324,"okay"
"manipulation","m.n2","male","cort",2.36282810266091,"okay"
"manipulation","m.inc.d8","male","progesterone",0.15181533573175,"okay"
"manipulation","m.inc.d8","male","progesterone",1.20461814908125,"okay"
"manipulation","m.inc.d8","male","testosterone",0.892067989922539,"okay"
"manipulation","m.inc.d8","male","cort",4.2873434447881,"okay"
"manipulation","m.inc.d8","female","cort",1.72924780547793,"okay"
"manipulation","m.inc.d8","female","estradiol",0.0517661901394794,"okay"
"manipulation","m.inc.d8","female","progesterone",0.11096985277918,"okay"
"manipulation","m.inc.d8","female","progesterone",1.30265328730381,"okay"
"manipulation","m.inc.d8","male","progesterone",3.6903271525392,"okay"
"manipulation","m.inc.d8","male","progesterone",1.56184574648104,"okay"
"manipulation","m.inc.d8","male","testosterone",0.589760645324997,"okay"
"manipulation","m.inc.d8","male","cort",0.98132516918748,"okay"
"characterization","lay","male","cort",1.10142271196666,"okay"
"characterization","lay","male","progesterone",0.145963362002475,"okay"
"characterization","lay","male","progesterone",1.49543002038505,"okay"
"characterization","lay","male","testosterone",1.44533476697831,"okay"
"characterization","lay","female","progesterone",2.6493341292763,"okay"
"characterization","lay","female","estradiol",1.02140612210096,"okay"
"characterization","lay","female","cort",0.58400473965764,"okay"
"characterization","lay","female","progesterone",2.04703423797608,"okay"
"manipulation","prolong","female","cort",1.65503528974433,"okay"
"manipulation","prolong","female","progesterone",2.22011322889558,"okay"
"manipulation","prolong","female","progesterone",0.290505185603114,"okay"
"manipulation","prolong","female","cort",2.70670062868138,"okay"
"manipulation","prolong","female","estradiol",0.0797128752218901,"okay"
"manipulation","prolong","female","progesterone",0.661713004735367,"okay"
"manipulation","prolong","male","cort",1.85777627830293,"okay"
"manipulation","prolong","male","progesterone",0.364390132503673,"okay"
"manipulation","m.n2","female","cort",1.00996633392466,"okay"
"manipulation","m.n2","female","estradiol",0.0333870975358882,"okay"
"manipulation","m.n2","female","progesterone",0.161629091045157,"okay"
"manipulation","m.n2","male","cort",0.893872797059342,"okay"
"manipulation","m.inc.d17","female","cort",0.851942624229895,"okay"
"manipulation","m.inc.d17","female","estradiol",0.135856306241554,"okay"
"manipulation","m.inc.d17","female","progesterone",0.177356533106834,"okay"
"manipulation","m.inc.d17","female","progesterone",0.262430374989695,"okay"
"manipulation","m.inc.d17","male","cort",2.20050935857124,"okay"
"manipulation","m.inc.d17","male","progesterone",0.201654789271155,"okay"
"manipulation","m.inc.d17","male","progesterone",1.81797213322152,"okay"
"manipulation","m.inc.d17","male","testosterone",4.84778163592408,"okay"
"manipulation","m.n2","male","cort",0.856477470111584,"okay"
"manipulation","m.n2","male","progesterone",0.332851756194777,"okay"
"manipulation","m.n2","male","progesterone",1.76450392998594,"okay"
"manipulation","m.n2","male","testosterone",5.214272666674,"okay"
"manipulation","m.n2","female","estradiol",0.109632339536835,"okay"
"manipulation","m.n2","female","cort",1.06745235193373,"okay"
"manipulation","extend","female","cort",2.53935784141722,"okay"
"manipulation","extend","female","estradiol",0.0536409838947492,"okay"
"manipulation","extend","female","progesterone",0.271636600540503,"okay"
"manipulation","extend","male","cort",2.74038541916343,"okay"
"manipulation","extend","female","progesterone",0.137517940777836,"okay"
"manipulation","extend","female","estradiol",0.134394921052835,"okay"
"manipulation","extend","female","cort",2.32890255672507,"okay"
"manipulation","extend","male","cort",1.94730567805384,"okay"
"manipulation","extend","male","progesterone",1.50271770120045,"okay"
"manipulation","extend","male","testosterone",0.955291673700401,"okay"
"manipulation","m.n2","female","cort",1.13233435250946,"okay"
"manipulation","m.n2","female","estradiol",0.195454672418612,"okay"
"manipulation","m.n2","female","progesterone",0.164277763466361,"okay"
"manipulation","m.n2","male","cort",2.76468434752435,"okay"
"manipulation","prolong","female","progesterone",1.69402433987359,"okay"
"manipulation","prolong","female","progesterone",2.04620876830692,"okay"
"manipulation","prolong","female","cort",7.32853845540494,"okay"
"manipulation","prolong","female","estradiol",0.0606274175772558,"okay"
"manipulation","m.inc.d8","female","cort",2.39103889281099,"okay"
"manipulation","m.inc.d8","female","estradiol",0.036593810014025,"okay"
"manipulation","m.inc.d8","female","progesterone",0.108678862225057,"okay"
"manipulation","m.inc.d8","female","progesterone",0.381683927576916,"okay"
"manipulation","m.inc.d8","male","cort",2.5799858011403,"okay"
"manipulation","m.inc.d8","male","progesterone",3.98338863960802,"okay"
"manipulation","m.inc.d8","male","progesterone",1.33457821631907,"okay"
"manipulation","m.inc.d8","male","testosterone",0.704300862120086,"okay"
"manipulation","prolong","female","progesterone",0.192520233989012,"okay"
"manipulation","prolong","female","progesterone",0.295942291976987,"okay"
"manipulation","prolong","female","cort",0.942470854157769,"okay"
"manipulation","prolong","female","estradiol",0.0554509536705073,"okay"
"manipulation","prolong","male","cort",1.74812213183452,"okay"
"manipulation","prolong","male","progesterone",1.9725661725325,"okay"
"manipulation","prolong","male","testosterone",1.09637827087349,"okay"
"manipulation","m.inc.d17","female","progesterone",0.101502795071719,"okay"
"manipulation","m.inc.d17","female","cort",0.973092816075118,"okay"
"manipulation","m.inc.d17","female","estradiol",0.173190570192611,"okay"
"characterization","lay","male","cort",1.27181264026323,"okay"
"characterization","lay","male","cort",4.66766407990489,"okay"
"characterization","lay","female","progesterone",2.0703222968429,"okay"
"characterization","lay","female","estradiol",0.156667282984774,"okay"
"characterization","lay","female","cort",0.927547609461734,"okay"
"manipulation","m.inc.d17","male","progesterone",1.26393455777227,"okay"
"manipulation","m.inc.d17","male","testosterone",0.675324757531293,"okay"
"manipulation","m.inc.d17","male","progesterone",0.7675652894983,"okay"
"manipulation","m.inc.d17","female","progesterone",0.109957204766729,"okay"
"manipulation","m.inc.d17","female","cort",1.19865735660257,"okay"
"manipulation","m.inc.d17","female","estradiol",0.103882210755305,"okay"
"manipulation","m.inc.d17","female","progesterone",1.0689407491574,"okay"
"manipulation","m.inc.d17","female","estradiol",0.123104774475412,"okay"
"manipulation","m.inc.d17","female","progesterone",1.30467838822201,"okay"
"manipulation","m.inc.d17","female","cort",2.17306067752891,"okay"
"manipulation","m.inc.d17","male","progesterone",0.105219092787593,"okay"
"manipulation","m.inc.d17","male","progesterone",1.4414433968801,"okay"
"manipulation","m.inc.d17","male","testosterone",0.941673378394117,"okay"
"manipulation","m.inc.d17","male","cort",0.903821497448882,"okay"
"manipulation","extend","female","cort",1.55337635007708,"okay"
"manipulation","extend","female","estradiol",0.0426350650409165,"okay"
"manipulation","extend","female","progesterone",0.181411480888187,"okay"
"manipulation","extend","male","cort",0.712745657283362,"okay"
"manipulation","extend","male","progesterone",0.301212374111154,"okay"
"manipulation","extend","male","progesterone",1.00993420597989,"okay"
"manipulation","extend","male","testosterone",0.256809740834633,"okay"
"manipulation","m.inc.d8","female","cort",1.80510345066151,"okay"
"manipulation","m.inc.d8","female","estradiol",0.0965593205260024,"okay"
"manipulation","m.inc.d8","female","progesterone",1.70512692568496,"okay"
"manipulation","m.inc.d8","male","cort",1.08750179693146,"okay"
"manipulation","m.inc.d8","male","progesterone",0.619813478600134,"okay"
"manipulation","m.inc.d3","male","cort",2.15568566956193,"okay"
"manipulation","m.inc.d3","male","progesterone",0.116392764336294,"okay"
"manipulation","m.inc.d3","male","testosterone",1.1757640897408,"okay"
"manipulation","m.inc.d3","female","cort",1.57029680261649,"okay"
"manipulation","m.inc.d3","female","estradiol",0.0349771059230739,"okay"
"manipulation","m.inc.d3","female","progesterone",0.251117684675223,"okay"
"manipulation","m.inc.d17","female","progesterone",0.764881786713533,"okay"
"manipulation","m.inc.d17","female","progesterone",1.94814773161801,"okay"
"manipulation","m.inc.d17","female","estradiol",0.110045873458629,"okay"
"manipulation","m.inc.d17","female","cort",0.928271818309091,"okay"
"manipulation","m.inc.d17","male","progesterone",0.217399835789815,"okay"
"manipulation","m.inc.d17","male","cort",0.822460787254325,"okay"
"manipulation","m.inc.d17","female","cort",0.936050453414636,"okay"
"manipulation","m.inc.d17","male","cort",4.61221246624777,"okay"
"manipulation","m.inc.d17","male","progesterone",0.507183536750697,"okay"
"manipulation","m.inc.d17","male","progesterone",0.245116423184331,"okay"
"manipulation","m.inc.d17","female","cort",1.69713434377534,"okay"
"manipulation","m.inc.d17","female","estradiol",0.181809290068748,"okay"
"manipulation","m.inc.d17","female","progesterone",0.295546025115209,"okay"
"manipulation","m.inc.d17","male","cort",0.841505648970443,"okay"
"manipulation","m.inc.d3","female","progesterone",0.656201510771171,"okay"
"manipulation","m.inc.d3","female","cort",2.94432750003369,"okay"
"manipulation","m.inc.d3","female","estradiol",0.0330574534734566,"okay"
"manipulation","m.inc.d8","female","progesterone",0.321546259600077,"okay"
"manipulation","m.inc.d8","female","cort",1.32914620168897,"okay"
"manipulation","m.inc.d8","female","estradiol",0.0362149282013305,"okay"
"manipulation","m.inc.d8","male","progesterone",0.332392857511753,"okay"
"manipulation","m.inc.d8","male","cort",3.26088423092587,"okay"
"manipulation","m.inc.d17","female","cort",0.504881737327027,"okay"
"manipulation","m.inc.d17","female","estradiol",0.167776059647933,"okay"
"manipulation","m.inc.d17","male","cort",1.86778294930228,"okay"
"manipulation","m.inc.d17","male","progesterone",0.370738469138448,"okay"
"manipulation","m.inc.d17","male","progesterone",1.777407772702,"okay"
"manipulation","m.inc.d17","male","testosterone",7.94955087822476,"okay"
"manipulation","m.inc.d3","female","estradiol",0.0801704217194885,"okay"
"manipulation","m.inc.d3","female","cort",1.77779571420573,"okay"
"manipulation","m.inc.d3","male","cort",3.26091148654017,"okay"
"manipulation","m.n2","female","cort",1.24725843848159,"okay"
"manipulation","m.n2","female","estradiol",0.036333885810922,"okay"
"manipulation","m.n2","male","cort",0.597910642536048,"okay"
"manipulation","m.inc.d8","female","progesterone",0.767396134821152,"okay"
"manipulation","m.inc.d8","female","estradiol",0.0798876873296708,"okay"
"manipulation","m.inc.d8","female","cort",2.9617566046833,"okay"
"manipulation","m.inc.d8","male","cort",3.28335138022917,"okay"
"manipulation","extend","female","progesterone",0.384032290459602,"okay"
"manipulation","extend","female","estradiol",0.0441763143387646,"okay"
"manipulation","extend","female","cort",3.21130113881215,"okay"
"manipulation","extend","male","progesterone",0.236616076403271,"okay"
"manipulation","extend","male","cort",3.99766818480821,"okay"
"manipulation","extend","female","progesterone",1.97287890855204,"okay"
"manipulation","extend","female","progesterone",1.37659708667139,"okay"
"manipulation","extend","female","cort",2.19434152019547,"okay"
"manipulation","extend","female","estradiol",0.0696474021084114,"okay"
"characterization","lay","female","cort",0.715565090246826,"okay"
"characterization","lay","female","progesterone",1.20752617371956,"okay"
"characterization","lay","female","estradiol",0.164316776860251,"okay"
"characterization","lay","female","cort",3.06485470764514,"okay"
"characterization","lay","male","cort",1.55986334066048,"okay"
"manipulation","m.n2","female","progesterone",0.227177666597636,"okay"
"manipulation","m.n2","female","estradiol",0.241303460454392,"okay"
"manipulation","m.n2","female","progesterone",0.992585730025896,"okay"
"manipulation","m.n2","male","cort",1.10302214648864,"okay"
"manipulation","m.n2","male","progesterone",1.92025541602221,"okay"
"manipulation","m.n2","male","progesterone",1.73333327917348,"okay"
"manipulation","m.n2","male","testosterone",6.72626591568728,"okay"
"characterization","lay","female","cort",0.548527175070104,"okay"
"characterization","lay","female","progesterone",0.461853322152675,"okay"
"characterization","lay","female","estradiol",0.356682074511373,"okay"
"characterization","lay","male","progesterone",0.303414540165184,"okay"
"characterization","lay","male","cort",1.46894507082355,"okay"
"characterization","lay","female","progesterone",0.692780415708532,"okay"
"characterization","lay","female","cort",1.31463039946205,"okay"
"characterization","lay","female","estradiol",0.156780527012262,"okay"
"characterization","lay","male","cort",1.80311398254909,"okay"
"characterization","lay","male","progesterone",0.259578469048039,"okay"
"characterization","lay","male","progesterone",0.243088036682289,"okay"
"characterization","lay","male","cort",3.05652860419087,"okay"
"characterization","lay","female","cort",2.5140941715307,"okay"
"characterization","lay","female","estradiol",0.190706129167406,"okay"
"manipulation","m.inc.d8","male","cort",1.1077074462474,"okay"
"manipulation","m.inc.d8","male","progesterone",0.276263688025052,"okay"
"manipulation","m.inc.d8","male","testosterone",0.659932016566667,"okay"
"manipulation","m.n2","female","progesterone",0.138326542991669,"okay"
"manipulation","m.n2","female","progesterone",0.209153263082149,"okay"
"manipulation","m.n2","female","cort",1.19358162780307,"okay"
"manipulation","m.n2","female","estradiol",0.165698199221073,"okay"
"manipulation","m.n2","male","progesterone",1.08726455882153,"okay"
"manipulation","m.n2","male","cort",5.24497359035977,"okay"
"characterization","lay","female","cort",0.864623526048986,"okay"
"characterization","lay","female","progesterone",0.505577008777734,"okay"
"characterization","lay","female","estradiol",0.256463499230276,"okay"
"characterization","lay","male","cort",1.77975671698844,"okay"
"characterization","lay","male","progesterone",0.782284399343341,"okay"
"manipulation","m.n2","female","cort",1.76634327244208,"okay"
"manipulation","m.n2","female","estradiol",0.165734459217595,"okay"
"manipulation","m.n2","female","progesterone",0.0955544973236092,"okay"
"manipulation","m.n2","male","progesterone",0.399839961623184,"okay"
"manipulation","m.n2","male","testosterone",3.42507620311135,"okay"
"manipulation","m.n2","male","cort",4.2806981768449,"okay"
"manipulation","extend","female","progesterone",0.213670368516674,"okay"
"manipulation","extend","female","estradiol",0.0419117822636016,"okay"
"manipulation","extend","female","cort",4.92803697947964,"okay"
"manipulation","extend","male","progesterone",0.10276547453318,"okay"
"manipulation","extend","male","testosterone",0.910526313674406,"okay"
"manipulation","extend","male","cort",4.21707379986872,"okay"
"characterization","lay","male","progesterone",0.90167504977519,"okay"
"characterization","lay","male","cort",6.21456014707514,"okay"
"characterization","lay","female","cort",1.98146609266898,"okay"
"characterization","lay","female","estradiol",0.237869208104488,"okay"
"manipulation","extend","female","cort",9.68349851944138,"okay"
"manipulation","extend","female","estradiol",0.0378676471430897,"okay"
"manipulation","extend","female","progesterone",0.1670823406164,"okay"
"manipulation","extend","female","progesterone",1.00833348017558,"okay"
"manipulation","extend","male","progesterone",0.122824596274881,"okay"
"manipulation","extend","male","cort",1.54715191154376,"okay"
"manipulation","extend","male","testosterone",0.941012666000755,"okay"
"manipulation","extend","female","cort",3.79434591700972,"okay"
"manipulation","extend","female","estradiol",0.0604556808268036,"okay"
"manipulation","extend","female","progesterone",0.102635167550798,"okay"
"manipulation","extend","male","progesterone",0.566351151484037,"okay"
"manipulation","extend","male","progesterone",1.01572559765176,"okay"
"manipulation","extend","male","testosterone",0.468872149374106,"okay"
"manipulation","extend","male","cort",5.01202694339979,"okay"
"manipulation","extend","female","cort",4.16612300099823,"okay"
"manipulation","extend","female","estradiol",0.0375054613816237,"okay"
"manipulation","extend","male","cort",2.43922615485375,"okay"
"manipulation","extend","male","progesterone",0.476424094333638,"okay"
"manipulation","extend","male","progesterone",1.38886775596909,"okay"
"manipulation","extend","male","testosterone",0.697413029239256,"okay"
"manipulation","m.inc.d9","female","progesterone",0.143989868080731,"okay"
"manipulation","m.inc.d9","female","cort",0.90454129682426,"okay"
"manipulation","m.inc.d9","female","estradiol",0.0711989211479371,"okay"
"manipulation","m.inc.d9","male","cort",1.05211778487835,"okay"
"characterization","n9","female","cort",1.32206718190917,"okay"
"characterization","n9","female","progesterone",0.130664900449686,"okay"
"characterization","n9","female","estradiol",0.430776758161348,"okay"
"characterization","n9","male","cort",1.87381042687284,"okay"
"characterization","n9","male","progesterone",0.117080162607733,"okay"
"manipulation","extend","male","progesterone",0.255786075461871,"okay"
"manipulation","extend","male","testosterone",0.555151612495573,"okay"
"manipulation","extend","male","cort",2.59907383023501,"okay"
